DdSoQsEKXkk,0.554
5xpa-I7C9AQ,0.553
VhZUFFH0RVM,0.532
vzDHKvovkMo,0.523
65p7wk-hgEQ,0.519
L930_9vf2pI,0.519
FmT3TIMKYD8,0.519
a7NyesTcjyk,0.519
9Rscu_RfOAg,0.515
4sW14rYEutE,0.515
WJhk7GFZYoA,0.514
WyyY5LL-yro,0.513
_nAa2QsCzRs,0.513
iayoRCtQMtk,0.512
f2JRzxODc0s,0.512
FPQH8i5atY8,0.511
9dea9PQGUh8,0.509
y21XA5fLQgY,0.509
NcaK4YR5CyE,0.509
hVIei0i3njc,0.508
hM4t2HRd7lY,0.508
QGURNgLlUa4,0.507
n0NLUBe1JCo,0.507
TXgMOaY6YjE,0.506
YlIFxN_k_D4,0.506
YjHVnlOEFc8,0.505
n0pNY3NzWK4,0.504
7AD1kIODE40,0.504
FPjWhDJz-qs,0.504
6OOKNdwyuKA,0.502
uTJLZf61OCE,0.501
ZnJ0EMsG54w,0.499
JfICSAWxVeo,0.499
ffM6jeQE43Y,0.499
kSUEaDMTK14,0.497
HGHxctDhQUs,0.497
TnySTFe6dqw,0.496
k4onnrKfAQM,0.496
luZExP2z534,0.495
X7QPZEsdnrU,0.495
qPbSlpnjOWw,0.495
RWIQZ0m75To,0.495
2F8BTsJ7z4A,0.495
9XUZDqm46bk,0.495
4xeiO7Pcqow,0.495
jxf6Fpj6_Ms,0.495
E4x2exDkj7Q,0.494
zX8pxCRi_yM,0.494
GFZ2SEhD5DY,0.493
rukj-yinrUs,0.493
uLXEiMIiF5E,0.493
tIsmE208k2g,0.490
Cuj0rdVBILs,0.490
v4dflfhSZ0g,0.489
ACd5y9kC6Pg,0.489
r7rzHMKc8h8,0.488
sTzR3mqjdcg,0.488
86v5NF4GUjY,0.488
XijbRALhDX8,0.488
8Tj5vEMAENw,0.487
Ti2CAhA_Dl0,0.487
k9QSNiRaRqA,0.487
TtBdFrXdyGg,0.486
mL3p9BbBlnU,0.485
_oXB9Iw8ohs,0.484
ZifWkWSIe9s,0.483
TRhBL55SYJc,0.483
xebsMAs1C4I,0.483
B9wmYHNspx4,0.483
FNPuxd0q1Tc,0.483
IFxyk5KHRyI,0.482
rgWmoNlp97g,0.482
ysLdy90Kx2s,0.482
AyXh16Sviqc,0.482
Andtkeo4eEc,0.482
WctW8p5UHOU,0.482
oDAcTEESEXE,0.482
pGRvWEn-D9I,0.482
z-CGYK5cDYc,0.482
59kXUM_wTIQ,0.481
I7fOLljz2VQ,0.481
XK68LwaHI4w,0.480
6PCOU-SLslU,0.480
_salRWds5eI,0.480
ajiAy8I4SmA,0.479
RW0mKpX1N7c,0.478
e2wHJesxL9g,0.478
uL4HBiOcytA,0.478
Q08rYZ_MebU,0.478
H9JhkrkNs64,0.478
DgmKg7KMBn8,0.477
Jt0P0e07ZuY,0.477
0JXF1YIuMFo,0.477
G_L7tJpFAd8,0.476
T4TmVemzRII,0.476
MxZCyC9DNVY,0.476
3d7iOgFbQK0,0.476
uXorYzRJnCU,0.476
H2riSWvKz4Q,0.475
ny8KDMNdnFo,0.475
uG9V5K7aFpg,0.475
ZIvr9Ex59ug,0.474
sm_k7oGTm4o,0.474
TRJ55b2tIuk,0.473
FyzQisRWA6w,0.472
kok_aRshJc0,0.472
vBr_EIkH9R8,0.472
2xszXkl5fYw,0.471
laE3qV8pfwA,0.471
JT5cpAWkD2g,0.471
Tv4BrJ5j1Ik,0.471
vt-Ox1ihPnk,0.471
xkpZMTU0CyY,0.470
8UmF-IR8Xzk,0.470
SSIuuZHN3Qw,0.470
atcefsVO-BY,0.470
0f0NLRpbH5k,0.470
avXJW-_xYJs,0.469
yovJ2a1xaPs,0.469
vvdNw3nM5Ho,0.467
k22vxdoYnwQ,0.467
4uLMGjcCqrA,0.467
cDYcCU23JDI,0.467
GDOE5cScXkc,0.466
cYfSxafXx9I,0.466
iDVxyKQg2XI,0.466
kcfTQR0as28,0.465
20fyDpMpt_w,0.465
5Zc3uYzQYKM,0.465
ppgt6urL9xg,0.465
3tNoGjTxHuw,0.465
jCFMXGOT2rc,0.464
bUgVhFpjmLA,0.463
dgeN8sqYJAA,0.463
c7mFA30yCAM,0.463
QagDKkRZKKI,0.462
ChAhBD9LrsU,0.462
sPTIQX7iP-Q,0.462
bdWMbiJnzJA,0.462
z5xK12ZxW0E,0.462
qEOqOi-6yo8,0.462
-7h4LMH0D1k,0.461
LpO2x5GJnf4,0.461
XeGqdwz45ak,0.461
O1PF03yLt5I,0.461
P3fvVNUPEng,0.460
z5CfBxdgzZA,0.460
zN3q_wJIINU,0.460
-Nne87egoIo,0.459
wUF1O43Pe_Q,0.458
9eiVNjDlUAg,0.458
HQEyp92fwNk,0.458
Yh3zWfbPido,0.457
HAlZ7rI-yxE,0.457
CPiC4CN7-ts,0.457
n69pMpXVBMI,0.457
2sywFP6JCzM,0.457
iaMKymGeHyU,0.457
Gg_vwM-l_Qo,0.456
ir4nErTi9mI,0.455
Vb-ZDFjv40U,0.455
q88thPmBrzk,0.455
jyYsotJ1EYE,0.454
vv6yWlNyHEQ,0.454
eSed5pq4lVQ,0.453
OAfzPRTZgBc,0.453
dylOk50crAM,0.453
OhthUXiQ4P0,0.452
sZuyaY65R-A,0.452
Glqx4JIwj9Y,0.452
hWCOwIRzoQY,0.452
EokA0PSixU8,0.452
HjFjPiowL_M,0.451
uZ9LUjm--8E,0.451
RYoP8fV4pnc,0.450
VIfSHE5n3bw,0.450
ziLbHPaL6M0,0.449
Sx5BUYTf41E,0.449
Jw_NFGe36v8,0.449
H-bin6xK7q4,0.449
WfHGY2vq6-c,0.449
pAuCPy8YbyY,0.449
cxQ9NFpzdF8,0.448
S1hTKfkJtzM,0.448
tOtcKD2deyY,0.448
jyn9VZJaaYM,0.448
UKaJk3tc1II,0.448
vty1fXZHRhM,0.448
nz_omDEuosc,0.447
8UfcsHqLnig,0.447
sx4xMxP0U4U,0.447
N1gADChG8rw,0.447
kiltdg8u8cY,0.447
zdWQCQ0Gij4,0.446
HInk6JSurl8,0.446
jHU_690z0TA,0.446
fgfqIGLHdKk,0.446
q2Qf9B0C-H0,0.446
JulGV2HJ0IY,0.446
MbxI_sQKk5g,0.445
RRY-v0LdctI,0.445
Aae4tnZ58y4,0.445
u3FMGPM2MeM,0.445
PKVQnN8pVXc,0.445
T6nwpBX8wUs,0.444
6Jy8lf1CZ00,0.444
5GR4gNn0Qrc,0.444
ugGJPZupCSE,0.443
WFVNV35yuzc,0.443
UGl0TXutL-Y,0.443
aPNTutAtbSU,0.443
ZaGiTW1WvmM,0.442
il6cgfIGeZw,0.442
QP6MzTSOTCM,0.442
oQsGGFeP6Nc,0.442
haAFsBmvwAE,0.442
mhBdO-RUpOA,0.442
ueS9gcCxohY,0.441
BvFoeN3ABJg,0.441
raQa-BJOh5s,0.441
-GWZIeWi-hw,0.441
BagwWRTWdj8,0.441
PMx5tzTwKjY,0.440
qzfy2G7sl3g,0.440
7qg_IGUM_rQ,0.439
onR3mhFJYfM,0.439
66seU1G2sA0,0.438
GiLDLFmI9j4,0.438
Pahirgj1PF0,0.438
uCe5OV1z2rw,0.438
3Nu9xt-BoiI,0.438
TI3iScMo-eg,0.437
tJ09VzMj7mI,0.436
owbIgB3VHa4,0.436
rCcrN7u4XIE,0.436
6xHmzV8ApSU,0.435
sSV6ZwxVR1U,0.435
_PHt81RPEPs,0.434
8PAvgIr1GLM,0.434
KgBcV5dbN2U,0.434
qUBvvfjs3DQ,0.434
q_narm4hHuA,0.433
6l1GrGa2tWg,0.433
kWASnX0M1mo,0.432
w8UrxBQ_-ok,0.431
_dIc0JnCEYg,0.431
znIxpbmnju4,0.430
L72UHkXn6eY,0.430
Lp_Lh3xcSGM,0.430
Ae78ZjcIhZk,0.430
A2mZ9oovoGg,0.429
5Cii7lPB3ZU,0.429
QofBZ2wlMek,0.428
G_XW-rhOt8w,0.428
kwSi6z3Nnj8,0.428
18qvJvm2VgA,0.427
d9DZHUCRCZE,0.427
xr9ZHgQlGlw,0.426
NnAi7crZdSo,0.426
9ycxKmgu2oY,0.426
zlHF7vdUszc,0.425
cgfugeGXQJ4,0.425
yO_bGONHEnc,0.425
iaobFZ4_aWc,0.425
uGfLVro7OaI,0.425
mGO4MjEmFsI,0.425
4__D0XdFT9Q,0.424
28FryKFFCg0,0.424
-0kfSotF0V0,0.424
YEQVU2azJjg,0.424
580OVhHI5uM,0.424
fJI-TvGYHbI,0.423
alT41a7s6ao,0.423
pnUl_-2igMA,0.423
mjw12bAHEzM,0.422
AEFPulHYW2U,0.422
X6HON3GEw6k,0.422
8XQJhDvVAgA,0.421
CTZx6QP4aK8,0.420
2doPYsnLrz0,0.420
DEffj6HMwpY,0.420
zrRdDOVj6co,0.419
3L_9ut14ubA,0.419
U0UOtdIuZEY,0.419
WiiwQZ0xajM,0.419
rTPD2DrHB4k,0.417
4guSPVpvyjM,0.417
UUn5DnmNTmY,0.417
vyvVTtg1938,0.416
GMcMp2bWaBY,0.415
keVO6f6TMtE,0.415
tUv7Wvwnn-k,0.415
sKyPdU0NwI8,0.415
5mfkDL1rTSs,0.414
3x0ZZ3Y6FUI,0.414
fNqrMmdODg8,0.413
iGUQx2X6zNA,0.413
DdZ-yxX0ou0,0.412
wOvmHXgNAm8,0.412
iR9gPQvrsrc,0.411
kknO3swazow,0.411
iu3vgfoDLnw,0.411
IkI1enTw2Tw,0.411
Gk0fCJbMfXI,0.411
XZlAArIDWX4,0.411
_xYuh6GBvdI,0.410
2izq0W3ufAo,0.410
iN9tGb8Vfhw,0.410
OP_-UMUJtNs,0.409
iSxHspkTgpA,0.409
dELMEZXyMuQ,0.408
xYCaAb9ohcU,0.408
ejd2QJbUzms,0.408
7alHvAxVDdQ,0.408
s1LKP6kxBUg,0.408
bb7U-3uW9t8,0.408
eGZwz7m7fEs,0.407
sdAtuSz5yJ0,0.407
FECIHzqBFs8,0.407
V8xTYxeReBE,0.407
qVgyk0chUX0,0.406
HZu3FXCn_bw,0.406
KI-jaZTRU8M,0.406
OEyv5XElnHk,0.405
K3WHXC1fuJ8,0.405
sSbI9q9kINg,0.405
Ff1ecYv24-E,0.405
OkpqSE_Q9ZI,0.404
ZJL9Xc5_wVg,0.404
zIgRxPgCFHQ,0.404
Sp6mzWXOpeY,0.404
hcRl7zD6xNQ,0.404
YB6jNjtA5r0,0.403
rhIkesLtNw4,0.403
CWsFNORwDnU,0.403
a2us6G1DJlo,0.403
8IR2igYQTuo,0.403
lnOGsrzy8Kg,0.402
8AK0JQkaQpE,0.402
bWNLvJwOHow,0.401
Zpupo5ltv58,0.401
4Fx_DoQbX1M,0.401
dQgOQX7elX8,0.400
uLHXh_aTrnE,0.399
OFR57T1G1yM,0.399
FNrznv-0kJw,0.399
_TJA5vokRpE,0.399
u5Yn3V8jtz8,0.399
_qRmTLrYgSg,0.399
8umhbaDwZ5w,0.398
2wdEGzTvabE,0.397
w3ngxNVkbxw,0.397
4to4sw0yBN0,0.397
tWitv2ZkqMI,0.397
5yxph_q_nEg,0.395
iNDHNs6OY_g,0.395
HwLCyf1C16A,0.395
Jomp-P2qRvc,0.395
fnlXGoIugbk,0.395
zfZV6NlHIR0,0.394
WFi5LLel-wk,0.394
gB-GgTgLTrk,0.394
m29sM_PKhJU,0.394
xJLYlNHOxsc,0.393
cq6UK4-Ufu8,0.392
XKd99fJSq_c,0.392
v7cEiwK3dYk,0.392
gU41_RtS8ew,0.391
EV03SUkFHmE,0.391
IJIrhsXXV-E,0.391
XYRPXvIqS1c,0.391
xiWrp9ekcEk,0.390
nVdUYPew7cg,0.389
2GSbab2PExg,0.389
0aOB9ZoLBeg,0.389
MgbG-gw3HOA,0.389
ZsII6Mk2WlI,0.388
Dwj-Xbarq2Q,0.388
yIhSb8U6q2k,0.387
EY9_usRSQpY,0.387
pLAjVwVlGb0,0.384
OW6F3JZ85YI,0.384
yjRLb6_R7FU,0.384
s-WDRPmUw10,0.383
l1lBIdcVBfA,0.382
AumL4AHkyxQ,0.382
gEI55jHEyL0,0.381
eEES1Iptimc,0.381
aLWD64zhwP4,0.380
rJWLy2X_fwk,0.380
AFoQTEp-ByA,0.380
AGj2-3fWQcQ,0.379
f9aqouA1UN0,0.379
cff1cwxR-z8,0.379
ajKSSF_rSYw,0.379
zXyNgKWgz6I,0.378
QKJNuIeDRtQ,0.378
YdBppToKyUw,0.377
I65QJhO2rqA,0.377
2gQYivaDXW0,0.377
svK-fwpAuDw,0.376
0a_rhvGdEGE,0.375
3o_6qYoS0Jg,0.375
0zg65BxQH-o,0.375
H-acsDjvUpk,0.374
q13jlLh02tI,0.374
D82xej2Xhb0,0.374
NVL0_l3rPK0,0.374
k0SAUS9e-_M,0.373
vmuq6yjEV0s,0.373
PaPiQc5d1K0,0.373
Yz1_intdzV4,0.373
83A2qCgIr_g,0.372
RBcDPpdX26w,0.372
1hgihNZzIo0,0.372
qNqeu7WkkM4,0.371
SJy4iYqCmmg,0.371
I5ePKLthR48,0.369
_j5Hgu7kYP8,0.369
0nlvgmiVcss,0.368
74riGGHCQNE,0.368
JwoUcUyrEJQ,0.368
DllnvwAPikc,0.367
rERh-OFyDcM,0.367
TC_cma1I4bk,0.367
hnmmV7a3SPE,0.365
UasW_qv8Iiw,0.364
Wnxzjy5YACw,0.363
E4C6leyNyuY,0.362
veH3EWgl32g,0.362
WvHFhpvGDGQ,0.362
knCD5nCXDAQ,0.362
0CReaNumElw,0.362
h4cMKrHWy3A,0.362
u11wVQoDfxg,0.362
SKRE4DD7cis,0.362
N5DkD2KiXaI,0.361
pm4zAnNjzqI,0.360
8ArVwNjdn4Q,0.359
idDFfbkr9dw,0.359
8yE6EwnRkro,0.359
ZfdnMUrdboc,0.358
MZP_IA4sXhM,0.358
olPcbrRRdWc,0.358
aE2zX0u_byw,0.356
Y-YKtMqSESA,0.356
TiJEUvquK14,0.355
ybkLUzGuKfY,0.355
77cONFVYZSo,0.354
523Qyt2CEMc,0.354
ASMEtht9KAo,0.353
JWrT1j8Hu-s,0.353
HkRm4ZQncCk,0.353
7TWuiWAEvg8,0.352
WK0OhwWqJMQ,0.352
QlggVYSPO_E,0.351
V_7YrrMiYuA,0.351
MhPECpCvcpo,0.351
7GXlneF-nQE,0.351
gbArE5dv0W4,0.350
Rf6MsPBWW5k,0.350
cCdpInrhApY,0.349
Z1ozMh4szTk,0.349
BM7yRow_Ams,0.349
vgWt1iUtQyg,0.349
5BExPRwPdAs,0.349
saXHQ7kYAFg,0.348
tBYQ3l_t2O8,0.348
mwduw0N1y2o,0.346
mRrMc420glg,0.346
weDl65OpXSQ,0.345
Oax9xFTDT1M,0.344
tyFL8gJDWoQ,0.342
mJ3mOWIpAQM,0.342
jHGHd8FT2DI,0.341
b1XdzajFFr0,0.340
fRFya5Aqqng,0.340
l3bcz4ZGQjA,0.339
v3UViOMi1B4,0.339
cP8iMR7PO00,0.337
jhfHxN6RRwI,0.337
S0vY1e9MsRw,0.337
rZX5FpgrOI0,0.336
EZaMoh37mTw,0.335
8IC_Fg8isuk,0.335
eXQlAcmv00o,0.335
McgVYIJR81c,0.335
o-JmjXOPlUs,0.333
FIAUV330Kqc,0.333
iQBZTJ5vW2Y,0.333
6p37ICjqCNk,0.332
weIFjuyB0zs,0.332
rHuDStURT5c,0.332
pKTlIi3Gmn8,0.330
durw7ZiKZPc,0.329
MQVkgwj_pjQ,0.328
qFwzHgPgidg,0.328
2rKJuFnzRLU,0.328
-mHMUYjhcv4,0.328
t_OFrpL21ow,0.328
T0nmEFT6Nbo,0.327
JUoSjUQWZi0,0.326
q0i5vqzO98M,0.326
tcpoBumTZ2w,0.326
wJaxnnzAamE,0.325
SKSZLI3uYjI,0.325
5ST3-O4klDA,0.324
tGvnQH7X7OQ,0.323
S_yEL2dHHuQ,0.323
26qpwYmrGgA,0.323
jvNK9qizzHo,0.322
DTpxF7pgKQo,0.322
60j4ImDK-hM,0.321
gZM4W7nFkTE,0.321
9f-zv-DIR4I,0.321
z4PWVZFueHY,0.321
JBLE24uTNdo,0.321
GG29d67YC80,0.321
IhwOCi-lO78,0.320
fMqiXLOPrsQ,0.319
PH4BC-9ofZY,0.319
rKap8Ozs2BA,0.319
-FF4Tf7V1z0,0.318
NBo9_wyYXK8,0.318
kKJ0hTc2jgI,0.318
BHFxVV5GQY8,0.317
L9gA6aZCdHY,0.317
hd-BpmIjr0s,0.316
ACKSllHJ8Rc,0.315
0FWGgKD4xME,0.315
m5Ba3D9xEW8,0.314
yMOlpDxVoSE,0.314
2Fna63KIpo0,0.314
AQLodxT5G1E,0.313
uZSL1buXbbg,0.312
qJbPsyMFKjo,0.311
OBcCJFD4EeQ,0.309
cE7grLzm0sU,0.306
ucJdPBCqPSY,0.306
h729nQxvmSI,0.306
gYhQqspBwao,0.306
iP_zz8Ki8jw,0.303
iKf2W3QWHtU,0.303
cCGe3foaqVI,0.303
r8FoHA0fbSE,0.302
eUFuuZ4LoP4,0.301
nt_I7Pmh5_U,0.301
aADIIGkbzF4,0.300
SplgGsONFcY,0.300
6ueSl9KNpGg,0.300
faoJhbYQQzs,0.300
Vv9Ww3AkPv4,0.299
vXz-ywp6XbA,0.299
IY9ZkrQZFLU,0.297
zMSXtYYNpR0,0.297
YH3Yvnf1kFk,0.297
cKfB7zKaf2s,0.296
3gQ64KpLZN4,0.296
ORCOIKtBvLM,0.296
a04L1hpp8lg,0.296
o9VUijhN3mA,0.296
n9lcjHQk7XQ,0.296
pGBIRO1QUJY,0.296
3oKhczlJcCs,0.293
fZ3jAPxqosc,0.292
ho9rdefp7mY,0.292
joKJrNjP_Dc,0.291
wm08yv4_rjI,0.291
U13UIpqdRsw,0.290
KyZi6uanzbk,0.290
atkva-ybNgo,0.290
-7--fzZE2qk,0.289
z9L2Z_W_CFE,0.289
-Eo2kL5VRSY,0.288
wGovcCs1H6k,0.286
_SPKC9rRr9w,0.286
ya9mADeEkk4,0.285
F46OMHRrmcs,0.285
D0ia8vb1x_o,0.285
ws7IwYckxvY,0.283
GD7EdmnejA0,0.283
wL7r77KY5uU,0.281
ZR2h5EQedEM,0.281
fzsSUcE7PBE,0.280
7LkanjLDzJA,0.280
8Runm-q71cs,0.280
gQb3xSonwvg,0.280
RhdkMfpqzkc,0.280
tiUuxi3hZCo,0.279
o-59exDzgJo,0.279
qioKZipXcQw,0.278
L3KeECNzfrs,0.277
jflPTYatrME,0.277
z6MQulsvlEY,0.277
3Gq2jO-HSs8,0.276
w9YsvfAzb_0,0.275
rPQGFB5iDA0,0.274
etjAQjNy8R0,0.273
DPUH1HsK3uY,0.273
mCTJcuPk6AQ,0.273
r83RhjZRpsc,0.273
C2aoc3S4RHw,0.271
avfnMtvrEt4,0.271
xrhSrkiwyEI,0.270
_232eHtLkBM,0.268
gwSlhC2JLUs,0.268
RHORbHwucng,0.268
KP3_8uiBGfw,0.268
SHUxhS9eo_w,0.267
GaxIs658J9A,0.267
M6uTvZRWH6U,0.266
vmZgOUmYqb4,0.266
hmxZ4e5tPco,0.266
BkO52DuxcXE,0.266
JdL4xTfFEAg,0.266
kF08Hv1EJk8,0.265
tVy4gfLPCfA,0.265
gaD2Sc6zDco,0.265
GUk9gZEjbNc,0.264
jXhidIEQjs4,0.264
kFZS7yQgd8s,0.264
JIICuc4cNYw,0.264
E_5NlhYIhuI,0.261
SuJYv-AYiOg,0.261
d1VCDbBFtEI,0.261
ILyrqgBqUA8,0.260
37451nFnLv8,0.259
hDyujg9PJII,0.259
L1lf5u0eGZ4,0.259
rA5FAgn7B_c,0.259
R9x6ILxX_xI,0.258
3JPAWzm3Ad8,0.258
v3cmCuEIK8Q,0.256
-rPgnXQHbhQ,0.256
64SPGOpVXhk,0.255
nyadGr7T8sI,0.252
qu4Mzi-QCSw,0.252
o4pgrJHVNvQ,0.251
c_4aBxzuQKo,0.250
trLwjEREgg0,0.249
bQ5euYwtrLQ,0.249
N5zCdB0s4rI,0.248
jh__IrtYT6M,0.248
obRkBcu2h9s,0.247
I4QmFgNLGNY,0.247
Sugeaouscjk,0.247
_P1gXir-DNY,0.246
L2-x3_Ragdw,0.246
c-xkL9DbwJc,0.246
EIykRayCKl8,0.246
_UfExPI97R8,0.245
gtVeeP8c1g0,0.244
pPXqXP2nDHY,0.244
mLHdiF608Vg,0.244
1W5Pe0yZucs,0.244
0glUkiSPHNg,0.244
3mZuItCPhJs,0.243
ea-AUq44Sy8,0.242
szBMQjwtjao,0.242
KOjr5-iJ-2U,0.241
k9RUN_YtlC0,0.240
qKUBEfgM12c,0.238
81tXl7XA020,0.237
SMoV5ENSzyk,0.237
Tr6Zrz9jd0M,0.235
MjSvr0BKDEI,0.235
UilcVOdbyLs,0.235
FJa8vuFfe6I,0.234
uI0GntXxpRc,0.234
rMnzRrM9E6g,0.233
Ex5mzoFveFs,0.233
CJrS2cteMV8,0.232
TafoLzRjf94,0.232
f7K8q3kyhQo,0.232
ZHQBC-ER2c8,0.230
JXA4LANb9Kc,0.229
_PEEdFemP3Y,0.229
cHi4o5RwQGM,0.229
Ums-n2zEh98,0.228
BZvzZv4LgZI,0.227
mxpxNYzIfJk,0.227
cKpf-gxtxTs,0.224
ThRLymdj-sg,0.222
MyPmHjV2PpQ,0.221
D2iQCm_zCME,0.220
Q7OtdhqWuYE,0.219
vxIeKXmOPaU,0.219
iMbrysUvty0,0.219
9LnBxyfxlJE,0.218
3oCFQe9tk2g,0.218
rzSRVKXXsck,0.218
DtFmouCyDtA,0.217
g1bM_TcRtI4,0.216
dXbummApyDo,0.215
Ib_debo2P-4,0.213
VYcqoCnCF9w,0.213
T7wFDIrYGxI,0.212
IOI2h1ZkBzg,0.211
WEf6UX_TGu4,0.211
x2qRpWCP_Q4,0.211
47v_Vr_0td0,0.210
G1Cq6mts_N8,0.210
kw_caFZGVz4,0.208
VQxvg_ZWq5I,0.207
0CtOOluE0E4,0.207
RDvv5rsPCJQ,0.205
VAjvWlfNr7E,0.205
7n14gPMNyCk,0.205
Q03BiWmsJ40,0.204
U2w-UtThD_Y,0.202
qYuwWKs_awA,0.202
fOpqN_E7Kw4,0.202
7Xj6UzfNPx0,0.201
FPOnPzELgoY,0.200
T8nH_LtnmVY,0.199
yaChJFvOHa0,0.198
ziQ70o4GYP4,0.197
pdNCbz793oI,0.196
smjpJVEZT8w,0.196
nUGTsJDHOLI,0.196
pPmAPzO-yEw,0.194
3HJaZo8gz18,0.194
xD5uHJr5BYI,0.194
yuBpasPJmTI,0.194
4ETSCU02Xwc,0.194
7fOJpGaBaKE,0.193
bDSvQ0SaL94,0.193
krviZBEi08U,0.192
1ZKg_QpzN90,0.192
BNB2BFgM2DM,0.191
kYD37_VgwBY,0.191
PJ7rtUor0Zc,0.191
Z1KXvH1nXFw,0.191
EGnETwrKV2A,0.190
KJ_-VUNDYMQ,0.189
QKyuB2QdoOg,0.188
YeUv6xJYXGk,0.188
E1c-Cl8HU3g,0.187
dqM_RvJ8Wi4,0.186
D0akuORXKYQ,0.186
DKHyPCmldbk,0.185
2yE7lSiUXiI,0.185
ZgyA5S7BJW8,0.185
Zi21lJbLCC0,0.185
GywArMBXI_4,0.185
v5tnQOUNbDg,0.184
3e1kSu5Fkic,0.184
SKSeFk5F1Do,0.184
1_fOQ_bkRAU,0.184
NL0yhPoo79g,0.182
ypfXzGkvGJ0,0.181
7Ny8f72G6SE,0.180
cFXLxDoNDpU,0.180
cCbmbp93qjw,0.180
zn_7OUP4UhA,0.180
sQoCKNjd5cA,0.180
F7MSlXloul4,0.180
E9_hXcoczyA,0.180
iZTCWIuVlB4,0.179
sSV7taIZIAs,0.178
kBCkmQeuy9w,0.178
hl1IwyvyQYI,0.178
_Xm8QsjJJWs,0.177
sul0fPLObq4,0.176
m5Ryw_PBad8,0.176
uJQ8tOxIQew,0.176
CSZW6DIGsp0,0.175
nbWYKWw7Z58,0.175
vQRJ_sf_9ck,0.174
hRIaBLS7BTs,0.174
pbOp74CCml0,0.174
jy8v0U-0aBY,0.173
Ky_-iMb-V8g,0.173
5r5GrzOOIwY,0.173
aXr1AkHyLZk,0.172
nJ6pXVuGbhg,0.172
J4oB2RaJE3U,0.172
V9XVRko2Bc0,0.171
l1bsH7rixos,0.171
x0jy3NBHUoQ,0.171
f5byrWM9jak,0.169
_eAID6TmEgI,0.169
2cwC0mVVls0,0.169
RZa7UWIewGM,0.169
CkD8aPGM7QY,0.168
rxaJwtFfJn0,0.167
6WnKih-ohDU,0.167
-6bNHXgloqo,0.167
u4OLuT0QAUg,0.166
yNwENANiXaw,0.166
xS6edVIBUH0,0.166
m2w3L4xHBTg,0.166
8cJ8cppuKEA,0.165
e31xLQtgTAM,0.165
YVGKBpcFgMA,0.165
DIWiFMRnYDA,0.164
Vw7_1YsnotI,0.164
30azL2wXhjc,0.163
IKZ9PEVRs_Q,0.163
Z9EBAHCc8gw,0.163
MMyKrdzBeSg,0.163
kwEM4qZy29M,0.162
eFF1b43aREM,0.161
girdj3rxpCA,0.161
IlA4eE2cdNg,0.160
aJwYp3YCrws,0.160
NpVlK55bjSA,0.160
4kEM_e_NkDg,0.159
ziPJdpRFsds,0.158
TRccw0bQo_Y,0.158
petDfkT_T-M,0.157
9KYmVb2t35E,0.157
nYnvGuoNhco,0.156
KWgBTE3tL_w,0.156
-TqEOnSSRAY,0.156
gAr0aL_Xj84,0.155
ANagsbgsucQ,0.155
6iYdyBHY17k,0.155
YJMaIgI-GWk,0.154
7aBuQQRpNW4,0.154
WFhLU1yimUw,0.154
plJs9jDd9hY,0.152
-20-LG5vyig,0.152
-vtmXbpQEug,0.152
LxJgB-2zOoQ,0.151
wYdHLwv2FqE,0.151
9maYoEir9bA,0.151
TJR8ftM0CbM,0.150
uWKua51lPCg,0.150
J0vRckSHFMQ,0.150
kmu7PBEgJXk,0.149
N7KYLtL5Znc,0.148
1KtGiB5JXR4,0.148
9zvwCdEvrjI,0.148
k8jrNP_UjIg,0.148
Us0PtjO88LU,0.148
aA9hi1MRAAI,0.147
QSYt9iW_PuU,0.147
wo9RiCSftRM,0.147
iuV3bS1E4BQ,0.146
zVWTGPt86Es,0.146
gf7QkXKOV_k,0.146
d11LskQ6lIg,0.146
0T7F0uIuWZw,0.146
PgeTuuyVBDc,0.145
BYj3cRCYXLk,0.145
7HEe3l_w1sw,0.145
RQ7NrLD6AaI,0.144
Hw52tqbEtbw,0.143
DFAsYNqvbrA,0.143
R9-6aErMc1w,0.142
0T3YtsWWEBM,0.142
3IYkF4EQGMY,0.142
UBG8ScKEzCc,0.142
n28PDpfUYtQ,0.141
BaZHZfbsM3I,0.140
9wFOhE7L6Fs,0.140
lHts0ega6Sg,0.139
C5FqRH-sN9U,0.139
N3M3dUeMf9U,0.138
LZK5VRuUfEY,0.136
NrUXA0lx-AY,0.136
WUTGeIPeeOg,0.136
WhC2_I56m_8,0.136
VXLFyZWX4AU,0.136
v_qFNI7ScMQ,0.134
cGfy-CcRtiU,0.134
vXazAYFauCE,0.134
M5a44IcfOKk,0.133
drr8e0BjT8M,0.133
qn1sVJVTdzA,0.133
l18SsiQ_sP4,0.133
fQyI2Vi9gfg,0.132
3uXvRrR6RbE,0.132
Y5pgEJ-93KE,0.131
r5OmJDNmtXI,0.130
b6xZCmLVWnY,0.129
gkA7Y-exgxs,0.129
kkndBhIT_FY,0.127
gsKwOXiYyQM,0.124
VyQnHBUEcOQ,0.124
QwgkFhIKTLY,0.124
MInjs2cV_jE,0.124
PqwUJSEvO5c,0.124
ndSyeUKvFb4,0.123
v2eAicBYySg,0.123
_igsT9YZzec,0.119
ahxcEOvOFmk,0.119
0oHkSZcI1lY,0.118
KfLcCwnO5Wc,0.118
G3EZcKsiYRU,0.116
3ApxLAcvkVA,0.116
7JCQNaHBobU,0.115
waMt73EtZvE,0.112
TSlgLc39-ws,0.107
k4GN9ekzvG4,0.102
uI94TPf6QFk,0.102
WzUXC7sBUJU,0.101
OAmPhoFNFMU,0.097
ZEKZTpb0QAk,0.095