Txr2YQzsLDU,0.474
UUjur_2pOls,0.474
BoXVYHiK4v4,0.472
Byv8X6p76UE,0.469
UXwUQmVLzik,0.462
X2KKTuuZEqo,0.461
I6MzxfhMwf0,0.461
j2Xn84L3Kcs,0.453
u1xEv4ixSJg,0.452
lHQzmmKExaA,0.452
tjYh-9CMbGo,0.451
y92MIziVKN4,0.450
YKD65pIP5cM,0.445
AdzxLVnOZoY,0.442
q-FrE49daUA,0.441
VeMeKElovAI,0.440
ijX6j5jUv0k,0.440
mpWI1nHkWrc,0.438
3Z51ImmUk2w,0.438
lhIfZoRYypM,0.438
Gl4dgT0bh_Y,0.437
eeF9pYa5lSM,0.437
728lTvCUDzg,0.436
wkcmthkXXfc,0.435
0eKg94EdJQ4,0.434
3OKagE2ZIRA,0.434
-SmKVsvC6oM,0.434
jmpvGxa2iYI,0.434
jPLQgigxleM,0.433
89O3jmzt-6Q,0.432
WHkoIriya5M,0.432
M8fG1pwrEuU,0.430
fTTg8DM4Gl8,0.429
zNtySxi876Q,0.429
fHRk39emixU,0.428
E3sjcv0m1z4,0.426
KrC2NqZh-9U,0.426
l1Z4he-t5aM,0.425
l22NbsHQq7w,0.425
n55kYcvMlkY,0.424
9ovMvy4KCBE,0.424
upy1IY0j56g,0.424
gESvmS-apBw,0.423
E2a3MhdsdMU,0.423
cPr6N34zTws,0.422
pYvCZNrE8XE,0.422
xYLMU2iGWto,0.421
QzIYFNScwxY,0.421
y1gheANo22o,0.421
pTYxH8mKNzw,0.421
mRaKQmHxHog,0.421
n-EvmRLQZKo,0.420
LS1SPrymPpg,0.420
1pSEtsUMrqs,0.419
nCO6WsEW7do,0.418
aA9uMHsbJ0w,0.418
giLoJgfR7SY,0.417
8640nhvrCJQ,0.416
cXDvG0Yv4KY,0.416
NtW9xTOxqY8,0.416
I2I8Hq_w7lQ,0.415
Pmh54QZs9_M,0.415
Mf09jGf9las,0.414
TLIUCxeFPnc,0.413
QYgTIdiYqZ0,0.413
sBn4d2EBqd8,0.412
wSUKKhh_Hbw,0.411
nzDF72q0v1o,0.410
DQVJhQd8QZ4,0.410
2a8nN1gzsMs,0.408
g930trA83j0,0.408
8dH3_2k-8jU,0.407
20MVMiupp8k,0.407
1XQOzNiCCCU,0.406
3_XD4jhUNUU,0.406
UGXBb9GvnYo,0.405
QcThD_rneUE,0.405
bHekysMVNPo,0.404
GapXHbizZco,0.404
h1tw3t78fVE,0.404
MJvomuegN78,0.403
Cx0Dbq8rHYs,0.403
d3sqDZYls-w,0.402
hIIVRyC0S8w,0.402
KpK8E3HqMHQ,0.401
krSBbunxdUg,0.399
wSs4zIkjvEQ,0.399
y3kpZjehEqs,0.399
lTWOceoyJVE,0.399
i6YGxkR369U,0.398
9oQsEGd26Pc,0.398
WzdIfsHHv7Y,0.398
rrqPckQdsyA,0.397
9-vxt5WnUiY,0.397
JGK6HyZ8010,0.396
XI2uzoIpK8w,0.396
wW2tewRsIyQ,0.396
JTFuuxpKy_k,0.395
CqTlkCFkKNc,0.394
ECospNT9yCM,0.394
VGnJw5s02Zk,0.394
y6DQc6rm1TA,0.393
IbVEjgxFfGg,0.393
_F2KXB--wM8,0.392
1q0_329oR5Q,0.392
9F1HYsEA99M,0.392
kDdN7cLQlQY,0.392
jlTBBgNfKaU,0.391
0UK5RRhFhu0,0.391
Ju597KUah_E,0.391
Ek_2Z0NcZkg,0.391
KiaJi-QTQ4M,0.390
YLyn_e-KZcw,0.390
SK1PohTCJj8,0.390
-IaU8fMxbaM,0.390
_u6blkNs_Lk,0.389
OzO2lxTZAjg,0.387
Kie36D3k8P0,0.387
wyIZLXr7lM4,0.387
lYV1ju6qI6o,0.387
6eE1NZ1ECD4,0.387
b_mwQILmHwM,0.387
vS9p4jWOfCs,0.385
grcVMCVkgEE,0.385
tuDzSKhe5WU,0.385
gMl-hdoOMNE,0.384
e0rsRydZRAk,0.383
xBFvzmpA5lE,0.383
gdQGCMe-46o,0.383
lwx6-e8d9mU,0.383
N1jtFOrYBjo,0.383
jaANkv02CcA,0.382
4p4W83m8xAY,0.381
p9iJZJFnGVs,0.381
TW7F-WC_haA,0.379
2ow_CFjAOfo,0.379
tdFOKHGVE_8,0.379
I19ga_ypUMY,0.379
bgKtlAuPzGM,0.379
oL3ccQv7NKE,0.379
bpzkOlycEd8,0.378
XFFfkurePdI,0.377
fte3OHGevws,0.377
qzYBm1K7PjM,0.377
BEcpRfM2jgQ,0.377
yRpl7rZDjDg,0.377
Dl4osZqCan8,0.375
hTcmNFg5tUU,0.375
7T9SLtIC2TI,0.375
t8YTm5o1dAQ,0.375
7w5ghu9zUB8,0.375
vI8FnnguvOU,0.373
AGJTUKodEzo,0.372
IODlwW0pXdg,0.372
ix4GiIbFFxc,0.371
zpq4Xud5oTE,0.371
QPjOG_94duQ,0.371
pEe8E5U5SRk,0.370
6nbbtzF8uP4,0.370
9_40pdEY7lI,0.370
sG18rFx7xXo,0.369
lzExb8rye-Q,0.368
APIpSm3c4BY,0.367
9N_nGz9Xn3I,0.366
rg8rpDnSwqs,0.365
hAgJjLW8L40,0.365
s4J0IUL8PcY,0.365
wrIgZ7likAk,0.364
A2yhiT1ESbM,0.364
aAh2ozG9B9M,0.364
vBRk5Vm3HQs,0.364
qrMVW34dwQQ,0.363
tLiIcQodg5M,0.363
TWEKMjor6Tc,0.363
fjqpU1gtkXU,0.362
sY_9EmzNMA4,0.361
YntKDNc9OFg,0.361
YwuaT1dJja8,0.361
AeVA9mlIfIw,0.361
EE3lTfgil58,0.360
uF_K9XGq550,0.358
VnHZCYjBCnc,0.358
a2VeVcJ8rKQ,0.358
OyeLdL-XtNY,0.357
7rV3rWZdtRA,0.357
fuKmFF39ym0,0.357
4aSe8MqzyMs,0.356
zpY82I49aA0,0.356
JXBdVyT43WE,0.356
MYTsTWopa70,0.356
01aZa-Wg_YU,0.356
Bm0Wb19xxeY,0.355
_0eBKiszIcU,0.354
oQQBzZnM8sc,0.353
1tXr6auTYqY,0.353
Q_22X3nxIo8,0.353
JnY0lrvhfO0,0.352
EolTaRMttJY,0.352
Hm8nbYa90cU,0.351
0jssQy6pmL8,0.351
L038GhONCBk,0.351
Li4x7ShX8s8,0.350
mg_0RSwdCeg,0.350
qykUzIFHsDU,0.350
xNwhhQaFz4g,0.348
M1tErnFI6pY,0.348
ZPJEq6mo4EQ,0.348
8KXZnyfx3tE,0.347
PIP5pwQpSIo,0.347
icOQFHkeXM0,0.347
XYTMEuT5pRQ,0.346
yrUlTC6KPh8,0.346
_ZBLhd9PC9Q,0.346
u5uCcBVrHio,0.345
_p--sGYfGnU,0.345
3rejL8uYtDk,0.344
EXEXPrL--rI,0.344
mG7N6m7SMXg,0.343
EWXSgA024_U,0.343
KqdMis2SMxQ,0.343
mtHf9YklgIc,0.343
NNS1AGuCPMc,0.343
5RtKnEbfo7k,0.342
Lf20OkSAaX8,0.341
fZd2RYn96d4,0.341
Oq0i4rmTApI,0.340
RD44-xcjKKA,0.339
ZdnbAeky-_k,0.338
QkZbYKn7noY,0.337
TgHcTailbao,0.337
SQOiGj2Ghi8,0.337
iWNvL_Fy0qY,0.337
9Wq__zHolgM,0.337
CtYQZ8K67Do,0.336
6AZAlQBAnqg,0.336
y_zNpTz8gwA,0.335
fpxPstb2DAU,0.335
5p4xGzawEZc,0.335
RSWPBpaUnJI,0.335
8tp8EgrL3Ps,0.335
d89Z3fajSTE,0.334
68oppbvGHkU,0.334
Gm1iEaYpSOU,0.334
wxZNjXxr3Ig,0.331
HHJ2DVPJHrE,0.330
am9J2Emlyr8,0.330
PlVyrXOTFV4,0.330
y_hIiUStVzQ,0.329
6pzGCsjwuz8,0.329
liRiEIPj-To,0.329
7X74tvhHbzg,0.328
Geu5LXpgquo,0.328
kzBVXQgod-M,0.328
IM8zxLOTdIk,0.328
dPF5rEBhqtg,0.327
U3PjlugvvjU,0.327
j5OJX1HyW2E,0.327
DNWGhQAIWa0,0.326
pJgYGZuQ5mo,0.325
VczZr7CV9hY,0.325
EIBjDij4euM,0.325
6lD8b6ZkU5k,0.324
Rj7yIC7KmOo,0.324
V8qVS_xkUC0,0.323
AGH7IPfWpxk,0.323
tss8j3Ol3yg,0.323
_PBsMoJ9ntI,0.322
chOh8ASQ894,0.322
LKiCnlIHvGU,0.322
UOLQYV0uOe0,0.322
68Ig3-6zujQ,0.322
UkpjphDhrqs,0.321
TW_t8ujtlHQ,0.321
iUFtFYuQM58,0.321
h84LY0MY9lY,0.321
M92Lpr3w1fQ,0.321
tfbEc9nSxm0,0.320
5h4FV9BZZWk,0.320
mDXiMI-Pw2k,0.320
BnsoxT5lcZM,0.320
WEnXMQmfEAw,0.320
RfVu-mTlqRc,0.319
YjCJdYZgsEA,0.319
6wKnupDnGz8,0.318
X3ez9xZso1I,0.318
ZiV19QEeChg,0.318
K2UBsWS6rzc,0.317
VToFM09WSYc,0.317
up4NZLSXPoo,0.316
R3wcIpD5wlk,0.315
pY6ltGGrIeA,0.315
Vpy3EXPCn4Q,0.315
f36PjKwsMLE,0.313
NnCddYWwWG8,0.313
sM6lpznTxvs,0.312
0FTy0ytcM7Y,0.312
T2sfxwKtoXo,0.311
x5U41vtX_Nw,0.310
-WS9Ktif1YE,0.310
28ccQOgi8cU,0.310
8eItY-ybzKw,0.310
94Qgw-9vsiY,0.309
cfEfwbAVP_U,0.309
EN99_4-Lo1o,0.308
qeja6J750CE,0.308
FF9HT51jBQ8,0.308
hh3n7NErFDk,0.307
U-kQFZ2MQYs,0.306
KPfi_ciEd_Y,0.305
TiRoUSetJps,0.305
53DLGtNU0u0,0.304
dI0wBOblSac,0.304
EQXZRDO2Opc,0.303
lsSC2vx7zFQ,0.303
SKU95tMMOYI,0.303
4GiA3EjBoQg,0.303
v_iJBZWmFoQ,0.302
5_MVRK-2v_8,0.302
9ipfuljt0wo,0.302
H_VgJOBsj8U,0.301
ll_gd7TDcEQ,0.301
LOawiPAAVvw,0.301
-MricJhjoK8,0.300
ttZhcqMFP0U,0.299
LV42MzQgoPs,0.298
u0kn_t7hwC4,0.297
qvcICWqtCuw,0.297
PfZgcRU1LfM,0.297
G1aB4mWhV54,0.297
27ojX_EQFH8,0.296
jfEeq2CH3SY,0.296
mK3PPU9Mqfc,0.296
U2eEocJCVoM,0.296
3I8tT1kDkq4,0.296
fblM7ULqI-g,0.296
PEGND_nKqo8,0.295
HthJatiP_3Q,0.295
gdrVlqmvEK0,0.295
pXz_m7H0Nv4,0.295
v1WYmvU6mpo,0.295
_DL9L7qQu08,0.294
3j85qfVVSUE,0.294
OmfvUTLT3Cw,0.293
6Hr-aDRj3GU,0.293
23Pm6rZ1Abo,0.292
sSm_Z6oOK8Y,0.291
UrFvR9d-zPQ,0.291
LOCNAfULZFM,0.291
9jJ4_NNJKZI,0.291
GM5-RJNRqh0,0.290
sYSQJFgSbnk,0.289
h3T9szvBXcw,0.289
sQHPfYOHYs8,0.287
A9vCchiIuBI,0.287
HVgsJ2D0mgg,0.287
6U20U19_j5g,0.287
RGJb2iLvOKE,0.286
xRQ8qApoXM4,0.286
zM8AtvRK-5o,0.286
-8PdpoxKucQ,0.286
RMSAwQmVc10,0.284
MheUxtGCHRk,0.284
rqVtAt6fLO8,0.284
VfgKz9vxSxg,0.283
du5SopfbML0,0.283
L9GpbTqUIOo,0.283
Xm3HU5f3vzQ,0.283
T3M6CMK_9xw,0.282
alcBRBJjxcE,0.282
vE4ExAB2Zuk,0.282
pEX5P7d6PLo,0.282
orZKw7CrGdY,0.282
wMWcQa7pRz8,0.282
tgTqkIpWqDw,0.281
Ij7v1NQY7ww,0.281
WBZllZFrcRc,0.280
Y4_alKy_DfA,0.280
sIrk4Zgy_fQ,0.279
vk77UP3nMZ4,0.279
IfSeyIMLHOo,0.279
He9kmKp9AHg,0.278
7xT0r-7yxqg,0.278
WQ_tHqMVRzw,0.278
Xxt0eBuh-No,0.278
EZ-Tj6bFPkw,0.278
fZ6o9KapBFc,0.277
gGuMP_Qf398,0.276
T0olzS2ElKo,0.275
PzVPh6Y9PEg,0.275
GDoinsCFpaQ,0.275
JzhacSP-wno,0.275
yiKFYTFJ_kw,0.275
7V2pskw_H70,0.273
jBhKOsU-6jU,0.273
ACfDUYb9S_c,0.273
RQW3bCa_5TA,0.273
1O_-VAAin1Y,0.273
szCTirPhMMQ,0.273
AryXEvdeHuc,0.272
sztWRFdy3zg,0.272
ADmYnHyz5S0,0.272
LE0sn4uHMLI,0.271
f2XvaUHPAd4,0.271
fi40Y0sSB4o,0.271
Qd3QagPWDZE,0.271
F0BREAcgPxI,0.271
8SyZZ5VOD7U,0.270
QiJR3-FUe0Y,0.270
105MDVp7AFE,0.269
TZOdl_-xzNc,0.269
3RF9T4idC3M,0.269
GmNCFRbg_A4,0.268
cfhaF9br-RA,0.268
jAvC2LnykJE,0.268
uRY0Zjl2eog,0.266
vqer8qL47gA,0.265
5CJtVonWzls,0.265
bGzxO87SglA,0.265
wRM-P4dlVn0,0.265
uKSEVFNnU5A,0.264
U2IeNaVQZwI,0.264
83gjB7fgGAs,0.263
c_zNcoLIFLQ,0.263
801akBNnH_0,0.262
806iubpBgG4,0.262
oAEgVVwqdo0,0.262
YF-sdoXpmFU,0.262
yxUanam1k3A,0.261
2S4QmNCFHtY,0.261
r2OeyKFZF5c,0.261
H60aDXgziZ0,0.261
xoU4KHvsGhk,0.260
RVN_8-yZ4Tk,0.260
vFHRlW2HHKY,0.260
q-9JFyHnOjM,0.259
Wz_fNvZTAoA,0.259
TkrpYyUzDDM,0.259
zS2etzGTyhc,0.259
iHFp2BgIZKM,0.259
1sw5jOSptqc,0.258
e3kK1oAvJ0A,0.258
7i-jHP4aX0E,0.258
pu6JQkwaLrY,0.257
xgoEZ4_eUAA,0.257
zu4ikglUJe4,0.257
oMcOUweGOnM,0.257
27VEiwt4A8c,0.257
iR6iJ8B6csI,0.256
185qQ22gaTk,0.256
Qb6XBB4OBNA,0.256
oKku2LOQHqk,0.256
yFku8wdwe4w,0.255
-Ep5M9fu1zw,0.255
62yYvTVYM7s,0.255
ZrtvStooqT4,0.255
9YYKMT-xTqY,0.255
PjnrtJ_f988,0.255
h362HwIvdwE,0.255
Fc4lYCq0lSA,0.254
dFwoKliQbic,0.254
0DJ4-1vbmCM,0.254
XjuQA0tTFFg,0.254
Pj2Z3PB27H4,0.254
A8KTHkGJr0Q,0.254
zM5GW7I2w18,0.254
_ar1HKn_stc,0.254
Qx5PXJV0_C4,0.253
E2aC2XPVNys,0.253
GSk1jOafR5I,0.252
o3MU482HR6Y,0.252
Tez12O9zKZU,0.252
oKREz8v9DqI,0.252
9tIvCa1yODI,0.252
6H6EP-AmMFM,0.251
CtoxNUAu-pQ,0.251
CzQjbf-8ag4,0.251
jBRaV2WOHqg,0.251
3H6EaZDKd-k,0.250
Ht255GXz7Oc,0.249
Zx2VmXbFuow,0.248
NzUasxR4qRk,0.247
6Sck765onXM,0.247
poZG9VwuwkI,0.247
DCxWVJjJ7i0,0.247
snSMPBolHpw,0.247
oHGJENdy2h4,0.247
a7nyrgkkiXc,0.246
POJ628_FxCg,0.246
KWmu8-mmQnY,0.246
OUILJTELEys,0.246
bUFSaIVeLZw,0.246
w_j2qOtRE5g,0.246
LbGzt16MG20,0.246
aYLR4BcX7Rg,0.245
wH_vLXFiQ5U,0.245
s0BCPuf6EoU,0.245
0US7VovrnO8,0.245
prsWCcAV31M,0.244
2ZnWu7Tef1g,0.244
Gd--5bf1MOc,0.244
s9wbTML7pVA,0.243
ucc6OFLCWFs,0.243
jDUuwLA9EMM,0.243
--5yHTwPIHM,0.242
W3u0ayOSYug,0.242
Xb2ySllM1zk,0.242
mNbbxz7eXXw,0.241
s6b6aYSjUXw,0.241
8X9e0JWR9gg,0.241
BPJ-K8lLj_E,0.241
LsRukRLtpyI,0.241
0vHEDQTJ_wQ,0.240
uXwnDYnYF3E,0.240
DxhydkxG4gI,0.240
5MvBLOoS1oQ,0.239
RfmrSxZVJds,0.239
ItQZh5m-EbM,0.239
oVH3j31pV7Y,0.239
I9oy9_AoNlc,0.238
mc_a5_odHuM,0.238
Zqf3BEd6Mkk,0.238
kA9FkcfS11s,0.238
dxWQgMpEFjs,0.238
gwwNST1hwgI,0.238
GmzOz0bSpuw,0.238
jneQW0iYV7o,0.238
ZmGRLczgqdQ,0.238
O6aiJNxxPUg,0.237
dGhqyBbBLis,0.237
bBVxOB1ABiQ,0.236
0Yl7AbFpnxs,0.236
DM4vVBJm6M0,0.236
8iXd_xZeDg8,0.236
0AvigiQyPjQ,0.236
S5VSWO3AOBg,0.236
Nrkyvyj5vLk,0.236
iCNZdgkAa_g,0.236
lfw59hw84rM,0.235
vPNpcmQRA6A,0.235
lZtaojPALvk,0.235
ecOL5Tpx4nI,0.235
f_BZotshJ-8,0.235
Y9PVKgov7JM,0.235
vkO8ZzKUnWI,0.235
n1c1dzaPRWk,0.234
eYZhCJt1geY,0.234
CV-DgSIaAuw,0.234
qW95qA4QVcI,0.234
lJ2lhWvVxXg,0.233
M-mezL0e3Z0,0.233
ohs-LixwWyE,0.233
QUCawq66H_w,0.232
2amTvcexmxc,0.232
tAXG1ZCEr3o,0.232
ptDgQaZKNgE,0.232
9Q1e1tDImh0,0.232
Lk8hdPvtlcQ,0.231
i34Z8ZkRKR4,0.231
XILADoJEeRQ,0.230
6W00ovgFYuk,0.230
9GGxO2jE6e0,0.230
hvPwK23pxOA,0.230
tPCpA8_UfLo,0.230
ka0xiyjJdHg,0.230
K3Cwa8OHg0c,0.230
UzgxvuOY_fY,0.230
nz2FeO7Eqdw,0.230
x2SCrz2RhcE,0.229
uTZTv45l1qg,0.228
CLD_aUSB1s0,0.228
fVY4NgjV4JM,0.227
Dhpw_0QpBEc,0.227
3xdpspZ06RA,0.227
j8W-8nPdy0w,0.227
qvwL1ycc3G8,0.226
379kZvfckPs,0.226
wPc4NRsUdO4,0.226
OCFC08RVQXs,0.226
6FY8ljUb1NE,0.226
8-vLOsPZqqI,0.225
DsJ4dHI4-v8,0.225
3gpMpQVapno,0.224
-tptMbf-G3E,0.224
fwGut92VF_w,0.223
w1MM5pb9jEY,0.223
IhBw5iSmCu0,0.223
ukrDWDQLyqs,0.222
PrWdLGgJzgA,0.222
Mw8Lg80n0Gg,0.222
IcFRae3NUHI,0.222
6CWg22nRP_I,0.221
-kT0-_VIxtA,0.221
7n6dUl18M5k,0.220
sbqsCgkVisI,0.220
5mCcFzcCIvE,0.220
r_m54NVxom8,0.220
e8M0dgx1Xsg,0.219
n_VeTeBaDdU,0.219
IgU_3j9Npcg,0.219
Q91hydQRGyM,0.219
70uvPq1JWNM,0.219
rJyvz6pUU6s,0.219
Ma59SiozHy8,0.219
2pFtXWeVJe4,0.219
MpNfpBx9kRk,0.218
INgcx1xynZ4,0.218
HVgGl8y14_o,0.218
nzI8OWiif60,0.218
7e-0VKx_-V0,0.218
TwccXZzWL2w,0.218
NtpRXOn2y8s,0.217
JhPXRQdKo8k,0.216
edetuDfZEAU,0.216
uiTQTRZU9kw,0.216
75XPZNhsS1E,0.216
7fUaR0aN7Gw,0.216
sMm7emIOsms,0.216
fLtNIQyZXiU,0.215
fQW-7i26Il0,0.215
TfHkmMyvoBQ,0.215
r0Ey0nhRniM,0.215
A5En3UHGBjY,0.215
gUh4U59epBY,0.214
UAYnFzrZHrQ,0.214
9f2MPEpkw_U,0.214
F9IXCczBQJ8,0.214
Kglry5Im5YM,0.214
-CviwTDKfkU,0.214
W1S653EpAhc,0.214
Xd-3N1MEo-k,0.213
5lVEVjDURGg,0.213
y-M6SKKQR7Q,0.213
RScTsdsaO6w,0.213
9S6kiNQe4Mc,0.212
i6BLdw_oToI,0.212
RdepElJSlVw,0.212
7CspJV86c0U,0.212
8XJnIp5bN0g,0.212
-7-oIDsMxGc,0.212
VtVxvAhIUak,0.211
1JK0Iw4YFw0,0.211
9c8InwO1cT0,0.211
qXgz9KC32_M,0.210
6Yc4QpgAB7I,0.210
cGQjam2ocqo,0.210
52lxclqHVFY,0.210
obtGJywpgDo,0.210
HEZUgo2814c,0.209
5HL0X1N0Hgo,0.209
_v7B9IImYCU,0.209
bPRkPW_o2LY,0.209
aZ7Z3-lF8Kk,0.209
cHXXAgIkyuI,0.209
BSNgQ3TRWOE,0.208
qUoVy8ivRrY,0.207
weN6jE27_Vg,0.207
jzkEdNeatwA,0.207
u3YIc_YDr4A,0.206
_aKNZ8GFohQ,0.205
BX1zVNg4D00,0.205
q6PHC0oFbuo,0.205
7rHpezFXFC0,0.205
_5V4YJSENF0,0.204
qBF_iAxB1q4,0.204
HCFBUykEhK8,0.204
ua2IDaiZVFM,0.204
o1fYrtRr7Uo,0.204
EWCuQaldhNQ,0.203
M05ZG0Xtqmg,0.203
_NKPl3r0kQ8,0.203
FeHN0SqZFac,0.202
LoCYchtaOzU,0.201
UVVhlVkUwGc,0.201
vTkZk2fW5W4,0.200
YYnwDpAMYvM,0.200
FJ92PJAt-ZE,0.199
HRZEf2Dpg3s,0.199
Jzfk7iheDbE,0.198
uyyt7KAAKK0,0.198
OgVA8QFpE2g,0.198
dJhr6xCOato,0.198
N_1fwCtYLXw,0.197
sOZC88kq7jU,0.197
uJ5lU1FapR8,0.197
4n92BeIcZBM,0.197
iSVBJdGqB6E,0.197
W0zxgjrzhK4,0.197
_6cYFIVDrrk,0.196
SZW6KIEhd0Q,0.196
GT1OzMmF0wA,0.196
DWeHuQw-IHs,0.195
40c3o4EEG_A,0.195
aarq5xDLlMg,0.195
uztJwSCFWdw,0.195
Sru6_VqmjAc,0.195
ma_z-jjdMH8,0.194
ZaI2IlHwmgQ,0.193
Ryicd_tjvxw,0.193
NmV5Hd7hnqA,0.192
PZ3Bj4bVeyM,0.192
lwIA7zUAxP8,0.192
_Fe_wFoOaE4,0.192
JzyTJD5mWB4,0.191
_4uobrNLOco,0.190
g7TVYDJqRJQ,0.190
om9joZ3s6ws,0.190
n28EBgajEGQ,0.190
ZXt6iWE0YE0,0.190
wsoXl8pAhz4,0.189
sMCogi_k8Lo,0.189
pPAgBG-Q488,0.189
w_Cuiws8rpE,0.189
2buxCelkWSI,0.188
saBDnpGqaOw,0.188
As9iXF8ZXS0,0.188
r4aYqNgygBM,0.188
w4jOurZwQRs,0.187
tTOLChkzXRQ,0.187
IvKr5PBsItY,0.187
JO9Y3zxMLLA,0.187
5yogjCaH9Lk,0.187
cGjs0lljkTM,0.187
huyk91KASEI,0.186
xjR9YRJiYsY,0.185
yZ5ne73VpLQ,0.185
7erbW4rGOUA,0.185
0eCPYXCIcao,0.184
cxfx5Ds1CqY,0.184
eQoV6w_nuSQ,0.183
RRYrhnnbH24,0.183
DR4bgpq1y2s,0.182
mvaf7qc6sH4,0.182
3Cdg7md_Pt0,0.182
NakZpmfp1ns,0.182
temIOvzhv08,0.181
Z0sGTygQt_w,0.181
lSl0bCBn1XY,0.181
irDmRlUXq8k,0.180
kyFXzzglWJc,0.179
ZgfHiD5isEg,0.177
pIEqujo9g84,0.177
mYFYCzdNu8g,0.176
LG-I9mRtY3k,0.176
0_JaW0FNjBY,0.176
7W8UcdUEU34,0.175
Md8SCL4AmyI,0.173
_eERbOpQCmE,0.173
MTNUz7IAuDM,0.173
g3-j-FYpIgQ,0.172
8AM0Zf49aVU,0.172
jy4QK8zRcAo,0.171
1SaiQGwlSKk,0.171
qji-5VzuPtE,0.170
WHDm23mYxOs,0.168
vz5A8BI6-FQ,0.168
zE5F8OFY3Uw,0.168
YgdVpclm10o,0.168
63RAFk1Ae84,0.167
WC680o6sGBc,0.167
SYwXU9roNXI,0.167
fbFxO_NHhww,0.166
Faqam4hRjpA,0.166
4uNM7jKAqX8,0.166
uWcigUJVQCY,0.165
SWQA93wdT-k,0.164
wqXfdTbnQws,0.164
mzI0RdOqQEM,0.163
IO4T5qsRIuI,0.163
mlMY_SwQqHQ,0.162
p1jXF49VbJQ,0.161
llBbipzSNMQ,0.160
q-799dH92LM,0.159
3CAKYf6CTSM,0.159
4M7UmR7y0FY,0.159
8l_gITQkBLc,0.159
XU7QR12hS1c,0.158
3ODik8m_TVc,0.157
Gw0CiluCFy8,0.157
NbXhRX9CWlY,0.151
zQ0TQuIDEa8,0.150
EqE72zu9wPE,0.148
4cqAD1untj4,0.148
mWhlq-ky74s,0.147
TmxyvxlfQGE,0.147
MzddENdAi6Q,0.147
8HKj1UW7128,0.144
LrRdmvc6q5Q,0.144
EHBNL9FOQlA,0.143
DzgNUwsla74,0.142
kbTsgi37Km8,0.141
nPKfcaH9ZSE,0.138
mGrJ3OjCj80,0.137
vQIXRXSY0Ug,0.134
jlEj0sHEuGA,0.133
cQYq14TL31w,0.130
Gy8iumUoauU,0.130
TkO1CPXUY6o,0.129
lDvP4W_TVBU,0.127
SMCkLEfaTSo,0.126
iDkPc-wFS4c,0.120
4KpsoRg_zRI,0.113
VOHRrjnTi1I,0.105
5svF5c7RRUg,0.096
SpQMhhMW0tU,0.074