OypTfPDEdZI,0.594
SKz05-BE-XE,0.587
EXGJPLngdMQ,0.576
3GyLfVeVZeM,0.574
Ay-27MiHVhI,0.554
dImQI1awRmQ,0.553
WKNtcgL23Ng,0.551
EkzxdY1lTmE,0.549
6TPtFeum9Ac,0.549
sq0CYHykgh4,0.545
FbJZpePWTmc,0.538
KsngSYXwx2E,0.536
1LE7wpuKcEs,0.535
xriE6T21Hpc,0.533
bVfcGuXM93Q,0.533
wkfZWLHy0tM,0.526
EPmYdVoJzW0,0.526
XUpnYc_QSzs,0.523
4bO7a39Nlxg,0.523
2y2D1UaPwRU,0.522
UKKHTnHefcA,0.521
CeatgOeyem0,0.520
R8j3gN_Pdbk,0.518
CxqJgvhgMM4,0.515
Xo9IaCh1K7E,0.515
JrLmpLkdiN4,0.514
aWGRWrCrWdg,0.513
jVBDv4m9x6k,0.512
2oBrNWhw9Kk,0.510
yNCaV3e9BEg,0.509
sZvC_yU3kxI,0.508
kU063z4_TCY,0.507
npYiqJuqywA,0.507
BSXBX-IPBIE,0.506
Bx5BjOdatwc,0.506
OK9QBAZzvS0,0.505
TUWLm9fR2qY,0.504
2IBvb70Sx24,0.503
Wa5mDRayWH0,0.501
rFsgr3amTqc,0.501
29uP8JiEnog,0.501
sEXz9PugE6w,0.500
b88pSBIpL-M,0.498
BrBhfvIgOfQ,0.497
FKy5TZMdl8w,0.496
2B_Wc3ktFJs,0.495
xJYT7nBOlpg,0.495
iB0YxL37KEY,0.495
UshyAaRQeso,0.493
DxnKhNoLs6g,0.493
pFQ7-ts78zQ,0.493
xdgd2m4hAxc,0.493
DsCwlpwVhug,0.492
ou4fYDTRiaM,0.488
PmRsiUfCf2M,0.488
0MBOKqsZHzc,0.487
EdxdpOTpLdc,0.487
OAvZJd-Yjqk,0.486
NrGgy_brBIE,0.486
CN2OKFN3LxE,0.486
FtUXSTg7qlQ,0.484
B5UedfCySQk,0.484
j1FYjm2w9x0,0.484
BGxPp7eflN4,0.483
-GZwp0jqKXY,0.483
48gtUn9MsxY,0.483
LrKJ-hKa29g,0.483
wgQ0MXyuicE,0.482
ZkO_fdix4j4,0.482
vIobuyyDPyI,0.482
mjY9R8rhC8Y,0.481
PHoKt4SznFc,0.481
H31TSz2cPA4,0.480
XTJctH-kNSE,0.480
rTG5ARcxDNk,0.480
f-3TFGb5-FM,0.480
At5vQCqh2qk,0.480
mt_lVjCNM_0,0.480
RTnBcKe3_CY,0.480
XZ78x9LXzkc,0.479
_SMzp5GvZ-I,0.478
6fDbSnfHJFc,0.478
Z_mi9u9nCXw,0.478
2ROLO7Vc7RI,0.478
uExQKlhx5ms,0.477
mfx0ewR9AW4,0.477
8wc_VxKfkO0,0.476
9GEpZpBkzpI,0.476
dHWVbjq-99w,0.475
I5XyQevrjdo,0.475
0kOSAaTeG1c,0.475
s8lX-WUVfog,0.474
O3hOKkc8fBk,0.474
ZGuBmIiIG3o,0.474
c8vwwAL0kBs,0.473
qm0v4vS6wT0,0.473
yGRqAowiRX4,0.472
GShV3CkeSxE,0.471
I32U0_nQEWE,0.470
QKbVwv6yMOs,0.470
Oi_6yvHhV5s,0.470
mpgCZGc3p7c,0.469
0hzF2J9WSYM,0.468
iCyyj0Ggd0Q,0.467
xX5Q0XmeulU,0.467
bcr38tUkORg,0.466
vQS6d6yl4so,0.466
mvib1Xbnfas,0.465
8Iwk1RiKafg,0.464
AxeQQ19CiwE,0.464
N9cdwjfpfBY,0.463
3NyUEQLugKc,0.463
bZYeRMkcKEw,0.463
NaYQwyqe-Kg,0.463
ywMr1wy9z8A,0.463
iIehRysdhhQ,0.462
IpZ_47qqe2E,0.462
-sH4POEvqpc,0.462
fCZCeasDhAM,0.462
rczFhy_BfFI,0.462
XhMsJEOORtM,0.462
Nm8QcdR5WIs,0.461
WKt4J-4E5eI,0.461
NiKjgTWmmMs,0.460
GxxLE-ni0Lo,0.460
Bzm4OirKzts,0.460
KP5zUtYD4pY,0.460
9nudunj1q00,0.458
AVV3UJCFnA4,0.458
e_dVk_u9VgE,0.458
zfdnQJg_47c,0.457
A50Ot-Q5K20,0.457
7eb1a_Q1SiQ,0.456
6toloeKoNh8,0.456
UtrP8cAR3dw,0.456
hTVdVzJtpZI,0.456
_MusJ8bERto,0.456
sVa4HJqiUaQ,0.456
1xnFq01TMPQ,0.456
y13JBLQO8no,0.455
pou85jcib0c,0.455
uoYk9ilcL0o,0.455
PJ3PIioOfaQ,0.455
dbIC9VtfNt4,0.455
rsI0sfnZKVs,0.454
StMMa8uR2-0,0.454
CoCZQ0veqKk,0.454
FAQn7yizb_U,0.453
nwjQQ9Fsay8,0.452
JKRUFP8g-dc,0.452
rgcSoAS1pbU,0.452
hmxnmTKIDpo,0.452
j88Jc7m7XkI,0.452
jzfPi04iBHk,0.452
NjkRisY-NnQ,0.452
nclFUwyRt38,0.452
InJE4BuiMzM,0.451
rI5d1h-cp_A,0.451
-fMV_lNXnDw,0.451
xk79UYGmAk8,0.451
OKnUphTb1As,0.450
QzeK6keT79o,0.450
KywtqCm1CP0,0.450
C_w-WrdoR9U,0.449
ZybKnBpYUDI,0.449
WXJdKwcSOIo,0.448
aDGQ6v9KTJ8,0.448
8bAn_-saCbM,0.448
7khnAO7A1Ic,0.447
BlO10tyLq5U,0.447
wHUv2kY-2dE,0.446
uEaYCppCrDg,0.446
pb0-d-6BKEA,0.446
JhDfghpxmbU,0.446
whHCGtvyPO4,0.445
FtJJUUuXwmA,0.445
kRKtOxosBY8,0.444
nnOiM2iMekU,0.444
AJhtjv1JMUY,0.444
lwmO7N-qfyA,0.444
iHu2zaBKLg8,0.444
fAJfxGtWOSg,0.444
3GwShCQKdG0,0.443
on37k2M0u_w,0.443
a3fk87Y-DyQ,0.443
41VrbWo2qrw,0.443
tjZFCh6WEpU,0.443
F3wPWxXfoao,0.443
ynL_8v0ob40,0.443
0V2neDZ4ZwI,0.443
RfqKF7eTmlc,0.441
Nv9V0qKMSN4,0.441
XDvE4eszet4,0.441
tAcJBgd9xRg,0.440
kAJ8UhokBj0,0.440
zFOwCKa_7UQ,0.440
sLPncCb95Rk,0.439
ojlnfaeKoc4,0.439
FBe3GFMsR2Q,0.439
8HQT8aNN1z0,0.438
chKt4ZNanYo,0.438
C4w7t3po848,0.437
R-jyxLqulBE,0.437
RX0lCqCesXc,0.437
IKh8XdT5HkM,0.437
-ZLOld3yaWM,0.437
HbbQaWNGRu4,0.437
_7s1jxxqDag,0.436
IRuwWPxXJEI,0.436
9VdBj8M_U20,0.436
desH-wUYczY,0.436
f-006tOLofk,0.435
kHjw8dRmuL8,0.435
36JI7dIZSRw,0.435
80AWMtI3aeg,0.435
xWDcU2_VN5Y,0.435
92E2UD-v09s,0.435
agIlwUdjwhQ,0.435
YQFia8wbeZY,0.434
KCizqxj6-Vg,0.434
4RNUJSiC52Y,0.434
JTrlPExQdoY,0.434
VR1qmjKYf60,0.434
xyyBz_vlQfw,0.434
EfcnEjUE6CM,0.433
rPCL4SrHyOA,0.433
NOOuW9c1U5Y,0.433
hS1StVGpvAg,0.432
imSG1jUCtDs,0.432
3sbCRVY3Te8,0.432
cGxTqpP86yg,0.432
11HfIyM4YTM,0.431
-UzouFy3da0,0.431
Zh2DjNrnkpk,0.431
pqECQpVFaUQ,0.431
ntVUcbsJiJs,0.431
8MYajBC0xzw,0.431
eehJKD-8e2Q,0.430
1ISiMOpcbiU,0.430
SqVx8sTpDEw,0.430
2gGI6Lpslo0,0.429
2MTirG1tZag,0.428
zk2Tu5NcLaw,0.428
p8ex-ApR_iE,0.428
gWBnFUsogI0,0.427
vXqtPBEZGYQ,0.427
IpdR681-OKw,0.426
k3gbHrxlzbM,0.426
epXo5TpdRMk,0.426
fLfP4P42aXU,0.426
yEwzPRJMeZs,0.426
95EBJrHO7os,0.425
MhhZw3giFkQ,0.425
UpZwBUB9N3k,0.425
4iaMus6YbYY,0.424
Y7gEuMUCxC4,0.424
kwlSOy6JPuw,0.423
F08pJQcDaX0,0.423
iZmc0PhktIc,0.423
VZe_IVsZFpg,0.423
MQlonDtohbg,0.423
dTkJsm0uZ20,0.423
TrhkRsM-qDs,0.422
KsJkRHEg-8A,0.422
GSt30T26W2I,0.422
aaxrhJS6r3k,0.422
Unf1ubYe6vU,0.422
b9eAFep2Shc,0.422
s-c7zPn5crE,0.421
nYdL7PLTqPY,0.421
-oJSuK3vEFM,0.421
hqQBraSKYmY,0.421
PiGmRKNLoLw,0.421
wL6UuM8gKbA,0.421
ePCuKCqv5Aw,0.421
B545Iz1vksM,0.420
5a-2JG8vB30,0.420
2m5yxzXHe6s,0.420
TNOoGmA-eZ4,0.420
lqUyDu053SM,0.420
wMqzZrDycgw,0.420
T2CTZMwAxbI,0.419
bDqvoArw7AU,0.419
0z864kwUhEM,0.419
X_ncdG3xdm0,0.419
xZjcvWuQLcw,0.419
taL4RLAJYAU,0.419
qVcSPVPWb5w,0.419
25h6dxndEXI,0.419
8JtFvpnWJCs,0.418
XzDU9bJgabQ,0.418
iAnGRjSgkjc,0.418
6fQBgFWGoXI,0.418
eUix6jHL0Lk,0.418
LOBaGx3RDDw,0.417
nEhsIgFRZ1U,0.417
9SDRLGd13SM,0.416
hZIvG8z336M,0.416
t3vyaxDwz6k,0.416
qVzKCVedICA,0.416
Pki88myDCGI,0.416
9p4sjrwUFc4,0.415
G2QHknXBLBA,0.415
k2hxcZAyVps,0.415
02tpY4rUAoQ,0.415
oYTaXAv2YZc,0.415
HhAtTz2wd34,0.415
VcDUggt8QyU,0.414
KUlYmZ4GVc8,0.414
v5d4cpqZMwQ,0.414
ckTDtjW5gFU,0.413
Xmnp3aVGyGc,0.413
lYT6rlNDGoE,0.413
tNjb3472Rxo,0.413
KsD2YVlbR3w,0.413
WY-iL38gPrI,0.412
S7zJHH704oM,0.412
VWV9MoxjPII,0.412
o10QsIrNG8E,0.411
RecpIBERQfQ,0.411
kdxtxALv0oM,0.411
d-v_8n0r4Fo,0.411
JSvwTB2HxUg,0.410
7JvhwTeZq_M,0.410
ekgzCPauXQM,0.410
TssKBR7Lrns,0.409
xHqGB0p1-uQ,0.409
kOUbZCLlmeE,0.409
5eawD_7KbdY,0.408
2K0WXEFWyCg,0.408
bII-GXSOG88,0.408
6EQ17_EjA68,0.408
F9yBCCIunjU,0.408
zasdbi1laTY,0.407
dhrLCpcsd1U,0.407
XKKOf9bXyJM,0.406
c6mMn1iUcMQ,0.406
Qlt0hLsYa5c,0.406
i4tDMIEVMuQ,0.406
uW-yAZMoC6c,0.406
yj11125h8do,0.405
vRCy86nifgc,0.405
-t7cMAsDxaY,0.405
MUBldUO5qpA,0.404
BS2g0lqczdc,0.404
ryNOuY_BiC4,0.404
3fJJzIliR_A,0.404
W8u8_oGFCWE,0.403
t2zb6X9su2w,0.402
CM-uc3nRA-E,0.402
nT7y6F92La4,0.402
1ylnGtqeyfI,0.402
mHL1QLxvubY,0.402
RBOjQkcQ7kA,0.402
mlyjNGIgyx4,0.402
x6pgAcU8DBA,0.402
ZN4oiWy0kWo,0.401
Yf9wLm2X4Cs,0.401
aPcGY137LIs,0.401
TM_S_ZVOlSY,0.401
VP93oO4eTYs,0.401
GZj_Iui6ofU,0.401
5tn60oQ-B8M,0.400
yn_MzgjyrfY,0.400
-Hn1LketsxA,0.399
PKYFWZ74pUM,0.399
wgQSCoIfwuA,0.399
jQ6SDlu79U8,0.399
6FCZlfvhPXI,0.398
knk7X_mRodE,0.397
Rav_Bjn7Tto,0.397
6_S2Wb2PDoo,0.397
RS6fY5xh6yY,0.396
56cf-5TsgyA,0.395
d15lJn1r0Mk,0.395
84AecTTJzGo,0.395
9hszgYuSagc,0.395
dPp2zCs3QmM,0.395
ixHDiq35gaQ,0.394
6v2v_IKg1q8,0.394
wiu_IX14wLI,0.394
4V1Qsb4yzWQ,0.394
PZ33TkW66Rc,0.393
1suL3h8IbyA,0.392
zHmS4udJZvQ,0.392
_5bSTmdDSRU,0.392
ShQczElrQ1A,0.391
dHbbdtNqxBE,0.391
Ne9L80g2NG8,0.391
w2itWZ4cKH8,0.391
xzO8hvKwP5I,0.390
H-LRChYDjes,0.390
kPcT71Lggfk,0.390
3HraItbId10,0.390
sVqxzkhD1oM,0.390
83pz27vjpMA,0.389
ddWJ2y3_b6E,0.389
G5M4G7sCyQ0,0.389
IkEEtOSp9D8,0.388
9fbV5w6dKrU,0.388
3i-8JwaYrXY,0.388
j4PI9-f7SsM,0.387
td04LFBtncc,0.387
U3dVHdiQWMo,0.387
OFBqW7Z3H00,0.387
9LBfbudgHMo,0.387
XgLzx0EYp6Q,0.387
PFDWsgTBlKY,0.386
orIoBL2tQMA,0.386
7xdH-SUxO2k,0.386
5C0R5O6PlZ4,0.386
5QBgPteSFkI,0.385
oP1gOv9Yn2w,0.385
s9MUeqlcxNk,0.385
8DOx6pBgpYA,0.384
Cb70q_QEF2A,0.384
Og9fZs_CDA8,0.384
gEx_e9tdS94,0.384
Ei5eMaEJwqE,0.383
zkAVUQC83uQ,0.383
vfXWo8CyI0M,0.383
pVG7ML2CIu0,0.383
jp6T1FRUB7U,0.383
5nmpKlaIeeo,0.382
0iQBGgbFGgY,0.382
tt9AWeWDkp0,0.382
yztOAVaEciw,0.381
bAcoO_kwdf4,0.381
8t7-7g5gg6U,0.380
lIdP4uvKWN8,0.379
wiIK5FsQVf0,0.379
pGA6MIFp02o,0.379
U34Gx0m-t3k,0.379
Q-I-IR4eaKE,0.379
O6oO4z5Q4sE,0.379
XmceeYJ379c,0.379
rpJ445vlhc8,0.378
wyQfx5MRFN0,0.378
KV_sAGJnxSY,0.378
n-n9vh9i7Sc,0.377
A1iB1hLMCz8,0.377
vD6XAUDX798,0.377
9z6i60-06cE,0.376
znHJzgq5IBk,0.376
elFz_A9wXaA,0.376
fmUszhD9KC4,0.376
iYSVZ78yUNM,0.375
-qY8z2cR8u8,0.375
s4PK02pZuAM,0.374
8ADWNUjXwmI,0.374
84qycD6nsUo,0.374
2ToW7n8Y2Ow,0.373
v0s3gqQrjVw,0.373
O3lL9pKZ_HY,0.371
x4ITiFIy0JI,0.371
vrZRt-1H8o4,0.371
MVO9gIy_r9Q,0.370
WxgpecNRXyY,0.370
c8HeU9aAzPc,0.370
Zv6OQ72DDOk,0.370
itrjDXPKEGw,0.370
ace-HA8oHRo,0.370
F7leE9HIxGo,0.370
dF4QsWLCEhY,0.369
zHVa0_7s1h8,0.369
YEMxBPxb1vE,0.369
vFuEvymPi7Q,0.369
wtXwrlb07k4,0.368
2TVp58I6DqY,0.368
EstSGCJoE-Y,0.368
yGcmpztY6K4,0.368
QsM8THKnz3k,0.368
Ny6G37NhugQ,0.367
jM5ZSktpIuU,0.367
AIR_czPyYqk,0.366
QwAKcs_Egak,0.366
uJM8PhuPizo,0.365
lKJFcIjpHUU,0.365
-GCqanfy7Yk,0.364
0zPnMDUx7Tk,0.364
NnMpG2Kyh4o,0.364
VMpnYVnp-20,0.364
sxW3Rk176_0,0.364
F97Y4TzydiQ,0.363
Gdhl3aOwHUA,0.363
3YzW94Y5OuY,0.362
9Zjx0rTyZys,0.362
fiAMJCI6hCI,0.362
rIUW2GbluEM,0.362
jBKQlF7BV9E,0.362
BVXGIZq_JuE,0.362
QsFmGo_VTCU,0.361
CwgO1LhpzDU,0.360
5fP8oC0eLRA,0.360
ZwfpkIMNKg4,0.360
L3jCP1ZdK8g,0.360
dI8ZzF6Q458,0.360
NGreBwLR3Pk,0.359
cgLAtB9aiFU,0.359
dCfjAicAO6E,0.358
jwbopWRIjrg,0.357
98Bq5V4RE1c,0.357
3ql_NSjmjUE,0.357
3J2xdecmQ_E,0.357
d0zdk8WoGG4,0.357
Ycn7iMwIPag,0.357
47jgbKWHKW0,0.356
ocUaA9rs__I,0.356
2FVyTxfbgcE,0.356
pxlHNwXoMFM,0.356
jtxWVSRNddw,0.356
fzH-gdPjOwU,0.355
F5fONRA3BeM,0.355
rDP1xoWoaMw,0.354
s8VbkxQpoI8,0.354
yVHrjrciRgg,0.354
yTDz8tQvZjk,0.354
lp_RtDrhXCU,0.353
chtb7GiOF9U,0.353
AHYx9tWOUS4,0.353
x4r0sU6TDls,0.352
1xQ8JkYkPCQ,0.352
n7fMGmVhw7I,0.352
WFNS3x9n5zc,0.352
oSCfjY0iJG4,0.351
3Es6LvWc_N4,0.351
3V-rORu0fa8,0.351
wSwSmls9ACI,0.351
PPlBZ1XSG1w,0.351
ik5pCmnWZ8g,0.350
Nl2PQCSdlzI,0.349
xyXn4UBjQkE,0.349
smlLwa4Mx8Y,0.349
8-epnt86H78,0.348
DrADXWoG95E,0.348
HOoJ4SI7Em0,0.348
F-sXfiLIGd4,0.348
5l96qNz2AGg,0.348
DdYP-S_n5AE,0.348
Izn48CPzPzI,0.347
x6yzNmxCZc4,0.346
_NC1tyPPX5k,0.344
Pog_wVsQEYM,0.344
T3PQVTQDCbI,0.344
Vkybms_4WH4,0.344
Pdwky7FIw88,0.343
24PSoLws5Sk,0.343
Lc8wTkyTysA,0.342
8SXCoKsqAY4,0.342
6quPVEefJ2w,0.342
bthYVDgJO7A,0.341
914fJgiD_fU,0.340
JjviclCLyss,0.340
ERGhlxkqBPc,0.340
sY151so0ebs,0.340
wwTs6w1zJ74,0.340
3lJFSPAIGcs,0.340
nk7fyHNCg6k,0.340
sUUds3rKvgY,0.340
Ryxx8_Q9KR8,0.339
LW4LPbXLtY0,0.338
D_pE2qWkLLI,0.337
8FsJOccbN_E,0.337
_29tqPC7RgQ,0.337
bm7n-WVsUBU,0.337
bNKMnGH2CxE,0.336
hW86ujTuj4E,0.336
DMqmEu_P0eo,0.336
vUIgLGCH0Dg,0.335
JizUTmzlwX4,0.335
bUqNXvWvO8I,0.335
HKjsBj52UAg,0.334
OmRjzDAQeUo,0.334
fqupc9vRcHY,0.334
nOM5LhBUUVs,0.334
2cJDhxcsYmk,0.334
eDOk0boOEmc,0.334
_TE6vLjkfpg,0.333
cyQ_H6_FtoM,0.332
-IcvpnYPx-U,0.332
uWSn0BJIFZ4,0.332
270B1zH8So8,0.332
_f-V5ZnlSOc,0.330
pNo5OrvmkmY,0.330
bnDTHkcIaec,0.330
X93MWvpLAms,0.330
TilEk6Lc8tA,0.330
6855qtwp1Q0,0.330
2ho_VpqdzD8,0.330
ySC-3mlwA0Y,0.329
4W4d-_5kbkA,0.328
z7k1VQwGT8E,0.328
_SEzT13V4U4,0.327
mkJCScDbAXA,0.326
_wjV8RcLKDA,0.324
1-uos-7s48U,0.324
7oThZvHq-KY,0.324
D88LiWyUYjQ,0.324
oWnRiyyu-Y0,0.323
pZl_vrhXaIU,0.323
ZaizuLpVJTg,0.323
6PAC1TU6-lo,0.322
ldW6u69s0qA,0.322
KzaL-X4gkDQ,0.321
fHF0QDM7a0Y,0.321
LIFXXM0x9zw,0.321
rDDSGTFeqaY,0.321
KFbALHPgmKo,0.320
nwVANzSc3us,0.320
7Lb9dq-JZFI,0.319
TsuN6qGH0iU,0.319
mvK-QAFl-Zw,0.318
fBBC0CkzhW4,0.318
CRIM8FQks7w,0.318
ZkqfzRfR_YQ,0.318
_DYM9IRX65c,0.317
nP0EyePby5g,0.317
kVoBrS8KMj8,0.316
maQcqMFPM8c,0.316
6Rc6Wz2oj3w,0.316
a3xh1aQ6We0,0.316
tbnR98iBvhs,0.315
NGiwDIT7eOE,0.315
FxTolMHseQ4,0.314
Um6D3VI5JOw,0.314
pe8oeqhLc-A,0.314
P9tGaJvAvWQ,0.313
VVqODduZlFo,0.313
zrgTPIpbqbc,0.313
LFMFJLMI9jU,0.313
JXeK5XmTfzg,0.312
VNk8Ma8s2kk,0.312
lB1gPWVG1Bo,0.312
aSMeOw29BMI,0.311
PoV42Mk4bJc,0.311
xnRSxwL6eZo,0.310
-ENjWe1f7yM,0.309
vZLCj4rP7f0,0.309
ENpPtdrgBcU,0.309
n0FW0jOuiko,0.309
rTUAshfNPGM,0.308
vMNSjSwqI7E,0.308
1NItZ73uVWU,0.308
WkTrWVy6Y6w,0.307
QU_yD6Y0yE4,0.306
nD7wZDKheq4,0.306
bTikIqkpNC0,0.305
f2o8X15aeVw,0.304
PT1b_IOftZE,0.303
RvmEo_Z_Tsg,0.303
lexUZnM66k8,0.301
eyxzZzTIpQE,0.301
ma96eRsJUbo,0.300
FZcirtUSzSw,0.299
AEJizsAc2r4,0.299
PKpQRjj_WbU,0.297
BRkRxIEKwe8,0.297
qYtEc1csw0c,0.296
jLhNd5eJoTI,0.296
Lw53LviYw5I,0.296
D2kuOd3l84g,0.295
lWM-KVG79v4,0.294
rb6cNpT5ewc,0.294
W3n_8YFMfgQ,0.294
reKBPtrgn0w,0.294
wfT3JhRPEZs,0.294
n79CwXZnlXA,0.294
qKIVDeEfyfA,0.294
0tKgSGNGoE0,0.293
5Q00IeIrB3o,0.293
hDatqLp1wHs,0.293
k9DhuGrog10,0.292
0RuGp2B_Kqo,0.292
VP7xesa0luo,0.290
JbFnTr3NvMo,0.289
w6whE1jrVQ4,0.288
GWuNf8m6QFc,0.288
DuCCNfOFGaE,0.288
SXx46LUrK8I,0.287
mQqpRjFhulg,0.286
rYkHgcElR2s,0.286
9994KDKPjhw,0.286
84ll4ADq5Sw,0.285
9v_bWoe7D9c,0.285
I9oAfsztuj4,0.282
3uZnqSw1H5w,0.282
jBSlL_bAN-8,0.282
zNjO6arjuAc,0.281
V1fyfYa1MiE,0.281
slNhQxwCSL8,0.281
-T2zTWHZBRI,0.281
ceOL6LgjRGs,0.281
T9YixUk0IgQ,0.280
hopv3uUD3JA,0.280
PqkE6lu7-4U,0.280
A1PN1yoM-SQ,0.280
orhyZB1s2ws,0.280
6VI4pIwcylg,0.279
o4Yzj-m_SBk,0.279
PiopnO55W7U,0.278
vit8WNj8DRA,0.278
ZXJ8AeztYj8,0.278
N0WFjbtHQ9s,0.277
cB7j8isEAuI,0.277
mVKuCbjFfIY,0.277
xc3cAKkaLmE,0.277
AeHXYoFPTRU,0.276
bSHpfMIh8nw,0.276
muPU6OrgWAw,0.276
l-vLhtHxajg,0.275
eVZwMC420Ec,0.274
w-EjbEZOsvo,0.273
MPZMvLna_Pg,0.272
hc_uuBpv6aE,0.272
7XkWTpaiFhA,0.271
K11moCwH1Jo,0.269
yE9Lcksx5YU,0.269
0T5S4WLD-HU,0.269
q6FS-QxH_no,0.268
1KVyf1DggJs,0.268
mwB8KjlUf3s,0.267
cG7d-bnDYGw,0.267
P2pPXVGgrNo,0.267
NnWcZOueix4,0.267
0VIkE1rQpq0,0.266
bVOvhJvi6sY,0.266
iKtIbptrH-U,0.266
ry_CEBafcR4,0.265
jGk1-YrO3cQ,0.265
Xr3lTi6qLB4,0.265
pzDzSqiIsT0,0.264
jC7EXFRs1LE,0.264
MvzVkk_Gj5I,0.264
u-R3PvOBGvw,0.264
9flguoHc4tI,0.264
QHEAJwG4EXc,0.263
U9y_nVhPjlA,0.263
Xf28Fp-xs_4,0.263
fJEsUNHjmls,0.263
pcdom4mXqBY,0.260
krr0j-nMiDI,0.260
UkaQ5SA1uXc,0.259
7O5CBdMsv3c,0.258
eigXDr8d4R4,0.258
WOt-gptqHs0,0.257
vsnomPvJ5Dw,0.257
lQQLTZRCaeE,0.256
vqCwPWXsB4A,0.256
_ikMOF4KX84,0.255
LZqiEpNf6AU,0.254
6hvkvWBsH_Y,0.254
51d52H4pXB4,0.254
dvZH6yJNeD4,0.253
Un6FppBjpts,0.252
_KvzC1ShO3Y,0.252
TY8pTA1lRyI,0.251
TqPG6fwLSmg,0.250
cIrbWcJV6sA,0.249
qlxgJ6HI6vQ,0.249
jpQzEI3HhIE,0.249
apRQhVLizWI,0.248
7cvWsNEyBm8,0.247
DbhjXwulNVw,0.247
wPPNhParkYM,0.247
pCZkg_R4ZL4,0.247
zrjdHPvCZ0I,0.246
KFfG7LyfQvM,0.245
RRNFl0Honuc,0.245
jQUthNlv2Vs,0.245
vRLgc_XQUDc,0.245
2aBsrYpK3iA,0.244
W3jYu940sA0,0.244
KwPtiuqYr7Q,0.243
-gOU6laeDog,0.242
9RD2zlNSjGc,0.242
AWOF_orcnS4,0.242
tUpjozcvgAQ,0.242
ff4F2ImO5-c,0.242
Z4LwVVzRmKo,0.241
KX5CSrlxr-A,0.240
r19cThTHGsg,0.240
RtUwBwsZT7g,0.240
h1h_lEL4BG0,0.238
Du1-AlFsqxo,0.238
Af3DcMEWzpY,0.237
cou8GGjXdck,0.237
yQvkM7Yl5VA,0.236
Oe6m0hsrLek,0.236
cQwWxPxXPQA,0.236
GZ0n3p2B4oI,0.236
7rJnhca9bMo,0.235
Jdgoq1WuyTM,0.235
WH0C7sxoEh8,0.233
eCqPM9COdCg,0.232
hlNM449JGfk,0.232
JNUGvRo5m0Q,0.232
QySSe4-TzMU,0.231
Ac2oUlelVRM,0.231
GHnhFhhB338,0.231
Qa7P5qKf1e4,0.231
W-xtfyoQfLE,0.230
jWyQyOZ5Uw8,0.230
Jv8p4Q4AG_I,0.230
U-rUfKhdLfs,0.230
ovdhlBpp7RI,0.230
iw8CZcyvRE4,0.229
8VAaHMBxAh8,0.228
8zKv2YNGO1o,0.227
96es8Y45JKk,0.227
6IbsvRkdlMw,0.227
-qm-GZaF_pQ,0.227
53hesBLO0Yg,0.226
_bPa-VG0AWo,0.226
N_Nklm4x-vY,0.226
HMDG_yT-VvU,0.226
NL3ejW72DLY,0.226
eiOTHwrLp0A,0.225
_oQbKbOw0EY,0.224
jbv29MXAWLA,0.224
1ENM71Pr_mU,0.223
4S5kMA3PXYQ,0.223
XINXceJjarI,0.222
RUqor161OMg,0.222
AZdymSR5zH4,0.222
202c-8YF8Qg,0.221
RuuwyH4xDNM,0.221
5NnRlh7sjRA,0.220
41r5_bH7_80,0.220
V80kAFk0A9c,0.219
pb5abvtdmTg,0.218
8NyParAaNos,0.217
qcSAvBl85rk,0.217
JooCqdgVTP0,0.217
_3e62BdCbWc,0.217
Wtpk5EXsZy0,0.217
q6Qace2nwLg,0.216
nN42Urxp3-M,0.214
-wqabrRTGTE,0.214
-URgv3n1SXc,0.214
YYvXP4rEu_8,0.213
Fq9uXIafENk,0.213
s616v2pSWDU,0.213
Ht8J54XzZtw,0.212
dNH5CiYCn3I,0.212
Pbnc4uScy2o,0.212
_EK8uFkksWc,0.211
YKB8VQfPVzE,0.210
DuAJaDsF-3M,0.210
e5Z7F4mctV0,0.208
T87DWhM_Lmc,0.208
pAQq6KDiAbw,0.208
jmRzglmp9sQ,0.207
UU7kxP4mqkg,0.207
7b9np6BlKYE,0.207
Yxg3K9lBOkY,0.206
LmtdkjdEq1E,0.206
FIzbRuR42oA,0.206
pSKouCqLSw8,0.206
fuonFdRJ1a0,0.205
mhnoOI4O-48,0.205
F71RjhgjW-I,0.205
OJV3UMPvPO0,0.204
vXG0iv7CvTw,0.204
4nWy4TchJbM,0.204
beafKqtr1w4,0.203
DyCpt_iWU6k,0.202
6pmtqjiItPA,0.202
xnUW71OJ-Y4,0.202
6KDPebVy4vA,0.200
5c3AeExOvKI,0.200
dC5UTulBCK8,0.200
EspOhniRd3g,0.199
MlOae7hel3w,0.199
nLw_K8uARzs,0.199
7J4rksZ-2tk,0.198
OfpqPI4YDAc,0.198
u09ek8gwspg,0.198
OOVxmS4Rv1c,0.198
mUdVEJF7qWk,0.198
Y2WJugXR8VA,0.196
d_GxLkZDRfM,0.196
4Gqi15Q-GNI,0.194
2Ih0EGIu6b4,0.194
OnSnIJI9DCY,0.194
QQNm1X5NKIE,0.193
EUJs-0L50OE,0.192
GHEqt03Esz4,0.191
6XGLy9Lkw0s,0.190
1gBMVa8nbww,0.190
mmzEEF35Ryc,0.189
8IXz9J3ccRk,0.187
yjFxe_RBDA4,0.187
FNeI-DmuzU4,0.186
NWcut0gTifI,0.185
W9UW-QLg9d0,0.185
9krLGevYejE,0.185
x9I7Jv-IfuA,0.185
g1p5WSE_Y9E,0.183
Q27E_NbiEl4,0.183
-SL4sWBE9U0,0.183
2cW-YWgc4eQ,0.182
5GJWxDKyk3A,0.182
bWHR0fS9jvQ,0.182
lbVIH7NEacM,0.182
yfn0yJ2wPDM,0.181
5jJeZVqYFbY,0.181
NSmMX_VHWsY,0.180
6XQb-wOMvBQ,0.179
EfQdS7KzO_s,0.179
794rJOk_NHI,0.179
SeqQ3p383Fg,0.179
ivDD7tR6BmQ,0.178
9flbelA0zwc,0.177
FhI-4lGosQQ,0.176
1sbwGlDoaCc,0.176
zwK3U_1-F4Y,0.175
rrczewpcfSQ,0.175
l-6zfvm3clg,0.174
GJ0JEwLqiLM,0.174
jzD_fq7TjeE,0.174
_a8TVQrCKik,0.172
LYeaa6aH78I,0.172
rItv9i6c7AY,0.172
vMFsloSr98Q,0.172
ini5gc8VkfQ,0.172
TkeZN0d_9xg,0.171
nq2cr1D3bvQ,0.171
gmR2zGQfkOI,0.171
n8IhRVMw32s,0.171
lYQZJ9NUzYU,0.171
2B4XYYaos_c,0.169
yvHPT0tgVGw,0.168
kEuvIGHXeNI,0.168
BZ5pyJGDoCo,0.167
w_NYx_jcrE8,0.166
DS4O64rJ_4E,0.165
z73gwSv-Yi0,0.165
A_8OHDRwwa8,0.164
Ae829mFAGGE,0.164
9Ls4bA0hMpQ,0.164
yd8jh9QYfEs,0.164
wcWGSzjUjww,0.163
KN3Hbl6d5JE,0.163
LdV33mde69I,0.163
-8tGzPmE51c,0.162
SrTLRKTBdWg,0.162
pMxGexmQe9A,0.161
X1Q5hnE44xQ,0.160
7XPUCCyRiHg,0.160
CI9i0Wy6S1s,0.159
igl-NerO3-8,0.158
6mjqBmHXDfU,0.158
zi1D0MKWHU0,0.157
mkXm7eE4oZ8,0.156
jj2klccvhBw,0.154
VEZ06NfqMdk,0.154
TeYbLA_zkic,0.154
CswjlcZeE8E,0.153
Lo5sHorTBko,0.153
M4jTnUAeHk4,0.152
IpYBT0GDw2U,0.151
xir2u1jtLPE,0.151
nySkR5uROYE,0.151
XNdTBuU9dZA,0.148
4i1xvxlS898,0.148
wBKYZrbfJRU,0.148
oacsuZPb3dw,0.147
GL0aGfbJrjE,0.146
hZY5EZEzpX0,0.146
wmFVxnYIV3I,0.146
0zTAWdQ1Zsk,0.144
kmmxR4HZNCU,0.144
yL0JQfcB5hU,0.142
Gz-srscV-ZY,0.141
oZQ-6_1xi94,0.137
ANH4fIlHh9s,0.133
ccQAao2An5I,0.133
DRebGVbK9sM,0.131
JePlGwWlZwI,0.131
6JSyrUZdbQs,0.130
BqoSpOXYmU4,0.130
Aylgg41TzoI,0.128
pwGR7vpQVCo,0.126
zRHNi3QfFlE,0.125
tQZVkugfAis,0.125
CReZ1AWnhas,0.124
yr7LiUsz0fY,0.123
WQqOKyz2lGU,0.121
pM1ixmgDAAQ,0.120
rezoqk-qMM0,0.120
HM63Vvjl588,0.119
UL-GXzzTh9M,0.115
5_tDjT0ysDs,0.115
HNz6Fm1mFBU,0.112
JQgAsAXCaNw,0.111
w4qhcMdYra8,0.104
8gEBCspEWpQ,0.098
WPWij7hyiGs,0.098
ykIqT2bLer4,0.094
KFMM0mKTcbo,0.090
Ao2uiAaOhXk,0.085
hfBtWgI4SCM,0.072
uJNh9XaNKvk,0.055