TD9A1-vsQbs,0.562
gfaoXy1I1p8,0.562
L2qDny9CoOw,0.562
qcKaHolabd8,0.562
sbikGRcO7bI,0.562
UXdZIXW3Pz0,0.558
RMur9M_Id9U,0.557
HKKH6CQTQk8,0.557
75tePOBXm10,0.552
38pPInaJBg4,0.549
vIiexMdPD2M,0.542
HfBM_t2xexo,0.541
5DaF90DvXzw,0.539
hBykglm7HE0,0.538
kPSMJFK2nYo,0.534
F6zW5JWCelQ,0.533
UopMbDN0lXY,0.533
sMRbJYcQqnI,0.533
0EOQZmgFRkU,0.533
uIKGxxjkQe4,0.529
-BrwXyTbFcU,0.529
52w1HuIFqEg,0.526
A1lsTLs-iZg,0.526
1gIc-uadBHo,0.526
kbFoK0p1RnE,0.525
TWOaiw07fhs,0.524
rt4eoqdXQdk,0.521
BN1f9WjKtW8,0.520
7FvPPSEUokg,0.518
ILdBZPHQQvo,0.517
TEzU8FaTmjk,0.516
bJx6mHXKmNs,0.515
QQf336hgLWg,0.508
djRK4F7hP4s,0.501
tGcG3ziq38Y,0.500
gTJtnOp7XIY,0.499
Gp9Ny2GuJqQ,0.498
LhvrvYqv2nw,0.498
iC5SWgqWrJw,0.498
7Vtox17SEJo,0.497
nxeB64ict5I,0.497
F2nGfX6VLEI,0.494
ghNBaXKK6TM,0.494
2SsHXTtyyJk,0.491
KPTP5qyfTsY,0.489
fsYT023B6IU,0.487
9LbvzZytZPk,0.486
3JHhu5oSi30,0.486
RnwfBirAXUs,0.484
DvwR47nOVYI,0.483
Hdx_B_DqQAM,0.483
_GmnpHaMU9I,0.482
tzmFGMxQWFY,0.482
jmYpf4S3t7s,0.480
taLxJtC1at0,0.479
9jqOeGYc974,0.477
yDm8_6FMSXI,0.476
phLAy8t3pM4,0.476
TUBwjaZefkM,0.475
84zkT4FIaOk,0.474
2o6pXWVMYyA,0.474
I2WZTs648fo,0.473
W3sK35wwQbg,0.473
lgo8mJ_vCSw,0.472
iQDNuTdAb0o,0.472
P-eLe2zuTyQ,0.472
mLed3eSIC1k,0.471
on1IaApCAZA,0.471
BK42x7Oas1U,0.469
yiYIXaBFhY8,0.469
bhPNhhOpDd0,0.468
xoNcz3t9vd8,0.468
vBjKM-HWBks,0.466
7VijxPMO3QQ,0.466
BJ2sIkOYxuM,0.466
e4q0EHSLrKM,0.465
owblEdd0ae0,0.464
Ez2Vrw1k2n0,0.464
OaQqZQDu5-Y,0.464
jHLvsQaQ97U,0.463
1qliwAF7-dw,0.462
W4pbVQK3FVk,0.462
4plYB8NQXkQ,0.461
xPefmnoJarE,0.461
h4CyhQqAPpk,0.461
PKWezpRq_c0,0.459
PDtI5jjCrto,0.459
4CV7PfHOpJU,0.458
w_u8F68W24Q,0.458
siAN6xGLz8k,0.458
KMwNFHRy9RQ,0.457
gbKzdzCmJEs,0.457
OJlya8YfQxM,0.457
lUs_3wReDSg,0.456
TZgepeNs5-c,0.455
Wx5deWzXJwU,0.455
UICq_t-AQx0,0.454
VM7iUjbAgr0,0.453
NFyLNKS4e1w,0.452
6l7fma_5n-I,0.451
vlq1Jrppr9k,0.450
DCQZVHbyWwk,0.450
bWlQk54jNKM,0.450
JDFirX5pIRE,0.449
Aiymgo5cz-Y,0.449
y0iUqRHs_SI,0.449
Amu5FdZQuIU,0.449
gZPeIHHII70,0.447
7sb9MQDpois,0.446
Upgxi1ymXtA,0.445
wZKYU7VRDNg,0.445
cDVR3xF9_Bw,0.445
h6QcwhOCONk,0.444
yv_FDwlrHx4,0.444
fufo9B4GXsA,0.444
Qrlzt_zlN0I,0.443
Lg7jITmJ7Hw,0.442
MgKTbWPEFaI,0.442
zEk_T7l8N7w,0.442
I_grjH0NJjo,0.442
3Hj_UyuQL-k,0.441
SuRuvEHfgrg,0.441
etBINKTRQTM,0.441
FYLwsxGkmhs,0.441
0Xa-hgxL4zk,0.440
smmo-KjcC7M,0.440
UtHbInPx1e4,0.440
XoIRDoyJqJM,0.439
gN5I8LZn6Qc,0.439
SWGBLkdm5h0,0.439
8i5_cVHwgqU,0.439
qZVzt2UZNCY,0.439
0Y_SDtQWE14,0.438
JhUOA1m4J_M,0.438
g6fmZ1qLymc,0.438
bXTfp5aA7zc,0.437
F2l6iinWOnQ,0.437
fjUngjQ0zg0,0.436
JY1Ilie4LZY,0.436
57q19u4EMtw,0.435
VChYQEtiu9I,0.435
YwuxuBmT1OQ,0.435
bLhpsJZC8Y0,0.434
guBSMxju72A,0.434
YY4r1Go3zJ8,0.434
UJeCAiCWIko,0.432
RIhx2QRj6vw,0.432
JkyTxkj6GNQ,0.431
moDeU0elqwU,0.430
JhmvsQVaJ54,0.426
CmKyInczcK8,0.425
3_YWKBQf3II,0.425
8GqTgTTM7iQ,0.425
y_D6aWf00QA,0.425
BFWUWpITBsw,0.424
UK9kd3Sc3Y4,0.424
RynzclsHDOQ,0.424
8W_WB7BlJvo,0.424
KG_ybdk1VaE,0.424
Utu5z8su8Ao,0.423
eTtlsNH5JoE,0.423
dXrb9KQoYMs,0.422
J07UWOzykgM,0.422
qFWq_9Ab_7k,0.422
IGzi47YQE9k,0.422
sjEqQqrYe8w,0.422
dYXsUCmDF6Q,0.422
rS6S0NWjGsM,0.420
Wvc_c5WQ52c,0.420
K7Aie9fl0f4,0.420
Y221oFwFs-s,0.419
5MCj_W4nWXI,0.419
Ep3eAF1z5LA,0.418
HaTBvyB1FVU,0.418
_2o1Xd4iijg,0.418
zXwMv70eK70,0.418
KHvL-RAdHNY,0.417
zqZbpHRy5eY,0.417
WWuCFMe8UKI,0.415
wZfXLTgQO1c,0.415
gcMs-0qZq18,0.415
fAHDOsuSg7k,0.415
61Ceeao_gNc,0.415
H9QBqZrYv3o,0.414
8H9nKtbjvRE,0.413
QYbbld7NI4Y,0.413
Cw7o9aR3L30,0.412
5dnUUbnlQY0,0.412
WiCjYD1Ddko,0.412
Eaq5EdxCBuc,0.412
uDib88POQjo,0.411
eQnY7Otq-qo,0.410
2QCgKsgkBf4,0.410
aAUGj9h0E_s,0.409
LYWf4FUnQ30,0.409
wiOBVpXxFZo,0.408
oUDpzYm3es4,0.408
7AwYQ6mF8wQ,0.408
r7gTuGg0YOg,0.408
7lsu7A_NNpg,0.407
rC07H3QGtEk,0.406
KvPrzwvjKfE,0.406
53xMrhp-th8,0.406
b9oTmLtTADA,0.405
lrQnpdZwUBE,0.404
dKb4dvQldzY,0.404
PELC8FlxaqQ,0.403
UpQJfKLEzWE,0.402
B3Zjy8XLbs0,0.402
lEJlnNrSpaw,0.402
pwj08CRAAkI,0.402
iOGA3dk7KbQ,0.401
yZBpFA8i4Z0,0.401
POl_1JT2rF0,0.400
ND-lG5WvNhY,0.400
jW2zimEKrgY,0.400
tCNv01KRmTE,0.400
o8uQB7h3Lkc,0.399
H7_H7lY-5DQ,0.399
_q0n28hIiK0,0.399
yPMmKiXcanI,0.398
EYnmpP3h-Ak,0.398
adNG3ZpjNsE,0.397
sTvDfI9ey4s,0.397
bR1iis_236k,0.396
aKT2ieLKYGk,0.396
QTSFVbDQq-U,0.396
It7geTisR2A,0.396
xDtzMm9VrpA,0.396
v-JZtrwSLmA,0.395
84J_1ylwfNU,0.394
urQFoQzkbUc,0.394
pTgPEUw5Rvs,0.394
OeK6-hbHdQo,0.394
9wtxQQeYp7Q,0.394
HYFvPWjKKvM,0.393
VeRdNssOok0,0.393
odtmUQafek0,0.393
0t7AP_kDnKU,0.392
zTUfr-if3V0,0.392
cYUy4fxN-gw,0.391
cXmFuzelBAI,0.390
quHSdDcaVP0,0.389
OjyetShm5Mo,0.389
-DmZabRCDhw,0.389
ji5WG9zkqCc,0.389
EqSiTSYpFOI,0.388
XOatJPocjDo,0.388
kB8k92ZZNRw,0.387
JdVDLGeXh9I,0.387
59n6Or5w-NE,0.387
wQAJ-YwH1Is,0.387
GCmMgATQGF0,0.387
Q2c47Z0_RmA,0.386
u-opZyjp4V4,0.386
CIVWnc5OFRg,0.386
EopmaMS6WzM,0.385
0O9U2voSog0,0.385
zJ55IYLj8ao,0.384
Prt78Bj-VME,0.384
IzNuwM8oVn0,0.383
grFbgPiMqws,0.383
eki5rphwJQ0,0.383
Tj1GqIisVP0,0.383
6ai7xEHGjBM,0.382
QMDoXbBWc78,0.382
TTqD_Ouh2Ts,0.382
qFaj-_4uunY,0.382
RxykEjW-Snk,0.382
OuRDHQgWr0M,0.381
BJjmpxGq6xg,0.381
4qeEY7vHaOM,0.381
WLZ4V486l5Y,0.380
vCBH9LZVRB4,0.380
KovhsxWHoVo,0.379
3ZPcFnrQ2-k,0.379
dD6votEwQdU,0.377
R4dwtw94dYE,0.377
gwNyRXDBvgQ,0.376
-iz4eafKjXg,0.376
iGc4fnmgy1I,0.376
ic_5duyG0S0,0.376
ckHCdM-UBRM,0.375
jqIMWLLd1i0,0.375
ZcRSgUXITX4,0.375
F4V_N6uKMZw,0.375
vUrJFrGHUek,0.374
g1s1BUVzxpo,0.374
GzF2SMxoABs,0.374
tcVa9ke89iE,0.374
PmA_TbMzA3c,0.374
aLVXUvDBfHo,0.373
apLwI2CIHSY,0.373
Xfi0H4agLiE,0.373
7lK-lRRs1jU,0.372
NZ_6m_9qzBA,0.372
MGHHCh0giEo,0.371
0qMXOCljf9w,0.371
urLQhtZwW7s,0.370
vrZPa4M1ayA,0.370
UEf9lEi7-hQ,0.370
zRRT3XiHn_A,0.369
ZIErqYP8KNU,0.369
cuaKCml4dSs,0.369
XUAGcAP0jU8,0.368
oNZdJbGrQV0,0.368
rgTxZvL3NpQ,0.367
NL5hrN4fVkQ,0.367
Jk_FWetOoZA,0.365
bG4aeWfNm1M,0.365
3HMIMG3TElU,0.365
SnB0uGK18V4,0.364
Ivi9uIQjqNk,0.364
Z_oGLI7tDuM,0.363
EujhiM7lp4Y,0.363
CusBjPBWGlE,0.362
dzm_QDCqm2U,0.362
NZe24izDSIs,0.361
mBlweKP0jII,0.361
ZBEtQZD2eRM,0.361
hAYsBRJA7SU,0.360
XWgrwOOxaT4,0.360
c6orh6sL8hY,0.360
wSjMyiB7pGs,0.360
-zvRIV4Rxb0,0.358
Ck2LrDdnFT0,0.357
A23mzvLFZSc,0.357
3_Dyua5bL4c,0.356
lcPwdQAnscY,0.356
a6CoOeQl3ok,0.356
QvoVQlhPy0k,0.355
H35tKQfrX08,0.355
10yOnbtMl_o,0.355
h7tEKsBwTj4,0.355
2h3g5XZ0j6A,0.354
4UE8_j1ytkY,0.354
pHnNUoFJ9Qc,0.354
HBmGku7N-bA,0.353
sfPI8Iue_cU,0.353
CjQRxjLTfXY,0.353
5tBdh68R1fw,0.353
rEJZtAvvZ2U,0.352
4OeVFNdGgX4,0.352
Y1J-7sJukj8,0.351
56-eZ2jbTvI,0.351
UAV9KLI_mKo,0.351
MwE67jFPl3Q,0.350
-V0ekbtIyyI,0.350
pfaIHrtjZZI,0.350
GUtZLOykQEc,0.349
3FAxPhdolUE,0.349
7j_C0gB_p0o,0.349
s0mB_vFIbXw,0.349
BaYMuqVtv1A,0.349
umxM8OdcaX0,0.349
meqK1T7Gcho,0.348
5Gd9W10qwo8,0.348
M6gZvxPqzGE,0.348
wohZ39rocfY,0.347
Gxfrq1O24o8,0.347
R7USityn9SA,0.346
Slsr1rgXkkI,0.346
dLIJEWEiFSM,0.346
A-hldmqL9ks,0.346
GiT9zgrGSZI,0.346
_TOwPxwH2xw,0.345
mWsADonyn9Q,0.345
a4oPQf85hiY,0.344
x7yZBcJjii0,0.343
512QJudDZlE,0.342
_uQnl0DdAXI,0.342
xtmGkK9QRdA,0.342
zNmg7RpNOgg,0.341
ufFgEyTW_7g,0.341
tCmnRePHVwY,0.341
WhkqZyoaeiY,0.340
D-o5zw6XT64,0.336
jg9bKmXYKNg,0.335
hUCrriaX-mY,0.335
ZI2TO5WkGoI,0.334
kO8cIdKRnNc,0.334
zJCkN48b2Co,0.333
BIeS1AtXWe8,0.332
KgyqDOy_6yo,0.332
jS3KFHl8J34,0.332
r4iS2m0xvzQ,0.332
A3SDcAidyv4,0.332
gK98FvVs5XY,0.331
S3mKUdlX9Ro,0.330
6NaXe01IgFk,0.330
sApVwKa2dBU,0.329
q1MK85fmKC8,0.328
LlHhUUqnQIg,0.328
O4DYLzvYu48,0.327
hotqljrIopQ,0.326
qE6svaZIEyI,0.326
XvdrsahG4S4,0.326
Z_moFZq-CUQ,0.326
-NpUitriH0Y,0.326
qTWsksWGouc,0.326
sg6wEQjhe5Q,0.325
li7uTdipFlM,0.324
IlWes6jq12s,0.324
NOWX9R9pLc8,0.323
iP77rBYSb0Y,0.323
AdZy4EcGlcE,0.322
82xGUG4FjpA,0.321
w1Z_WDLN4vQ,0.319
VrzVi8a9RKs,0.319
kfmXk3q4F1E,0.318
_QJg59_URXY,0.318
1qJYJl4MC54,0.318
fIOannUiIP0,0.317
Ay9tHHRTwrM,0.316
Z-idq_3RFtQ,0.315
jHSwXvTOBqA,0.314
OCXeEhke84I,0.314
0Q80RMNoMKE,0.313
y4enz9ZeD_k,0.312
mRN1e0K011c,0.311
NB1rGJD3gk8,0.310
VqOu45kM5D8,0.310
c3rlT-SPQ4k,0.310
i6a8qeG5HKg,0.310
CDz1wjcxxLM,0.310
8RZ-UUT_ubE,0.309
cst-RZqEnX0,0.309
xlfkPFBW36o,0.308
WDSTsvzenzY,0.307
kwy2E5HOgDk,0.306
0N_UYcqJric,0.306
nhaPAXNSrIY,0.305
hJ7HVhW-pe0,0.305
Xzmj4nYDs3A,0.305
NGYjizux8wk,0.303
mH9IvSPotSU,0.302
orQ57wb--FM,0.302
UzPyN4eHkbI,0.301
rU9YYJA-n4g,0.300
BDtNS_1rdYw,0.300
z9c0BWrkXBU,0.299
FNxjNhQEeCw,0.298
BevKGkVcRYA,0.297
9ZI69vaOHbU,0.296
05dnp086Cxg,0.296
Y2JdF3lGqNA,0.296
KZzYMi776_I,0.295
XuKJfwIzIDk,0.295
_pOnrqlEtVM,0.294
Mqo5Wpr8rTo,0.291
9HS-fL-3cQA,0.289
lFHRl-bNrcA,0.289
BKcOUqjGYYs,0.288
HyG1gwKPOeA,0.288
3foMPUBHAaM,0.288
XatFTjK94ss,0.287
Xe2tRdDZPFc,0.287
vyQN-ehVmMI,0.285
fqFiGvIRwPs,0.284
gJhWP8KlLJY,0.281
S20OLMrEmz8,0.281
hwV7fc-Qjp0,0.280
IWjhkIKadrI,0.278
liu9XwGUQFU,0.278
zqJD-hX0BM4,0.278
q1Xy4kpeoJM,0.276
NSgyKdrDMjk,0.275
VLb8o6BuDmI,0.274
XNvQ-7JMWGQ,0.273
NBDAWPEMFsI,0.272
rDcxYOKTSWw,0.272
7gDcOrDu0Qg,0.269
DPA66OsytIk,0.269
4-luGGmCtsk,0.268
8hvI1MfKBrk,0.268
rSfoFJVzXck,0.267
dMm3A_HljPw,0.267
sm1sb94Fa_M,0.266
rkIqBmh6tqo,0.264
cyoPNPvqMho,0.262
3bYeDhyGjd8,0.261
tQgKekpzWnU,0.260
0l82OKThdx4,0.258
8d8PlBhclsc,0.257
eTCTfHeQ6CY,0.257
qYWw23rh9BU,0.256
muakeiKSgoQ,0.256
INMocWUb7_0,0.256
GXiVKZFPySQ,0.254
4vBgfesm8nE,0.253
oJ1zTCq9NIo,0.253
BpRC0NA7nsg,0.252
ROTBrpMOVe0,0.252
vEJBiJoDzvI,0.252
-qE3AINUQCg,0.251
Ovj5NIhsWI8,0.250
P_cab0lsimo,0.249
6IjIU1OObH0,0.247
ZQnGGClvHEo,0.247
oGQhZHpYMHc,0.246
Z9hrCVkQCLY,0.244
BsqOLCXYznE,0.243
M1NHKGK_N8M,0.242
pbIScqw-wQU,0.241
clJy5vg4lTA,0.236
WOj7kHn_KNA,0.236
S2ddZ5kf5cw,0.233
eGemlz7krlk,0.233
V4USPAC56PM,0.232
WfSmWt8mu_Y,0.231
uFL4iXYj1MQ,0.230
8j2QoOHBr1A,0.230
IjLLfza0mjQ,0.229
7huoTZQUX0s,0.229
ZErTynQE7ug,0.229
TaDbjrK6Yjw,0.227
ts7ZbyVCE54,0.226
vh1DtF-SXa8,0.226
6uWOuKT3IEM,0.223
dzQodyrcT1w,0.223
st4cf3o3VVA,0.222
2nDye0IgT6M,0.221
sWt6I2mIpps,0.220
q7mgYKWWUcg,0.217
n4R9-7yEnWc,0.217
QpQXXlBWwOk,0.216
k981Ftop7Mc,0.216
uA3g99phXeE,0.215
N-weHjrbDqU,0.212
kXc6so3gS50,0.211
XGgBr7fTNrY,0.210
V-xRa0wAffs,0.209
zLRNUeWg250,0.207
jtZnSiB2ueg,0.205
Xm6w5wu0rn4,0.204
A1yHyMbFJxM,0.201
cnUncQeAIdU,0.201
1ZYUjnhT3i0,0.200
AVWOC-QGw2E,0.199
-9xDEA1u-ls,0.199
pOQFYYRuIYE,0.199
zZ5TBfF9m1w,0.198
dHS5lkdLPVw,0.198
v-e6WhOpKto,0.197
JhQcBaqLdmw,0.194
XotEQobW2jw,0.193
w1ZgnNiwiRA,0.192
HONM1zGU_tk,0.190
F1Fgx3S5nMw,0.186
h8ipqmvngTg,0.184
116BpSQbzlc,0.181
uRQcxHOBenA,0.181
3jwxe7ZFRdc,0.178
oDnzbkpX6PQ,0.177
-yJMn0Sl298,0.174
3azZxCs1a8I,0.172
CGiLefyWFnY,0.171
YrGwkfiq1oI,0.170
t3nRaY3JwDE,0.169
gZpIJz7I3Y8,0.168
kI0dnAWTv48,0.165
yyEJkQv4ruU,0.165
GKRKPGrGHXU,0.164
Pj5Ni-RmSlo,0.162
vFfacWrdg0g,0.162
YaxG1Lf1lHE,0.160
7bKy92i6LwI,0.159
jnwR5QueSdE,0.157
BssPckBFlbI,0.155
xHhsoTT-cto,0.152
Lj5M7cyTBPw,0.151
9hhFaS9T8bU,0.148
N4wcUvjDQj0,0.148
iA9jUTgYY-c,0.147
pO6FoUGpyo0,0.146
UC7AeS8OVEo,0.146
QmBDDMsB6aw,0.145
S88iea6eQW0,0.145
kh52DpzriXQ,0.141
1b5dNe1F28s,0.140
jP0vdV41df0,0.140
ujpHaWaBGvA,0.139
jjd0NeL9tHA,0.136
kL8Cg5863bg,0.136
5_MKJSRd6jQ,0.135
L4VRv8JF_Fw,0.135
WoK18k8rTR0,0.134
TNdPSRSwlAE,0.132
oKWrdAhGHD8,0.131
Ps70_FgniaA,0.131
APZ2O87JLfs,0.131
c56XSdY5m0Q,0.129
TdoaQ91QhJ0,0.128
cMeOPlIQ7r8,0.123
-TCwIPsCbro,0.121
Mo4V2XOlgZI,0.120
I-W2mJLiZNw,0.119
K4ZtVei_lhc,0.119
dt3D-J7sb_s,0.118
9aKXwMCfkgo,0.118
xx25S8kuxyk,0.116
yB7M-Qytx4U,0.112
8sLroYGdh5Q,0.111
A7FHrAPSrw8,0.110
F_0KQD0SDYQ,0.106
97KauLN-kOk,0.106
dY9nTCc-K8Y,0.105
M1KLTI9C4rM,0.104
sRW_pzBdwnE,0.103
v0xaP2cZ_F8,0.102
C9ND7NFepNE,0.099
LzUffXFFoY0,0.098
0ZN1nwRBTP8,0.097
EhE_aJpGjP8,0.093
VzeQGYOqsZM,0.091
w-sMfPtreww,0.089
m6D0DyrgCKI,0.085
r0frpFibP6Y,0.085
Rs_Pw8QISQY,0.076