zQyjaJqbn7w,0.609
qtlhdIfojmc,0.583
6gEmfZRQ4ck,0.571
n61-E8nvqRM,0.569
iYnpZ1EM0q8,0.567
99uHItCLmfE,0.558
RSf2spRCH_8,0.555
QaY2hYUTQK4,0.555
jG46n5NV8UU,0.551
6zSVd1JbzIA,0.543
doSbZq-waJw,0.540
QWiXTHUARf0,0.540
xrORhp1mMag,0.539
gYeImcVNbuU,0.538
ZbN95IvS_f4,0.537
MXKw6CbPR8M,0.537
MVtaq94DYAc,0.536
VuJYnwlIzBM,0.535
k8W8K-pxEFU,0.534
RWwaoWw041A,0.532
-91Ra3qC1HI,0.531
ygzmVnBoMfc,0.530
Sorme8l7Ppo,0.529
UHfm5LmVz8w,0.529
134j3CCEsQM,0.529
OVnCW3ZLX58,0.529
PTq94O_lwBw,0.528
h9aPf2ASzdk,0.528
IGOUN5pnDVc,0.528
At4GymbpiSU,0.527
2hQRv9omQ9Y,0.526
pcCx0wjyNiw,0.526
xQij6qjioiI,0.526
np-3bNrDswI,0.523
TdehvhjWerU,0.522
D8A8_Bc90jA,0.521
0KQomNdAHuA,0.519
4JDStI44V3E,0.519
51zxW_hZ2ZM,0.517
dOyR8jepw-Y,0.517
ncI7yjjiiu8,0.517
hGgGU-Ojgik,0.516
At1JxtSyiM0,0.516
BRCn1XcqskE,0.515
5nmiBsAgC0g,0.514
Pf1bbVIcty8,0.514
wMH7XcbO0Bo,0.514
wAE91SymKFc,0.514
ye3EFzivvC4,0.514
Zg4fitmuUxg,0.513
6FzsqVOEGHA,0.513
F_X7gkqWLoM,0.512
WsNtvQuTN2U,0.512
sGoWr64axqk,0.512
QnWDupp-9sc,0.512
LpHTmgXFJKM,0.511
-rm6OoMZSvY,0.511
EsaTyAI2qxs,0.511
zZ4Qtuy7QcY,0.511
c-BPqUMbM60,0.510
hP8v7nN3gTo,0.510
qiK3p8rLOqk,0.510
Ha-zanJ1r3A,0.510
V-l_rEyfUBE,0.509
PdlyEWYuFkE,0.509
nJOoengtY2I,0.509
a7FH61KE-dc,0.507
Reh9khaP3W4,0.504
zk_OYb0NKKk,0.503
sNJaZ9VdAU8,0.503
micQyXAbj_k,0.502
3r3tpxzn5t8,0.502
rN8hj7bGj8s,0.501
KXAWH9UnPl0,0.501
5Uqdm1SEsnY,0.501
3GClO3-6Eyg,0.501
zvjlXbSnISM,0.500
slX5nXwrdyA,0.500
AtCkrSfYfCQ,0.499
HXMldKy1Adw,0.499
m2QlIAyKn14,0.499
TbT6K0-qgTQ,0.499
P0l4t8QEfag,0.499
Sycv_DSpxyc,0.499
YRYWW4tDuaM,0.499
h2sigrTff7s,0.498
jnRqKHhpx60,0.496
8Gz0W84kEi8,0.496
ZwbA0_SUfYU,0.496
1q3lIaxaqmg,0.495
OvtjPvA36g8,0.495
jOvo1NvD0Pg,0.495
Rq1kUo-I9Ug,0.495
PO5d9O3LoCU,0.495
YNzmwKWhTK8,0.494
zoyhs-EiJxE,0.494
LpMqAVgaBy8,0.493
Kw9zBMJKzmE,0.493
nxCFIyObeA0,0.493
scgcui1ot5s,0.491
8fhEcvnDynA,0.491
Hs9MTigMGQM,0.491
Qh5jwZRvehk,0.491
ll3hfYj9Bco,0.490
PYbecNSP42k,0.490
pyKJdQt7HSI,0.490
JJo62KyQUfs,0.490
zMNl_fxUFaI,0.489
jY9stc7h1Go,0.489
EVae-7MUh58,0.488
hmLAr_tHSE4,0.488
2PD_qpYFD90,0.488
8yJve9gHYII,0.487
w7GDGJa7FnM,0.487
1WyIrfZfW0o,0.487
vGE-RfP6KRE,0.487
Q23Ye_N5Emw,0.487
xpy9g2hPOo0,0.485
OxcWDrPAeWM,0.485
6V8fYtA92Rw,0.484
Ku34UGNereM,0.484
QN_DWKMmIbg,0.484
jwvyChljIQ4,0.483
443eMkX2Jj8,0.483
4iY7kveRnXM,0.483
XK1Pec79tXc,0.482
ulTyHPe8iiQ,0.482
VC4Vo3PKfz4,0.482
bb5fFip_ZUI,0.482
1iFXguy8hKA,0.482
klE_C91A6FE,0.482
nOoAsp9V2h0,0.481
vvIT0ygAJCk,0.481
PHQRvdFm3tI,0.481
WvrtOCFS-JQ,0.480
rN05Eu3cync,0.480
mFm7P5a_dCc,0.480
bG3Qi8NvRYc,0.480
h3ydITmnO0Y,0.479
KBthCDXB3fI,0.479
f_msNFIQfIg,0.479
ChuV7wE0igI,0.479
3-gUzUvTIhw,0.479
GYlh7OEUAlI,0.479
QBf4UQ7SZyM,0.479
fQKCitgCRuQ,0.478
EzjE6weLljI,0.478
eIzP83cSgTA,0.478
QXBaB7e6SYs,0.478
ap5pJiFmx2g,0.478
azjnAGiCxVU,0.477
f0Bg3GEapr4,0.477
6DJfHLu1wdw,0.477
1ZPd0yiUSZs,0.477
lc7fx0Bnc5Y,0.477
lG0D6pYSbUw,0.476
N7LHCfsBcoI,0.476
mop9foSDujE,0.475
VmZgLWmnOVc,0.475
Q_gJ6HoRRDk,0.474
lyVXfDDVTmg,0.474
KdFCZIP7gqg,0.474
x_X4YlVD05o,0.474
5nX50uNQVSQ,0.474
2XGQ1HipPlE,0.473
rqy7mcW-rUc,0.473
SdNR-rm773o,0.473
6jnxIzRgM7w,0.473
NzDGnQ36gdU,0.473
x1OzDsbJOmQ,0.473
_-kPPdWGp1s,0.472
Cf9gfZDlz6I,0.472
N27hXOD-vG4,0.472
wFSbQnLR4Oc,0.472
tcMHpnky4OM,0.472
56iqwdZGVwo,0.472
4vdV75Wd2zE,0.471
XLDghrWvEMU,0.471
2lg-_XVM2Mw,0.471
ZRlZVygX358,0.471
8-9-NFNnaw0,0.471
7hmkCzqWvKo,0.471
EgBYeiR-_UI,0.471
dy9C-mtnEsE,0.470
gWWqBMRHEjM,0.470
TSRcFopXeuc,0.469
jGSrB5nPHNI,0.469
0YPfoB84Fes,0.467
1VEBjsZ9gIs,0.467
lGkGdmGABlg,0.467
KI5QB-febVg,0.466
rzN4oet3bcc,0.466
VJI76M7LxoA,0.466
uI9ITH0xgjo,0.465
8cN1jPbII48,0.465
UgSiOqbHiO8,0.465
W0d_w5GtSEk,0.465
Xa_6s1EuO6Q,0.464
xXS4I6fWZDE,0.464
tDjUH6J1tEc,0.464
eiARv5hNk4w,0.464
xwKGZS3EE7Q,0.463
YsEg8cmiR6s,0.463
MzXCZUF7xmQ,0.463
XRXMMA4YZp0,0.463
ezH8rt4muhs,0.463
MqNg_KoHQWY,0.463
nrnu_bHsCyk,0.462
ZMiKSsTsngY,0.462
7uczvOkV1m8,0.462
7l5zbU3OzOA,0.462
QVsede0l57M,0.462
MgjuK2-vdr4,0.462
oxoKhfc6NT4,0.461
cR8DdhZ0dPg,0.461
2yV9pkqfFEg,0.461
t4TaSR44HgI,0.459
llSIoYri8b4,0.459
IHmHPOtPowM,0.459
_AWg5Wn-ui0,0.459
Vz6gsiIYkVs,0.458
OzkwDWbUcSA,0.458
nFsy4JKaJRc,0.458
BDSMAvqiRXo,0.458
Jtva0h_Of1I,0.458
GKPk0ZQdVnU,0.458
dSct8J003to,0.458
z-t5A2jMMQI,0.457
tTRNkGpJMH8,0.457
sTmUPtsPDxE,0.457
PUkbse574aQ,0.457
UM0NCZV8N1E,0.456
kZyPclRssFQ,0.456
99C4laj2qoA,0.456
Ts90tGlGkPc,0.455
3Mfw8DFNgMY,0.455
CP6iGZINOrI,0.455
AvRNNWsWOq8,0.455
np8nohc9h4w,0.455
ljLSsLw-jPA,0.454
xClkOCje36I,0.454
b7P7Tymwdsg,0.454
fdjJcdlnets,0.454
d5z3fjLNPvw,0.453
d4U11O2dDu0,0.453
8XSAxsuypFU,0.453
DAp5mja3xEA,0.453
eVD_uY6B-Fs,0.452
jKpSpvoIY44,0.452
O4WYV8Bccfs,0.452
J8ZNP1NCGRQ,0.452
OsWa9Yi4w2I,0.452
bIKO3xCveFE,0.451
cHgAqxbj19E,0.451
VwMlk2VXnA8,0.451
HScJ8Ij79eM,0.450
Pp2ad_o8y4Q,0.450
Y2m5FcGevNo,0.450
zuj5Ciwuzro,0.449
A40MXgniQE0,0.449
13oQ1Ag7XQ4,0.449
QcJjDKTzFXg,0.448
M7sc7NqcYvU,0.448
g58yaIbVCfY,0.447
hLW5oJ7KnXE,0.447
ZZNZnw6zf50,0.447
3QxEuKsNc5M,0.447
XEXHDo3areg,0.446
Nk8HMqgD3EE,0.445
Z1DWnzqxekw,0.445
ClW2-gfDg9A,0.445
-OLPN8tuaOE,0.445
VHRbAj0uCIc,0.444
7iSu7h9hjCE,0.444
jjUAPA1xDEQ,0.444
RogX-R-Ilf8,0.444
X1qVwc_6BdA,0.444
tdbBuKzlUDw,0.443
5RzatR9G77M,0.443
egOHp1x1S7Q,0.442
Yfi4Ze3L34o,0.442
7hYTM9c6KDs,0.442
0ppC6L-kTWM,0.442
xUJ1v3xVobM,0.442
YA5ddLuOD-0,0.442
9MXNDXvw4nI,0.442
Eq96yoJoogQ,0.442
TZ-eV_hoPgw,0.441
1bX6RO-E-Qc,0.441
idQxJun05Fc,0.441
oQhWCwiiNd8,0.441
rpvb_aUTWUg,0.441
ljYGJOSCZWA,0.441
hbqQiGNmt2w,0.441
oKYjnMnKMWw,0.441
XptUu-ByMq0,0.440
xU0IhCLb0vk,0.440
WifD8RuyXpM,0.440
06OZ8W9gcP8,0.440
08mSsCZzB5g,0.439
bl85IwZd0sM,0.439
fos50Hv70fk,0.439
n7GSUAdaKTQ,0.439
w94B1B8YHSM,0.439
nQSchbULLf8,0.439
5OoKve_WSdU,0.439
mWItHfoJe_A,0.438
v0HIrY8EHjg,0.438
0fFhkj4OqyU,0.438
CJKPvBKwv9o,0.438
6seHJZE2wDs,0.437
QqIc7ybIkzM,0.437
_fWLBvpiyiI,0.437
B_KqPvqWmwg,0.437
V6p3lwb4tBU,0.436
VF4ANqL3O1Y,0.436
ao1gGWp-ZMk,0.435
Lp9jG7UYEdU,0.435
5-bGPaO8elQ,0.435
Ic27PKXQxPo,0.434
V_o2NZPUV1g,0.433
bXx0KEYq0EM,0.433
bGSzcZG00ME,0.433
ieiRfDO4xBg,0.433
uTgrcq9-Ypc,0.432
VKVGEIB24ZM,0.432
U-3aUqcPdbQ,0.431
WvbWSXv2NEU,0.431
pspRGFJsSgI,0.431
CUE4xBZgsIQ,0.431
HP2XJ_0g-Ik,0.430
rjqOTM5icOE,0.430
bJfgEx2PBIg,0.430
YSjajXZ3Okc,0.429
z5SP2RZ3BYs,0.429
AFP3pKZ6jRw,0.429
wIYeRnRSUvk,0.429
TrT6-Zs1PIM,0.429
19MydHFjLoo,0.429
qXTXqKjta7g,0.428
qwLjycZmhmk,0.428
pG2HQUba-Ik,0.428
6hNxFPiW2OM,0.428
K8V0NNVU4xM,0.428
7Wi6IRWItnI,0.427
93BdP2tobeQ,0.427
55w65rj0pJQ,0.427
T-TqPK2G_Og,0.426
FXS_bCak1g8,0.425
xhN7sMTu2Zs,0.425
lc2425ZCZu0,0.425
xxHV1O4kCv4,0.424
M92vVeQy3Fk,0.424
dIXHFqpJK84,0.424
6Gb3eMD4ugo,0.423
s1QkNhZ9vNM,0.423
-daQVrDKLsA,0.422
bt19Wk5zVQY,0.422
_uPLwBnGPKs,0.422
CZ7s3GWtkps,0.422
-BziD6KQFPk,0.421
q7ZilVaZ450,0.421
_ksxO8uX8Q0,0.421
jQEnaEmEmpI,0.421
YZ1TIeZ1oKg,0.421
R5qU9300c1M,0.421
5-a6gxLudJw,0.420
pPFfB0E0Q2g,0.420
I6nPRZAP-y0,0.420
fnRo4aVjq8g,0.420
bMw7QmRU1Ko,0.419
a43tXqi2MV4,0.419
GYsTpCjgxlQ,0.419
QSc-c-MMPXA,0.419
S1WfEnpXV88,0.418
nLnoObrg30M,0.418
hSH23Jb3HqY,0.418
tJ_T9WJEgXg,0.417
xfQH4AGN0SQ,0.417
-4OV3wynuqI,0.417
hOu3iLjoeyg,0.417
CC5SSG5nRTc,0.416
7o-IVtyFlBY,0.416
ZBddMRySlGg,0.416
4g_TcD7wyDE,0.415
NFSUVK_4Y3I,0.415
KYEpbCSeJ88,0.414
tMVhiRmhVHA,0.414
r-dH9eKhyn4,0.414
i0OcTBB6Wi0,0.414
EE-RaaaadoU,0.414
ITPIlhWawGc,0.414
BpZIL5WcaQY,0.413
vdNhUaweNyk,0.413
jFsG_h4jWTs,0.412
BAgJYIRW7m0,0.412
GFKNYT0w0Ps,0.412
vFfacWrdg0g,0.412
FkSdxohyeRc,0.411
Ae_wRYl9btk,0.411
5TpfQS0zovI,0.411
K825cO-qUtU,0.411
pcuoDWgWez4,0.411
Ba47tnvK-A8,0.411
7NFRcyhw6hM,0.411
pHCZgLH7-x8,0.410
cPBfTY3HOBU,0.410
EzOT3CMf4vI,0.410
vg8JGE4rmuc,0.410
vubF5W7FpNg,0.410
l8k-EtrSgv4,0.410
7-4yH_Cb5mU,0.409
20m1LGJLR94,0.409
gnEQq8Ntmw0,0.409
NzUjpUjK9S8,0.409
9hnQU7ZPnJU,0.409
5fKte9TiprU,0.409
0cBOMhnHwQM,0.408
MNDIVni5HqI,0.408
qW6nIhcNDbs,0.408
flLCk_nZwjs,0.407
YgPmHtbOR9w,0.407
FScxDl5Y50A,0.406
Ze4jmIG8WJE,0.405
m5wlKD_vrUI,0.405
ac7f1pZ_SFM,0.405
TfeWY53Q8To,0.405
dZjNDw_ZyH4,0.405
e1yY9rEhraI,0.405
2flnFWSFIYc,0.404
Ig62Tq606Z0,0.404
QxZaAooq7II,0.404
9JLKTvHg5-I,0.403
SrBWarZy6Dg,0.403
QAcFGEMS5VQ,0.403
PnB7SQVILKY,0.402
GMlTxafRb7I,0.402
FwOuhL0Uq1A,0.402
4Z2YfTNk7u8,0.402
aMXGlRhFUIA,0.401
uL_8EnkIEAY,0.401
5u0fnrizIYs,0.401
OHHupZWrPdc,0.401
zC1GQm7J9x4,0.400
pSP8A9PeygI,0.400
FkjpCu5xizo,0.400
NrpcHzwQzic,0.399
IpbJpZS4xEI,0.399
s00sbrR_r8A,0.399
Y_JfqgCNwA8,0.398
CSsNQ-q6yWE,0.398
9-n3_lTeQ7U,0.398
Lg-3a3MRIDc,0.398
GY5ULtuA5Ww,0.398
U-Ydjdq9ObA,0.397
Np6ewLL86A4,0.396
vQ7cyNKz24A,0.396
fWhOzNBGB9k,0.396
948maLMHQy0,0.396
6RL5Gbiv6FY,0.396
eeLG35HueWw,0.396
HaSEePCW8Dg,0.396
jaPKMzdwqIc,0.396
TlPa9GjZ7fY,0.396
EAO8V8RUqa4,0.396
pcHfFZOEnK8,0.394
uwADN7kTCvc,0.394
_BIpZ1ZXVK0,0.394
iQ7DJuYv7cg,0.394
i07UILxneEM,0.394
KnJHaAAyFQg,0.393
mJqSRc_QfJQ,0.393
GvvhOZovVkY,0.393
NlI6qHyCP8k,0.393
_lj2KPVFSmc,0.393
PyqOcEtDNcI,0.393
poP0V6KL_qA,0.393
JSaWda-mPTA,0.392
P05JypRq1q4,0.391
_00sAi_7qZ0,0.391
0IJ9cBNPfIo,0.390
DPGhTWhBaSQ,0.390
piHE1GTg7Ws,0.390
N6BlbiX9qdE,0.389
7WKXLV6q-1Q,0.389
lT6FG7uqJuQ,0.388
MVa8quWwHw4,0.388
KP44IVLqdPg,0.388
BoN8ZSCxDss,0.387
e86e-uhrIIw,0.387
m8PbHra9MnY,0.387
6mOMIn8D_8s,0.387
beYiIJ_V6Us,0.387
VA5b9PAwf9U,0.387
-KDSc4mwjAo,0.387
TfEucp4hsUM,0.386
MNuAMoMgq70,0.386
JWhc5g1hVxk,0.386
b70yX-L6mr0,0.384
gKvDf7cQDxg,0.384
Ifhyf04z33E,0.384
VpkKWGWvV9w,0.384
RFcVk0sVY94,0.384
n_wr2kHA44o,0.383
FpgIBRQ9aLM,0.383
X5lgfoaJq8c,0.383
va5Z7BS6_dQ,0.383
67AX_f3KNRk,0.382
W_QXdJU93e4,0.382
xjBzmuX0RnI,0.382
ZPnJv1-9T7A,0.382
cCsskliu9mQ,0.382
5wdVNhQCYAY,0.382
rKJ-UxUS1G0,0.381
boEglcp5HbQ,0.381
znSQj0o0BOU,0.381
4zi9aU63h7w,0.380
YWMNuIqgRNg,0.380
n3ndU_c-oW4,0.380
AsMT6zEAlE4,0.380
Nq7kHOGOHkA,0.380
Mpdk3me6cpk,0.380
aGVJ7aSb1fw,0.379
-V0I6zxLy-Q,0.379
cu7EmM4boas,0.379
PRiaZngxNrw,0.379
Nq1Y1km99HU,0.378
Wai4qr8vAVk,0.378
fJ2zGaYwesg,0.378
48gMH2k7Ve0,0.378
OERYzyHi-sM,0.378
S1_s3JAXVtY,0.377
PoI1IqVIuXk,0.377
VN5NUAHjoHc,0.377
amjIbKTEZrA,0.377
XOSuzGfEa7Y,0.376
70NqOFJbp2Q,0.376
tR5xLOsfMcg,0.375
76kNGfEwSmI,0.374
Epcu6OxTJ2M,0.373
l2kmijVfwCc,0.373
uhDpzXWR2EE,0.373
fAzGwshVatc,0.372
bvCLSzwswb0,0.372
1PbOkVa_-38,0.372
z61Tlaqq50I,0.371
t1ZAcSazfvE,0.371
7kKD5WHKLmo,0.371
N9UEEKyFoAk,0.371
SFz4K42kick,0.370
s2kDZue0Tig,0.370
iwOrty3NYsI,0.370
2LggyQ6Bas0,0.369
jcjvZHSQTuw,0.368
IDsW83d3vVA,0.368
qiXkTay0Usk,0.367
6wvIsYayAyY,0.367
nld3-CybnPM,0.367
cVGqraGUcTg,0.366
7QdcR3DnDQE,0.366
Q2akyh9fDyE,0.366
FdNVEp1sgUg,0.365
I-JWui4xvE4,0.365
WnwWZV6EEM4,0.365
7qKmNbGWKEo,0.365
HRbCYzpgSv8,0.364
BjvELw-TJfw,0.364
aIr_rVZZsIw,0.364
x2NE3xZIAZc,0.364
xHJ4EsI8Sww,0.363
yyMkRvCn4BI,0.363
m1z6BJ0nd4c,0.363
5z5VWIBT3tM,0.362
lwNiUIJdbyg,0.362
1k1urQyah-E,0.362
acVfZiNBniY,0.361
k0INXtjLGIA,0.360
X2t9C2O2Has,0.360
mdF4cyN9x_o,0.359
FoPiMGak4R0,0.359
WPOPAhUsKCw,0.359
Da591IWa7ig,0.359
HIJ7Dz3a0zk,0.359
52SQP4pJKM8,0.359
m3S78Oq7OXg,0.358
elC09SkccIo,0.358
iktV9-KNEsc,0.358
nwZ-97bb1uM,0.358
4bYtHrKx9AU,0.357
A9xCuZmjLaE,0.357
cdvKoqsVve4,0.357
g20raipp7JY,0.357
pkq0GyAUBEA,0.357
SJ50hUZ5KMo,0.357
XFKfbt-RKH4,0.356
dAqVJ3Gb5WM,0.356
lPN7tXkmAk0,0.356
pCBQKh6B8oM,0.356
cEiqtINB6QI,0.356
1ht1MB0ODeA,0.356
AtvMK4DpLxc,0.355
3hPKMetlMBg,0.355
ePjxYoPuVdI,0.354
TXD7Qu9Vhtk,0.354
Gd-EJ_94tsE,0.354
A5KTGaLqQXQ,0.353
2aTLyPzZKt0,0.353
dH8W2F4a4Ck,0.353
jQsAeUG_ZJM,0.352
VqnzTnhlVaQ,0.352
LVK0wTdqqLA,0.352
Up6_zovReb4,0.351
Ez2Vrw1k2n0,0.351
4Klxe_QgmvE,0.350
tO3Fb3wsgo0,0.350
KhTBD-VxgSg,0.349
woZ-t6xdd58,0.348
z7nsQd8c0Wc,0.348
YMVDEBJQ1bg,0.348
M6e29n4UP4w,0.348
hSyPuV2mxDI,0.347
fJJ5JqEIL_U,0.347
hnBzyvXftMw,0.347
1HXTEm2tAJ8,0.346
nt-Tt31zb8I,0.345
lw92AXYARUQ,0.344
l1FydPWwnrk,0.344
8rBppSFIfBY,0.344
hAXqSYDNYa8,0.343
-JPrqOghrSc,0.343
YuDSJUQprL0,0.343
33PLMmiI-9w,0.343
y8JuN5IYPGI,0.343
0JbPrV5MNjY,0.342
L1vyMarOLjk,0.342
TPKqIScLKmk,0.342
8lxTweXx3Ao,0.342
9jNnVazlWxg,0.341
Rxg2F71AGxI,0.341
reQQKAR-uZI,0.341
N44WR6jA7ZY,0.341
2cnPK0yUrVs,0.341
H7osrDuO_j8,0.340
ThPy4PUwnhE,0.340
irohVTOELUI,0.340
pGjTUWTTNUc,0.340
vVC6r34iuac,0.340
0y5dc3xfWQ0,0.339
ExS2N0s5D-U,0.339
_Pst6PzH4PU,0.339
EoObvZOAMdg,0.338
2O6MsP4vuWs,0.337
txY9-e8dY7c,0.336
amsUNARAwQE,0.335
AItxdcJylO8,0.334
zaLEgoywASk,0.334
wbH6c_q5CdU,0.334
NjuG05B04E0,0.333
HBjldTnW6ns,0.333
szOUhNoJFdg,0.333
8aUvdi1YpFM,0.333
6QYy5xYVHFo,0.332
5k-gK08DKMw,0.332
V6O4l5MxpsE,0.332
FYLwsxGkmhs,0.332
D0i9-Nq0DJY,0.331
R6uhhC3cUXI,0.331
H7zSw9ZOItE,0.331
Jo0_y2XR48Y,0.330
impia1Gml0A,0.330
DjUZWF3gHzg,0.330
eNTQ3eKBBuM,0.330
3kBDaolTkAY,0.329
lHAad7ErUvQ,0.329
n9xIxBbocYI,0.329
_pVwBiKcL2I,0.328
bm4p8qeGc8U,0.328
V__FcD7nbXM,0.327
vD2X8C0mNIE,0.327
ww0xFkfTBOA,0.327
l_uJ3W9HIXg,0.326
uEiFoAfoUMg,0.326
DQFl0Z8SpSg,0.325
7Xd5cruhdC0,0.324
xp0p7V5OxIo,0.324
MkSYnCzyR4A,0.324
MOMsABqTiMI,0.323
P-aEwiO4YaY,0.323
f0M04K25cPY,0.321
Hv8sBK6SuYc,0.321
VbZbPePBLc0,0.320
4_kG916xB_A,0.320
6Cg1TSpuWHw,0.319
5qdiQcymxIg,0.319
-3khwrPoWwM,0.318
OaqDxYw6pxg,0.318
t7wYFsz5Mx0,0.318
ptiFsI0rF4Q,0.318
UGdtBX1nrN8,0.318
AAFsLHgFeJ0,0.317
UmZG0s94ugk,0.317
IaaUTytgKo4,0.317
qnKszGiIOvo,0.316
S-Ib4MSQHsA,0.316
8JZ7IrjUAug,0.315
z7lcMVE32xs,0.315
G7D7OATCoNo,0.314
aWRB-JUvO24,0.314
LKFCtuMJF94,0.313
fyWzjhiIvVI,0.313
NUYWMfzmhMc,0.312
3DDsBuPKGyY,0.312
fFLEzXaBQvQ,0.311
gEvGSXbFpdQ,0.310
o0QKx9hz178,0.310
ZRlFKN7dhiM,0.309
GN3izh7B8bM,0.309
rMki_SgllXQ,0.309
YATIpAZ5Cuo,0.309
hgUlvcuvOLI,0.308
cTblWa23lZM,0.308
gcZy4GfbfvU,0.308
5pt709GlXtY,0.308
TqI1gVv0uII,0.308
dHbl63fePA8,0.307
2tBgJ5Vyy9A,0.307
eNzk3lhB0Kk,0.307
0pXfQ0c75cQ,0.306
0iaTy1HtL9k,0.306
6MhKm72ZzZs,0.306
RZJ1dRrCQCo,0.306
SuVvcM8DMrM,0.306
Pdte7QYSwFs,0.305
wEniCVmxq1A,0.305
huEUiZNvKt8,0.305
9y8r-bSmX44,0.305
f23gREWVaI0,0.304
xD0nNaFnpHg,0.304
EvkPs_JyJuk,0.304
iY7Reypmj6k,0.303
6JDBpTtK2OE,0.303
QrqsJ5IsN5k,0.303
E2OkW63sKjg,0.302
TLJLgK5dXvg,0.302
O149iktX0DM,0.302
sH8YJ_QGmA8,0.301
lxzDeNfifdw,0.300
O_RamTyxe_E,0.300
cpOuGcNuWj8,0.299
eojt1ciqDUo,0.299
54N8SYsnF8U,0.298
kzxqn0L2YQU,0.298
1kqmxE0yrDU,0.297
bNND6DQc8jg,0.297
tHkfLf_N7lw,0.297
lEQL9miUsaM,0.296
QNJduge96mE,0.295
hRP7Gbnn1uc,0.294
23Y88XzBh8Y,0.294
JmKn4yVe2GY,0.293
kfgb5TImnlQ,0.292
yg7CRfLRWEg,0.291
4K9T_RR6_MI,0.291
0EWkRM5TI3I,0.290
J39p8X8Nk0c,0.290
yBsJ7Eyw99k,0.290
d0uL6qFwxpA,0.290
tFTZ4-ZsttM,0.289
af0JJaGwoDM,0.289
E5aOGlCi9NM,0.289
58GbOsR9EfE,0.289
4-CzXFhpIHs,0.288
NGrRshZeIAI,0.287
KWwQcZH1IS4,0.287
f2a2e-30VvU,0.287
ETqnp3d0_50,0.287
u5vmEsnzwgc,0.286
V9qFlu-aivs,0.286
HGog30YBsrg,0.285
bag3wZl958M,0.285
wMRoDxIYD58,0.285
wKrKVqlGMPE,0.285
uHc8cqgmYTQ,0.285
hKxFjoNJZoA,0.284
As1vxoro02Q,0.284
rvn0yIHnWYk,0.284
guBSMxju72A,0.283
EA1xqobYpzo,0.283
1M36kJUhECA,0.281
vGeqpTWRC6k,0.281
7GWob-eNwKQ,0.281
9MZlh-ZFumM,0.281
F2NyVKkADoU,0.280
03eZw_P25X4,0.280
6WutMQZJbTM,0.279
SZqA3IlljiA,0.279
YhXGyffi6F8,0.278
YBGDrNkw7Cw,0.278
HGR33gGnKuo,0.277
lYEzz0-QLpE,0.276
y7NIVwE-ZDE,0.276
Pd0EC4SWtvo,0.276
gnNsXNcUfOA,0.274
eDfwLImwxAg,0.273
h2pfFZXdmRc,0.272
s2K0Bp42-LQ,0.272
UqcFtahks7U,0.272
bEZ7TJG45Dg,0.271
ZppKHCg6ZQk,0.271
eO5VzxK2mrU,0.271
eWXVsLUxVYo,0.271
oj8itSRH5qA,0.271
8Qm2XBChStE,0.271
YLXBdPz5nTU,0.269
oRWC8Ax8ChM,0.268
2GdICs1TQVY,0.267
9jXxAabMDtM,0.266
4t4iDLs10NQ,0.263
1G4vPOVU8RE,0.263
EWEhHhcnwYQ,0.263
l0EIyDPJFPY,0.262
IHzwDu3GG5s,0.261
hkWcQgZZ8R0,0.258
2DvHUEFc5VA,0.258
riXR8LGWkKw,0.256
-uOqXSB9p1A,0.256
Un6SsqY_2e0,0.253
Z00yw1s23Ao,0.252
aHlaNGwWIBk,0.250
Sa9u9yOaQrs,0.249
_FW0ZFuYpHw,0.249
vHapYf-qv3c,0.249
23jrYhaa3Z0,0.248
B3UHl3R5IZg,0.248
eXjebGKW7fI,0.245
c4RG0LfE9nM,0.245
f0DHfP8iV8o,0.245
1aVytddkC28,0.243
C-SpUU0DQIo,0.242
dKImXkmFNqM,0.240
URaQ2yY4aKA,0.240
u_WVq6uVY-I,0.239
zlKyRb9FJ_8,0.239
tCAKZIDf3b4,0.239
yO-3quhIml0,0.239
IYPChRo0etE,0.239
f2-IKH4cQS0,0.238
BOZrRhJilkg,0.238
WMDjYLAwUrw,0.236
-LylT-D9b5M,0.234
QbOUY79-vjY,0.234
eAuVAkYD9Hg,0.233
7a3kIrULWFc,0.233
RGuK4y2WWg4,0.232
EnMkTDKNZPw,0.229
IYEf8jY80lc,0.229
6siVU-r4hJE,0.227
1YzA0YqritY,0.226
2mHP3MTCBoA,0.225
9GXXhPif_8g,0.223
ihXNeHTx0QQ,0.220
O3AcPlvzqKo,0.219
ogy3ZxDdfys,0.213
uGALWujRRXo,0.212
67DqyCw_DrQ,0.208
oeNU7WlB2nA,0.207
bOdbblHbFrY,0.205
PZcCVhvMoEQ,0.205
orjkymt6zyg,0.205
NMMZMbziaTw,0.195
CE9P7X47LN4,0.194
Z6AJR48V9aE,0.166
NFMjn0JcU8o,0.166
GrSBa2xN18A,0.118