m4QjAMbxgtE,0.534
wYyglZE9f40,0.527
kHQ58g0LGVg,0.518
VdXwcsZyI-I,0.517
5t_eeKNfkRQ,0.507
rTAo-s7RcaE,0.501
0PxSveUA9mg,0.500
1LO_ICkkN6w,0.498
oPHN95g9Ubs,0.498
VycyBc0Dnu4,0.497
vdy2h3AVHHw,0.496
4X5jHmsMOoY,0.493
259To1O8E9M,0.493
0ffv-L_RplI,0.493
c2O0quEZ2yM,0.493
s5LnqMGlguA,0.488
suK1oo3vax4,0.486
GxB7BUI7jMM,0.486
hoBT3jf8mCk,0.485
FMnP6vC7XqI,0.483
8GXHdu9jhDw,0.483
2fmEuc7TfnY,0.482
QZKfYqvAzMc,0.482
MiD29-Mmzxg,0.482
HmTThQDEAIQ,0.481
iu6Gmo5dXZU,0.481
vSL5X-E01yI,0.481
lKGZ-1EOluU,0.480
56gOMT4pMyA,0.479
mfTkemsZsWs,0.478
GpRuDj4PuiU,0.477
uafMuqn7alc,0.476
zxdyLiRVm-o,0.476
i_nlrr1qKWY,0.476
uFPrmgy7SmQ,0.476
qsOMmbqczI8,0.475
KYBDeRstjVs,0.474
Qh_M5u4QHs0,0.474
HN4cXGDfTPo,0.473
1IEZVrDdnFc,0.473
3K4UXbB__Eg,0.471
c5oLV7EuWsQ,0.470
ye28n_aJspA,0.469
3QEgLXodM1g,0.469
h6DH6k-upcM,0.469
X6nQ9EKh1HU,0.468
cUAurQXlDfs,0.468
ZEpY-68b-4c,0.467
bq_86VaG8mw,0.467
AtMko5TlfXg,0.465
XLu0_mnNLH8,0.465
HLa0fROwF04,0.465
8b0WsfSjj-s,0.464
63C-Qrd-q98,0.464
TunAdEIOK8E,0.462
YX9gLJOGGtQ,0.462
d0d131NDkjM,0.462
Phrukgxd76I,0.461
qrX5gKm6w-w,0.461
pF1lncoLBRo,0.460
H-4KAUABXLQ,0.460
S0DmWeNKTp8,0.459
EGIDu2IQGm8,0.459
M4ie4B-cx3Q,0.459
ClD_-UBaIyI,0.458
_yvWXQdO5HY,0.457
CGxE3VrWsTs,0.457
559s-eFS-Ig,0.457
5jKwb9hgBMw,0.457
XboQh7OOveU,0.456
12FI5Oi6Oqs,0.455
BTSaEbNTIOg,0.455
vdDGfWUd9u4,0.454
22fIOwN4HGg,0.454
cupnnTpHOGA,0.454
SLGJqoMV3QQ,0.454
N1KJXmoVfjk,0.453
d1xs0f-Ds2c,0.453
cqjkZZiTzB8,0.452
nvcItmOteco,0.452
ReuQiU2byLE,0.451
lNwK4co8mM8,0.451
cPY4aFlNWEo,0.450
oLZ6pUAMOXo,0.450
mivVwgOGWA8,0.449
6N_U5pdmnCc,0.449
zvw0xeIg3XI,0.449
mTew69Ic9S8,0.449
ri-wwr1uUuo,0.449
WZ6azCXODwM,0.448
4npX9v7rIMc,0.447
hNKG_jiuI-s,0.447
GrZd4rXC2r0,0.446
lT9zgX6AspI,0.446
3kab35m6t0Q,0.445
Yhz71DJ_kxQ,0.445
srBNvJWcU8g,0.445
ktfX4Vpy9ic,0.444
MH-wUeSzULo,0.443
MYqL1y8AyIU,0.443
X7weoQRFmc0,0.443
ceC6KU8NRMg,0.443
UXm1xHECZu0,0.442
innf--l5s9E,0.442
qiClFDPUhTU,0.442
ag8AQbqE-BE,0.441
RxgWOfu5SHM,0.441
vQTGpCJPoHM,0.441
PvWq0qyhJ_0,0.440
HFwVkDXkFn8,0.440
07MDfAMO1lU,0.440
oNKGAMJGtfQ,0.440
Mh_bCIflKvA,0.440
g6vyVg-fM2Y,0.440
IMnYpbfUX5Y,0.440
euu7wQlq18o,0.440
I4vbA6WqAXQ,0.439
BlJHY0jApi0,0.439
lqro8eTaFAM,0.439
rFuu41cZA-I,0.438
7YDi0LRjAUM,0.437
rZBKJWqHtxY,0.437
XreY4Vlh4uU,0.436
mhI8WrGg2vE,0.436
uKxkH4dsvsM,0.436
Nx9jDofOG6g,0.435
7V_sL9wxg_k,0.435
zRONFf59YOQ,0.435
mB8t2JfL2XI,0.435
_9QDLof9gKk,0.435
Tz012YkefeI,0.435
uIo83H5mdb8,0.434
ipifTCs1hyE,0.434
hAlZkIZQZOY,0.434
g7Y-Xbm4c5g,0.432
AzPoGc0fjzM,0.432
ExTIqFHgr9w,0.432
V5Em_jN9TvE,0.432
nZQVvovxTSU,0.432
x0vLEDlNpRE,0.431
EuUGGTBUA40,0.431
XI40I0H2AVM,0.431
o8hDig2wi_8,0.430
c5DIh3nORuo,0.428
AZ2vU3lvwx0,0.427
I8hCiXGfQG8,0.427
qCp9-tEHa8U,0.427
-3ZWZCwYeXs,0.426
ZuOlDAUe0UQ,0.426
Jp5R9RPsUmI,0.425
4kN1ddmS808,0.425
zWIqdOqNeLU,0.425
i4iEgXRBojA,0.425
r0dIuaaU9-s,0.425
wt0yC1Fp06A,0.425
jh7M4Ie_4MQ,0.424
MoMnC1XkAp0,0.423
RWeNfvecj5I,0.423
WGabapGJSsg,0.423
MiC7-x3TZSQ,0.422
qqZYqC5zT5Q,0.421
3VDDwuYGV9Y,0.421
owuEdyRoqRw,0.421
n63SWcNNWvg,0.421
imiQPgScPKY,0.421
vb1llFmGSsk,0.421
PEB4P_w5LIs,0.421
XsPJkBc3TtQ,0.420
3nlo1sGDjTc,0.419
Zo6xe-Cu9tI,0.419
xs3YwFpmnVA,0.418
h8fvAX84hxc,0.418
5RnUpc3Nfd8,0.417
JFIO1ICxq2w,0.416
mC-ZTx6ZkjA,0.415
-AiAOTlD9BM,0.414
jpZV39JLMzw,0.414
ZQ4Yj6pKGAI,0.414
ld0tjkv9ofc,0.413
I2ZinYAPXe8,0.412
gftc4pcu1z0,0.412
ZBNl8csTmXI,0.411
rSbAOXwVPUE,0.411
F2CdCpUJzgM,0.409
-mjD8XLBZfU,0.409
zTUvQRcAvZ0,0.409
ldCyBCsGaEo,0.408
WxKZ8hhcmvg,0.408
2tt4kZOE91s,0.407
3nMXCX0Xf2Q,0.407
cmNxGLm4CKk,0.407
Po9NhT4CvXI,0.406
mFEh4mAUuPI,0.405
KS4nO15x6aA,0.404
1MsHZd_w5xE,0.402
6L-syfP3tns,0.402
-LEbNHF-oyo,0.401
qcC2Na-zqIs,0.401
68_Zmkohx84,0.401
6BSlJ4FeRZg,0.401
aP5iKU1xf9A,0.401
TVI_0HXbStM,0.400
WBZ3Y3SESK4,0.397
xWt-ZG5m7lM,0.397
AEABT4RGfDc,0.397
QY6yKkKYLMs,0.397
uQagypZpyuw,0.395
yY6e7Iv1UzQ,0.395
RcZwzeUltyg,0.395
yI2d5KJzQFM,0.394
wOx9AYZAjFQ,0.393
fp1aabUbv_M,0.393
66IF8zVjJA8,0.392
2-yhhVy-6TA,0.392
JOOzQAf9jUg,0.391
qtiTx-EPNM4,0.390
hCWYIQmkPBk,0.390
vnpkOEv2-LA,0.390
JjXXMBlcT64,0.388
TWmyOOuoPw4,0.388
Bg3bo0kuEqk,0.388
rP4S-ga93Ck,0.388
70V_cWrNx98,0.388
Sukjh0SGamQ,0.387
1nEqhhDeiSQ,0.387
hu8QujS-52s,0.387
OU4arodk1gY,0.386
LSINlrc_i3A,0.386
s1KuZEdjSfc,0.386
cpU8ChH9ZdQ,0.385
S8fmfTEoXq4,0.385
MfOGcN9UHJs,0.384
YY7oZCGMlBg,0.384
rm0ZkABVqjQ,0.384
bZvATULXgTM,0.384
lsYFVcnunfw,0.384
-rtrSuUhyaw,0.383
v2SMYLChpTk,0.382
6_XphIHanyk,0.382
oLZwhQBMEIY,0.382
2Lzvq7vRB7I,0.381
kahe3Od-QF8,0.381
MhnbxFllOYc,0.381
Q6ULyip3otQ,0.381
XoBXCGRITqY,0.381
pfR9alzMPYk,0.381
-zUvMndB6mY,0.381
jWZsKjgJVOE,0.381
X3ZO84uX-l0,0.380
5m9-J0wVsJQ,0.379
n6A3BqM5hJo,0.379
8UZPuAFsDEg,0.379
J4rJjE2YOIY,0.379
vDkGCDv7sug,0.379
yJoMRwDzeKY,0.378
rWrJPq-l-UM,0.377
kA-s_dSa0mE,0.377
6pt9JIgQjWw,0.376
aDr_jGfwExk,0.376
e6rTxa9fMWU,0.376
jMkrKLC3a1I,0.376
q42Xxkfjvmw,0.375
5_y5mOcrBv0,0.375
Dk4X6CgnpmY,0.374
Qu60IcT3oys,0.374
EN4PImOUhp0,0.374
CVZHk9EshK4,0.373
tEpWs6-jMxo,0.373
SKa7zbSC_Cw,0.373
Id4-zfJpOxc,0.372
WJNOgzRGvaQ,0.371
mp_ey9pixwk,0.371
PC1moRIF5Pc,0.370
vReCqhLeu8s,0.369
49M_VOx385A,0.369
7A2PQSROx9s,0.368
hrlFih13eb0,0.368
BVbTqfRhlJI,0.368
XyvZ0fxHfIc,0.368
AqJ933tspHs,0.368
D0-EL4Io-AM,0.367
eQns9opXSSY,0.365
mhwlpzcK02c,0.365
O-YHfeJ59A8,0.365
ruuQg2aEq8M,0.365
Enu5x8IIYZU,0.365
-U_M4qidnWE,0.364
M3F5SK-yq7s,0.364
ZGYm09ao_RU,0.363
y9UrcWBmPZo,0.363
hKQc9fxDujE,0.363
SGB8YuQg5K8,0.362
-OUN97VtJzw,0.360
NYVMxh601R4,0.360
5SBjIPA2sJ0,0.360
T8yGjLXqKBA,0.360
BSwI9tqzbvY,0.357
r8E0kYmZowI,0.357
SZ9Ob0QUPYw,0.357
oXZmhKtoUq0,0.357
IajqdiPKvlY,0.356
ZRPn1TEDTEE,0.355
YHkmcMFMwKA,0.355
Vm49IfeG438,0.355
ySoR5H0r0SI,0.354
HgcNC75McV8,0.354
ZOAK-arNbOI,0.354
miWn111NWcg,0.354
G7EhBsHinqE,0.354
wlxBXN-rMUc,0.353
0lsxkVABVPo,0.352
1wKkZIg-pqo,0.352
SBJjLTbW-4E,0.351
pC1wik5IhjU,0.350
37ynrD8yHjA,0.350
z8LxhnZDPlo,0.349
Osa_kK7msSY,0.349
9G-lopuC6vI,0.349
Lf7znTRGlOI,0.348
Cw5mL2DvcQk,0.348
KNMFIcTFt3Y,0.347
Ziovxiyg1Lg,0.347
h3_3BlKXRsI,0.347
_orhPi4Wvgc,0.346
4-6RlDTRfTU,0.344
NBQq2o8Wqrc,0.343
ZeWSAPyLXT4,0.343
7PP91dc2xW0,0.343
Vg4C9OSpIlM,0.342
qyHQtvRrv-E,0.342
5AjbaATxhBE,0.341
TQGK0CCOFJU,0.340
rqH3sRJlSNE,0.340
_7wlCi-3gpM,0.339
UMIKr7famT8,0.339
C4urelKbyfI,0.337
5SVRdpXVQk0,0.337
-qdd9cvNmxg,0.337
y7bwmDPJRoQ,0.336
hB7YK_KMvVA,0.336
QV4CgjMlGDw,0.335
HXGPfW0sCZ0,0.334
OAcGIOkTmaI,0.334
GckzDVhuDnY,0.332
6TSbcudRtXM,0.331
Ycvxk51MESU,0.331
jEcITa-TXXU,0.331
X7H9LHz0uxw,0.330
nt_7p0GyQYg,0.330
1nATGM2v0jA,0.329
fk-9UXO-CaI,0.329
P8V_bx0L4RY,0.328
-cn3xyLVziQ,0.327
ZjgWjk2h7Dk,0.327
vmoiVUy9_k4,0.327
Mv59z-bmRY8,0.327
dvn8dNt031w,0.327
hGLEFXVh3SE,0.326
6XB_vEm_35E,0.325
U3oZzujcad8,0.325
y44w8Cn47TY,0.324
_iYeAt2HAQk,0.323
e8DEQruqZKw,0.323
Jod9axyNk_U,0.323
yL6toVOSq68,0.323
zF1denjHFg4,0.322
XL6WyZ65UXM,0.321
lP5nTlKooSc,0.321
fatw7oy_VZA,0.321
5d4TULvHXic,0.320
7a4hoB6Fn-k,0.320
XobCGuBZ-2I,0.319
GvbCtNV7LwQ,0.319
gVipdgLwwd4,0.319
FC87su43gKo,0.318
-eFMN5GcpSc,0.316
v_mq4S-ldYo,0.316
fKOsSxNhlE4,0.314
3NYyRLGUMCY,0.314
wpnOORke5xA,0.314
JaNtMxvrsYo,0.314
g4mKZvW9rPc,0.313
eOIjlSZfrgo,0.311
D8iLNKWxb2w,0.311
1DhUa9ixyCw,0.310
5tExwMlx7XQ,0.310
p9166-EEdcA,0.309
ztBJpCbB-XU,0.309
A_5tLUA8X4g,0.309
7jJnN5RRgTs,0.309
e8e78UDKi18,0.309
PIu0dobe-rU,0.308
pOXTAi_C-2Y,0.307
nNW7ti1YMzo,0.307
0_LyKUuotgI,0.307
WdKEClM6kAw,0.306
QSD_w3S1hoo,0.306
eVyAZYqykZo,0.306
sJ3xdk2TOKo,0.306
d9kdAVPzgVQ,0.305
K3N9go1EQd8,0.305
VCw1Ytvqh54,0.305
Z12YvSCsO-E,0.305
zFukcz-CwBM,0.304
HAIxFoTosbo,0.303
OADgn0kXY4M,0.303
np5JIFyd6Q0,0.303
OHiBSnoqh60,0.303
g57jWMmnzGg,0.302
pYDAohaNvtI,0.302
LD2j9ECkKDY,0.302
q_NJwEE2ACY,0.301
ey46Myo8EsE,0.299
nmj7UMG6spw,0.299
1e9V-D6AhMI,0.298
rFuUz32B6i4,0.298
vFQ0I8E5YyA,0.298
oF9wN-SE4co,0.297
c-vORdT-_fY,0.297
BxWw8AO4ZmI,0.297
fFcU6tBGRZQ,0.297
tQ9L3Tc1w5g,0.297
0IbM9xTZFyI,0.294
gkBsBRJDZQ4,0.293
iY04XHyMTlA,0.293
LcZ2AuvxXNA,0.293
rF6gmJ9wtrM,0.292
bAkEd8r7Nnw,0.292
h1b06MecSFE,0.292
vwiR0qmevPI,0.292
zHHSOKFzmYQ,0.292
yZPPvKYFRRE,0.291
J-upKSH098E,0.291
gZFGvzMqU4E,0.291
ufODUr8Gzac,0.289
MiWTveDK1-4,0.289
NesCgS6DAXc,0.287
c0a7NtujmYM,0.286
2rKNOTVOiVQ,0.286
PLnJrQMbPSE,0.286
IO4CIjt-pTM,0.285
4Ybuts02Qqs,0.284
jEYsCqJeGBo,0.282
Uk9iEUnYXeE,0.282
HHIZKyXmWK4,0.281
OyKM9jkTyMY,0.281
_Fw9xvfSigw,0.281
2rUhqoS3NBg,0.280
EFAyOYEDK8Y,0.280
x4Ovlgq2SBU,0.280
q5FAqpSItqU,0.280
qZLw4tRvPQM,0.279
N_4UZIIxdNE,0.279
ipsFQhWIzk8,0.279
NCKnO1E10OA,0.278
wdnN4GaJG1E,0.278
07mjT00nv8I,0.277
HQLw1ceplbw,0.277
JebGEGFdTL8,0.277
eg8daJXgEaQ,0.277
RtVif3b7WMQ,0.275
CpCTQ0wlZ0I,0.274
em-dP4-6ZWs,0.273
Nx4IjQN_W7w,0.273
4fsH_T6XZ6Y,0.271
f2kb7oJhocM,0.271
-ptt0yPo8nc,0.271
-jzLc6w2zh4,0.271
eV4pXta3FGk,0.271
dyk9f_t_rMY,0.270
DvX6h8sOLeI,0.270
uc7aEkGBjz8,0.270
N0S0pt0wLoQ,0.267
4EMw_CpM8oo,0.265
-Fulz4ytZ54,0.265
GqDt-GkXZ14,0.264
K-SZF0fRJwQ,0.264
a2Hy1t-0d0U,0.264
DyqCWuWX0iY,0.264
Cleln4FLIyI,0.263
bSoGmuRZWTk,0.263
KWE2NmERiOs,0.262
NdSLozxCfN8,0.261
34A9IiZFsh4,0.261
aPNTutAtbSU,0.261
-WNIKRZZieg,0.260
_zCdDrcLfgc,0.260
aX64bV7cXs0,0.259
6d86qUqoc2o,0.259
bJ6QNzbDEqA,0.258
AKGx27ChMWg,0.258
Yx1MmZWcDh8,0.258
HdMEyFQN5es,0.256
pPvHgZ42pfg,0.256
t-9erGsIQpo,0.256
MCcdIq7dOgM,0.255
q9RMyg80KfU,0.254
1vcVmGb_ff4,0.253
Lmc-pBcjL6k,0.253
yyEZ20cexM0,0.253
S9KxqRUcnCU,0.252
SRDZc6GnuFI,0.252
AbZCZQFzIAA,0.252
vpsrtUomnxo,0.252
s43-3GNTSPY,0.251
oQ0Mwmz6S6Y,0.251
cWcaVzGFqjI,0.251
m52Cm9w7lg8,0.251
XdGrkRcEnp8,0.251
kwbF_OpE0g8,0.251
ayueHenmudM,0.251
OYWGF8Hrkg8,0.250
_tTR8jlVSU8,0.250
T9Xd157cAIA,0.249
Uq0yrM5yeVE,0.247
u_DIbjWvOnU,0.247
Y8EUGLSYh0E,0.247
6PgwAd6KZdc,0.247
WSgM-PY6qPQ,0.247
M6lKORdZORg,0.247
cWR3AxKx6kw,0.246
IGx9etl0ssw,0.246
Kp5V8mmx4sM,0.246
Q2dCYBgdUkc,0.245
7WPwPGljMdA,0.245
4d_vptPxlqc,0.245
nKy96esqU3Y,0.245
38SOvLP-JSI,0.245
cff2QMgsdu0,0.245
vTxkWxyzbC8,0.245
M63D7rrFXKE,0.245
-MaGPtFNnXQ,0.244
C11MzbEcHlw,0.243
E7pS5j-UYzg,0.243
Rvb9TUs7cA4,0.243
7R_0zcnwSa0,0.243
yN0P-ZAtEDA,0.242
KqHF-UIrMkg,0.242
-4pnj1XWQ-c,0.242
Brbrdnh74yA,0.241
CA3lIuN_zVE,0.241
iwc8Ug6CjRg,0.240
mhXcNU0IaGw,0.240
f2fu5pCSH38,0.240
wtHvPSE1Uc4,0.239
V2QOZ3hRSBw,0.239
qlzVPauUgw8,0.239
pKK_r309RRA,0.239
nkIerJvUr1s,0.239
imwmmv9r1oE,0.238
sWjVe9dMRHU,0.238
oPnQeMlqXAM,0.238
tXpImoRkPf0,0.238
YnN3_z5qACY,0.238
vnW7sMVkbi0,0.237
mfTnowfhW2c,0.237
-lcISyUe9TE,0.236
WLFEKf34a5U,0.236
o7FgiwfmRc0,0.236
3_SpyvmxPvM,0.233
kHHH2M5GRJs,0.233
WN4CRxZbU3Q,0.231
u3Nhoo51hxk,0.231
S0rcfptQH_E,0.231
QBHclGAlEwc,0.231
S4dN8aW4_Ck,0.231
zTTtd6bnhFs,0.230
YZajOqNqEok,0.230
f0WQnaRs3k4,0.230
a_pla6F9Djk,0.230
UuYjiCwcXjw,0.230
qpMnSO43MvQ,0.230
Guy21_46KL8,0.229
mNqqANhWfTo,0.229
W-yGhsrvSfE,0.229
1gI65iIxbXI,0.229
wWm3Xf-Jnlk,0.229
XMilHdBYZzA,0.229
87_ozrlI6qM,0.228
yBOosk12Lc4,0.228
662k05q9PCE,0.228
IuD56RLUSsA,0.227
ofvoLdLssA8,0.227
CmXWmF0uJNc,0.227
enTSdO4NJMs,0.227
FLEiV3d1w5o,0.227
Kd4OJaKLJjY,0.227
nFAgTAL9LfI,0.226
8atp2ISFaks,0.226
khRIiEzXi2M,0.226
3RAw3llBIZk,0.225
6bfL_o4Z0oo,0.225
rWkYcOT0PFE,0.224
WQzfBZdQXRc,0.224
RLbEIMzNB34,0.223
ONtROEZdYpw,0.223
5D82IJcE9Oo,0.223
f_oTUVtUqcM,0.223
0Oxr8B1rVwk,0.223
RgfKfUmpbT4,0.223
XUvCAok5TW4,0.222
2wIFPXpG0IQ,0.222
Z-zihAj1SyQ,0.222
OHORW8YWb4s,0.222
svQeE0z1uQk,0.221
7iOGUKz5ego,0.221
PzOJE4AXAjI,0.221
eXqJPiVdtS4,0.221
UxAaVkq3pZk,0.220
qSLj5_ujsa8,0.220
sD34AZza6QU,0.220
dJqGKO6RSV4,0.219
jt22U_ve1Gk,0.219
wARHWtBX7ik,0.219
SJJXpRj3eV0,0.219
afTdMV3rOe4,0.219
he8w0IPDg64,0.219
CC1eSxm0J-o,0.219
hcsZH4xYDOM,0.219
YuzLlfoYX2k,0.219
hynHiWE818c,0.218
HCvzE9WuoZU,0.218
sIVTKejX1d8,0.217
lpB94gz0zTU,0.217
rM8mEmbKdYg,0.217
FpPA7YSaN4M,0.217
TVcmLyvYqvg,0.217
XTuv_cGIaV4,0.216
F_9KNqNahNc,0.216
3kQRy_wFcq8,0.216
SCbmAVMMRek,0.216
ex3PBY1ivTo,0.216
ZxkRFEkFZjU,0.215
qtCx7_hM8sc,0.215
1Jwk46KYP88,0.215
A0SjTukZmoo,0.215
ipwMk-y0Zpo,0.214
VesjSJ5QNio,0.214
fi6PWyqnyyc,0.214
7gWtBW3j6dg,0.214
6jQ4y0LK1kY,0.213
aYC7V0nA93Q,0.213
7LUI6S9pJH0,0.213
bPl3jQh3n2o,0.212
zVOnAkU2qIE,0.212
mbpxLSTM61A,0.212
P9n-Sm2KS7I,0.212
pmd4S-i9aw4,0.212
LoaEy7CCC1E,0.212
xSNubaa7n9o,0.212
CLTRgXOvM4A,0.211
WDTO9aESfNY,0.211
HnSl8ij7-Qk,0.211
kq8VoLSK88w,0.211
BKIeEAYITyc,0.211
3m79Tv5GAMc,0.211
P-Ui6ohI7zU,0.211
QDZ-P3MdsSk,0.210
j6hEYWu6DS8,0.210
208oE-n0npM,0.210
wY9LMg3XAQ4,0.210
WPedlgtoONo,0.210
N07bnPIRBkY,0.209
inEA27k91I8,0.209
DzmFM9QndFg,0.209
B-OEwjjZ77Y,0.208
aBYvr9QZlDw,0.208
VTzfaY2kx0U,0.208
lm8vgFjMHN0,0.208
evXDnRpgolc,0.208
Vfw5uXXWszo,0.207
I4zo8Dl7ChU,0.207
HdhLkS_y5oc,0.207
1A6x6eHN4dY,0.207
3hffzOwyysM,0.206
4FH8xEQcWnY,0.206
W5gMt8GT2sY,0.206
IFgWulEEDp0,0.206
Qp25frGO8dk,0.206
UlDzaLPsk-E,0.206
2hD227sP88o,0.205
xDD-IBFAY0Y,0.205
n2CXGf_A3nE,0.205
CYGLtIDc1vQ,0.205
zBBrvQsGHGc,0.204
6Y8TZAhgqFs,0.204
yv3HupyZmp0,0.204
dycv5jdhx88,0.204
ZJmxComw6dA,0.204
_VU3uAeV8MI,0.203
eVk9kXbbLA4,0.203
WQvzcDg3LtY,0.203
rz9FyI4PGiY,0.203
45hQeb5sO54,0.203
gs0Acj6Y1hs,0.203
Z9eMk051dYg,0.203
cCeboaR9ulY,0.202
XUCUeDVVZZo,0.202
gSqkhvcdciw,0.202
-A0Fqwtm-BY,0.202
xSKL8HW6Y9w,0.202
OtqB3ipfsaw,0.201
stRhFO7jwwc,0.201
YZ1UcypYG4E,0.201
w3tNnC5nOs4,0.201
9m9oO84Q2fk,0.200
7_poEdesBsI,0.200
ImPXMsnc2F4,0.200
QWFDZvGC_NU,0.200
IIkPpcwn3-w,0.200
8PD--4SWYi4,0.200
fI2G-WgVHKo,0.199
AuqbCxo7vqw,0.199
auLBLk4ibAk,0.199
Fm3n19UWWI8,0.199
pUFV_STj4oc,0.198
8ae086w1nxI,0.198
luEmZqasVr8,0.198
ENuy8OIDxZA,0.198
5dJNZ5iiUvA,0.197
-wStCRCVwFo,0.197
E5RDEXpc8OY,0.197
VFJPkXDFrv4,0.197
EE5_0zpo4xw,0.196
8UCWy5a_Zlw,0.196
FLmDnsQqRSM,0.196
ERLw4Bu0vC0,0.195
ndGmOegA4xI,0.195
z2L0afiUWEY,0.195
xUF1un2GUYU,0.195
vmKh7ArG0fc,0.195
NapmZMF3btA,0.195
Gi6MhDFDSAc,0.195
svFq1ErwjEM,0.195
ISm93bLbOWA,0.195
FkqwT_5uwpg,0.194
NyDzPDPZxks,0.193
YeR0_kr3K24,0.193
sAfUz0TgQEw,0.193
n-mnDymxj7E,0.193
V2YQvmobx88,0.193
Vg7rbtPlKAc,0.193
2LL6HmFARZY,0.192
6Dp5eV7A5eE,0.192
0O2jjDkj1go,0.192
dJcah867OZI,0.192
JV0W_Ybd34c,0.192
ycDwH-7RIWY,0.192
wBwFLzxOIDk,0.192
CYFmSyYdjgk,0.191
hIXjyYsdOM4,0.191
nLiYpTSg764,0.190
ewHRoLP0VHc,0.190
oPNAYXxxRUs,0.190
Ri6VR_nrTrA,0.190
g8r8n89Vcks,0.190
zPRWv-OeEEU,0.190
a-1Y31I4F-k,0.189
mkqi74OLt88,0.189
teis6WpQvSg,0.189
1gaXXmUXz0g,0.189
zCPzEWbhbTY,0.189
R8aS6QvZF84,0.189
deG86IAhx54,0.189
GzWLjPsIX_0,0.189
5bKevI2Yfns,0.188
mVgYcE8_tPs,0.188
HfR1tV3n_AI,0.187
hHy5Qdvuvhs,0.187
DUoT4nDMAOA,0.187
tzpwNCRJv1A,0.187
j-nLtMpmbiA,0.187
PU9z1WPSQbw,0.187
2b_OC5iXhPQ,0.187
LR516j_9t2E,0.187
8azV155VZls,0.186
1YyxZwYqed0,0.186
nHWVE1gbxqU,0.186
v7XQlMnWTco,0.186
WbaAYMcxOaM,0.185
PUm_cRcSYG0,0.185
YHEQW99Qnfk,0.184
GfxcnX7XWfg,0.184
6QbGpkVWT1Y,0.184
9_s3f5siTRI,0.184
qE85TYf4nHk,0.184
rYcLvaFQb8U,0.183
Nz7BAUPY_1w,0.183
obeW_GgtOwo,0.183
tsvPZkysXao,0.183
Vc5RCN7Cp6s,0.182
St5zwYTPCjM,0.182
xDUrcccy2GU,0.182
hGDdxabkjHs,0.182
zZz91aicTuU,0.182
3oQeglhyRmM,0.181
0lBi94etcII,0.181
B7VBxc8WsXc,0.181
h2i977gF64A,0.181
XIOwe-QuDsA,0.180
532pCOisl34,0.180
haXF5o4mufc,0.180
HvDo82kaxck,0.180
rottkTsI7Uo,0.180
Ig3Ra43ftD8,0.180
nW_Vnnyagps,0.180
DOW_kPzY_JY,0.180
BdhB1qmg7T0,0.179
8XNEqau4B4Y,0.179
XknURO3AeJU,0.179
ae_bopUOyhQ,0.179
tqcYrGocq5Q,0.179
i7A1yRp_f88,0.179
Cp8SWi_0mgU,0.178
OXS5Kzf2VQk,0.178
khS5be2ca38,0.178
nhsUpcSp6wA,0.178
j5-Phtfs78U,0.177
Hrky65xNpW8,0.177
usNsh5O5iyc,0.177
zn7ayIBz0Ls,0.177
wLgL_X7tlZA,0.177
96HZThWufkY,0.177
K8zEL2Cau54,0.176
VWdKq1roV1Y,0.175
hjZiGOcxUj8,0.175
hw8tmcFntbg,0.174
x_Wsm_0Wrn8,0.174
nkzFj7ql8oc,0.174
lhlbSFef-7o,0.173
tP-EcsTy4Mw,0.173
KgFZmrhLBdE,0.172
Z_hOR50u7ek,0.172
ty1dwBCR6D0,0.172
jEQuwjLjc6w,0.172
cSsBe31RXGY,0.171
4Vv-zcAoer8,0.171
0jGzu5eakYQ,0.171
vwjnU7yCS7M,0.171
xgH_h0Ht-AY,0.171
hQiE8mtIDvA,0.170
qNP8Eknbyss,0.170
OQhXcFgP0Rc,0.170
-Mz7yBDT6vc,0.170
fY06MIR7VF4,0.169
umf0JBH8-2A,0.169
cyOFaobdtyE,0.168
aRdJ0T-vEno,0.168
dp9gdA-ybLc,0.168
_E0v8x6jiAg,0.168
-7a8AnpYKps,0.168
nABheVXr-RM,0.167
EYyWJ7AK1YA,0.167
CdcIBQdI79c,0.167
pB4XnFp-qPY,0.166
2a47o7dzkAY,0.166
jsXC1VerwW8,0.165
LzbE60wSf6A,0.165
9-d_DrenXJw,0.165
N7WIR4nwIHY,0.165
gUMt9UgJV1M,0.165
RxJFKm8aEVw,0.165
Z4L1bs_j-OQ,0.164
rmWe-e8Ps08,0.164
vCLMOpU-zPs,0.164
u9dGj3vJblI,0.163
56Q8vsiun8g,0.163
mO0sH-T2oNs,0.163
cwubD4hVN_c,0.163
Gc2fLwnlQH8,0.163
JVo9QLNTeNM,0.163
7UsExtgq7KI,0.163
T4lih-GNWaw,0.162
_7SyFn3vXVE,0.162
cR5hzv0TAYw,0.162
WIs6CTDP3Qo,0.162
PvWLbK_mNw0,0.162
pEBJXWJJpas,0.162
bDxmxIYdIGU,0.161
xrnG7ev-nss,0.161
6o5m6_Hb3bg,0.161
HAAUl6hvF_U,0.161
Jf55kHE--Ig,0.160
jPggFNSz0DI,0.160
W5HnGPPvw_s,0.159
_D4DH36YPwM,0.158
_nTL71grxv8,0.157
joaOGDo07k0,0.157
hnhnz6K1G6U,0.157
s18iNG-6wu4,0.157
RJYep7pbwDQ,0.156
k_-lHtXSYlo,0.156
2msfqq9jfyc,0.155
F_LNK2FmQsU,0.155
eyHm0FKAYuo,0.154
HQsH2nbMa3M,0.154
Cb1msW_UtvA,0.153
vO9XNum62tU,0.152
GFt97Ekapqk,0.152
ZqVQT9Det6Q,0.151
Iu4JPnSM9I0,0.151
FKqXHr6hwVo,0.151
pJzuZwQZV5M,0.151
LWlyAVlnyuU,0.151
yBaM9OZ8d_I,0.151
5xnwT10Orb0,0.150
Q6MmWSwfxOQ,0.150
9AzN5yhuY-c,0.150
jJsznx_NF9Y,0.149
kxNNefS6R8Y,0.149
AO80G1Ew1h8,0.149
johgSkNj3-A,0.149
QyzuPC88kM4,0.148
GstPAqRK2Ck,0.148
R8Lgr4LWv7Q,0.148
rbTWAsxCGtY,0.146
Yt17BO8UsN0,0.146
L9IbaKxUH4c,0.146
jucw7iYb_wg,0.145
cXW-QaY9d7s,0.144
PQUIHh6hG6k,0.143
j8bAfaXvWe8,0.143
WVf9ZsR0DQ0,0.141
3UBAuX_x6xM,0.141
hzv5KfEf5eg,0.141
8G0IAJQ8T78,0.140
OUT0Ofrbpss,0.140
WJgv5B4lzT0,0.139
xWPMsN56d6w,0.137
RiuhaG1jVpA,0.137
mhcsr8lIAZM,0.137
It2F86VufQs,0.137
8JuAvRZLHmA,0.134
4yCmQ74NBII,0.134
ISEKIkTYcUo,0.134
BdBL1_V7lJo,0.132
tKzs75ApSbk,0.130
9-6kEEJJSNs,0.129
fm7__QYk5Do,0.128
_8_3X3dVtZY,0.128
1usaGT1QW0I,0.126
9OLSxgNuZrA,0.122
x8cOUhXp9FI,0.122
EhxTCBv4BBo,0.120
ktWuisjbN24,0.105