Gt4Ddohr8WQ,0.583
wvIiz3_Eeoo,0.582
99ID1-SfMnk,0.581
Kb_3-1WZCDA,0.581
I4kQe6nTKbk,0.580
tWyObxTOFpA,0.579
S1MJp9RFfIE,0.575
KZqj7jZab7I,0.574
TJ7N8ZrkMbo,0.569
LRdTgKU7wp4,0.564
SPD3sL2aNaY,0.561
2Q_sfvUhJE4,0.559
L9fsWT9L_Fk,0.557
JCKoxHG4Yjo,0.556
bBQaQXjob7Y,0.554
GxmJ-ME_1lI,0.554
LV61M_ynsGQ,0.554
-tbaud64f_A,0.553
Ljs3i1JQQiU,0.551
EhxnUge55Js,0.550
wcQAW0j0Lbc,0.550
-5HemOwIZC4,0.549
i1HExN6UCO0,0.548
Adn0td6JA4Y,0.547
9bkPiISXKF4,0.547
zG68OfaCcYE,0.547
_OMSEoqqDAg,0.546
_U08nVx68RY,0.545
rQ7e6wEiVJc,0.545
Lz7WPsh2mp8,0.545
t39wf0QGHH8,0.544
YwHDcLV31qg,0.542
FZcS0f4zmh4,0.540
Nl2Kq0HBMW0,0.540
z1dHYZgko_k,0.538
oUdUrZRWrOo,0.538
v_eDZmP11A4,0.537
ja7aDXfqYRw,0.535
u6fF8_BejOE,0.535
odZWa0hx1P4,0.534
q3DeEzmgd30,0.530
E_bvb9kmuvI,0.528
O5Y6K0-LFgM,0.527
_rGoW4P7Yc0,0.526
TWD0rpb-W-4,0.526
HxbHl68_YQQ,0.526
36VzcR0Zc7c,0.524
yWVDBgI2GpU,0.524
TUV9h2eFU_8,0.521
C2Hom_Jtj38,0.520
E-Crqt8UGLw,0.520
EiG0B5K65a4,0.519
tXD4AjJhkY8,0.518
7fIC79t7iW4,0.517
DmeKRNKx4jY,0.515
vT1cFqMNDIY,0.513
BnTjttGXMAI,0.511
qKZOLULiruE,0.510
Rzsc1alicxc,0.510
R4Z2ItydcZg,0.510
CzlX1zOUFF0,0.510
JhMPNKbTQ74,0.510
bnXlsjFJKpc,0.509
67ZVN8A-DSA,0.509
vZ0721-5zyU,0.508
NIRKTK5fgog,0.508
YESU7FC7zzE,0.508
S20OLMrEmz8,0.507
ZCfKuOh3GEs,0.506
qQogJYQh3dg,0.506
s2DgLUkI4qI,0.504
o0Lrl2s6noQ,0.504
2KToUAQbCT4,0.504
iCEfWv3OMEU,0.504
4Fg7hxkRUlg,0.503
n7VMWPA9C0w,0.503
dLgvZAyErBk,0.502
FSYIn56sQfo,0.502
5mLoXmmqB2s,0.501
QGaNK9ISdBo,0.501
pkh6vM78BH8,0.500
q2RjpqqZ7OY,0.499
99eS43GGLTo,0.499
LycT08E8iHQ,0.496
jVFya9h7iR8,0.496
tOAkMKhVbDQ,0.494
IJEWm8BYqPI,0.494
uYLvnz4HPQc,0.493
xXB1JSuxsy0,0.492
lQmHjevGXto,0.490
JTa0_mcGLFc,0.490
o9Fpm8RjPEs,0.488
D02RhPhzkGs,0.486
BPRNkcI3o28,0.486
Sipdw3PuVMg,0.486
FPw7G-nYFp8,0.485
YLpev7pk47s,0.484
ZdG0AiaeKTg,0.484
mG1pRkKcl3E,0.484
SmgT8XE86Vg,0.483
QFbvEmSSIYw,0.483
F7gzzzwIdlI,0.483
HB565qktuas,0.483
zOdPVvSc3cA,0.482
pHW6dgA0cK0,0.482
WlnGSj-yRxw,0.482
fHhXbcO99kE,0.479
W369LMjjY1M,0.478
7MwjSUdcFI0,0.477
3AJkqklvGTQ,0.476
p4X2QRh-di8,0.476
ewPvI5ZSFXI,0.476
YgDd06Z4V7E,0.476
34vckZ_GIlU,0.476
IhEHMHvpJHk,0.474
xs9CGacyH-Q,0.473
ZjMT24pxgms,0.473
vjl8i0NVr0s,0.473
OFQ3l4BggJg,0.473
FLYOizIxMtM,0.472
0QSWmsWaob0,0.471
RRZAQtW0Cs0,0.471
l3D2JjYTrqc,0.470
Sr778P2IR4o,0.470
h0FOwvr5tvs,0.469
tLeiIphN_Nw,0.468
kZDbOzzjnmQ,0.468
8pdfBR7dqzQ,0.466
y9RvDitemD4,0.466
lEoz6qATQlw,0.464
5kTFvDmUC_Q,0.464
s46XUHwJvdg,0.464
uJs5iiHYz9A,0.464
5R97T6XkJjw,0.464
VFhb8C8gqDU,0.463
dDHDLicsh20,0.463
z27ozVdhhTY,0.461
OlWa-5qmp00,0.461
XNDcQuHa1ik,0.461
WzzkacHzf8I,0.460
E1FbJRghX6M,0.460
lJs-MGHeR1g,0.460
46s9A2LEf5Y,0.460
Kh4OVSxJ1_c,0.459
deKM9WEAWGo,0.459
Zu3MW-eYyos,0.458
nKPWQzHMShg,0.458
HCoYnKgIuFY,0.458
7129JOLRlI0,0.457
hbSOnofE5rU,0.457
MS3XI6RRMjY,0.456
uOfRDq-uvzg,0.455
5M_wVb19ons,0.455
CWjZsi65R1s,0.454
TVjFsWUI-Nc,0.453
YsKA_Aaj3yM,0.452
-IWLHovIgIY,0.452
zdUhmvRjxow,0.452
WWI-bKGRKqA,0.451
mNIXOm_-U-8,0.451
GUc15r6glCU,0.451
yQ7jPlzN_NQ,0.450
iPsEjRUcEBo,0.450
iSqcHSewi1Y,0.450
dM7BRsnJJhs,0.450
FwyJysOZ0-I,0.450
dj5oC3G34tk,0.450
Hk7rPLrXyZw,0.450
9rytz8yabP0,0.450
k5-RlZxEnME,0.449
kEkFjUceE7o,0.449
_91V9OM65NM,0.448
Y9U9hD4_qNg,0.448
cTJFDcy0Jvk,0.448
IUwNul9oEaI,0.447
kNqHPmKwmEk,0.447
sDFwOm6_744,0.447
G1wNqIpk7a0,0.447
9yEIzP3ast0,0.447
i5vwz1OFPKM,0.446
It7geTisR2A,0.446
3BiKVYAFJ88,0.446
kgK67LT_K8s,0.446
TM5D5DCzRY8,0.445
D1E55l53s94,0.445
-jlLf7QtQ9c,0.445
J0mYMnXD3fU,0.445
UB5ihCCLpSo,0.444
F_JjfS5czto,0.444
5cOnFq5mn6s,0.443
FmBDU3xZIXE,0.442
N0qrNTw3v2U,0.442
eL__e253tYc,0.442
Oaec3w4AWU0,0.441
kPWECYLUVo0,0.441
8HKQ6BkG-Lc,0.441
EfBPA4CWZAQ,0.441
4iy8-mEWcZQ,0.441
XWfUYeHAqNg,0.440
55w65rj0pJQ,0.440
cAHSjrtMXEk,0.439
BBoRQY_CQyI,0.439
nl1H6uYaEZk,0.439
XJVIh3ziHw0,0.437
PeH-8eN9BDE,0.437
uMOn9HZ86jg,0.437
ILPnE1NMbJs,0.437
O0NuGvCL9CQ,0.436
Gcr5BAew2bI,0.436
5-iX8YvPgik,0.435
hvNwNCIKKNI,0.435
jWnL9zb_ajU,0.435
SyS56qXMXw4,0.435
pHE-bkp3TDE,0.435
M51smJDsZIA,0.434
yFcKXtG2xj0,0.433
bDcF7nJbF04,0.433
5BftuM29lcc,0.433
St7uVeWhPAU,0.432
D5ky7kHerAs,0.432
IYdyktPy48U,0.431
gag1YPvlpOU,0.431
CAZR3y64un4,0.430
iWhW3paqdkc,0.429
U3xXWZPIFpY,0.429
Z1JeFltLNjM,0.428
ZtCwrMvS6Eg,0.428
wvVnLrVEu0k,0.428
byjK_D-Uf5M,0.427
jgX6vxV2SB8,0.427
XXnlVlkkkxM,0.427
1BU4BaVvrxk,0.427
Je4BJ9CTKls,0.427
c_5l9iycX04,0.426
aKrfjtq06ZM,0.426
avzNmUR0NUE,0.425
BCOvDeztptQ,0.425
cJslQiI54Jk,0.424
yzMgGqoq4t8,0.424
HtJATxM4xhI,0.424
S27j4d5oEPQ,0.423
Oaz2GkK8zQE,0.423
NbR_ocOlHZs,0.422
2Nm8EOdyaho,0.421
vfMyRs40-jA,0.420
YRTgZYf9atA,0.419
X1jr-A1hHMw,0.419
WT6jW0QkSyA,0.418
csUgfPQyH9w,0.418
J4oRbVCrDoQ,0.416
FYmidBGy8K4,0.416
w10Yd_t3LxE,0.416
rasXZXbw-RU,0.416
V726JdY8FaY,0.416
cV-T9-H90pA,0.415
ehDWZihSSdI,0.415
xiHJZ2z5wBc,0.414
0O2gbkcGLns,0.414
G4DRk36lvCc,0.414
ynoXIJdG8Vs,0.414
DHIbFiK9y7c,0.413
O2NlnLL7Tgk,0.413
29C0FmzVEW0,0.411
LhxK7dkyMHQ,0.411
IvDP1lEWTfY,0.410
qlK6Za6TSBo,0.410
LWjf6d6ZYzo,0.410
Kth9RhgTTCc,0.409
wru_NKFmhSY,0.408
qdQnrug28P8,0.408
Yb2gOYtAhjY,0.407
D88fJxTuws0,0.407
MnzKYMAAlq8,0.407
gCWPbP79Vpc,0.406
0AeetzseLUc,0.406
9-qeuGAZgjY,0.406
PuHQbZ1aTN8,0.405
hQUhgRSS_Mo,0.405
ycKN12zlyeI,0.405
uv927ux9gpw,0.402
sOpidULauW8,0.402
Jo7PEC-e138,0.402
Gb3aWGy9bWs,0.401
_EGYzxXzRSA,0.400
C6A33DYEvxU,0.400
A7PdBnuMV3Y,0.398
-3vB_UcfhaA,0.398
g0nsaWeg8Ls,0.398
jjLJ8dUd6r0,0.397
ix-HSEyOtHs,0.396
XIjRjklxb1E,0.395
UPzUCgUO3uo,0.394
T1n5ZpxN4ec,0.393
boH208mBE-c,0.393
BYyoa8q3Lvs,0.392
ocPxF5ZL9FM,0.392
kEMXkRcXJYQ,0.391
vke_7a03jFk,0.391
b2Nx3CulVgw,0.388
8z4ne0HhkKU,0.387
Ls5uVOt6FS4,0.387
r81s808AA_o,0.383
uSjDT7VFeSU,0.383
AgW5DjVC9jI,0.382
anEuGvPeeuM,0.381
ZYse9pq_1Tw,0.381
FaluX6mpYIA,0.380
wf0xXMh1E-I,0.380
bGRy_rT8tfE,0.379
8gO-iwjF6sA,0.378
pxrxOJpVtW8,0.377
oJ1LJRX9e7A,0.376
fXtwIPWdKmQ,0.375
2d1cL5V9RYM,0.374
nhPRZALK2Eo,0.373
pGq0H95m7T4,0.372
giPpGQLbQok,0.371
5Zm2kG2ZbZE,0.371
SMPAnnkbkxo,0.368
nLXK_3Kq4GY,0.367
2B4YJ1XtqjQ,0.366
e-dwsfIBurs,0.365
2OwJ9MaKatA,0.365
nefr8qqjIfw,0.363
85b2OdkJ6lY,0.362
04NvqeMc1_E,0.359
2ZcAsp2_yUo,0.359
cKqAFZxNOh8,0.357
qSdzShZt9Kc,0.356
Zpc_gtnFBbA,0.356
NZeo4sasNk8,0.350
_z-c6FoPXyk,0.348
HPOJfzD1zJA,0.347
V0PIRTJAVYs,0.347
ClWO74nUEdA,0.346
XQcKlSkNL04,0.346
FF59ml68IlY,0.345
mzcsVqaNgz4,0.345
qrpjROysadg,0.344
Z8TegQSsl_s,0.342
tUZicl_IxOg,0.340
jGMxJo3BnGQ,0.340
QvJtAbe1HGA,0.338
Jveb4nTXCEw,0.334
rUwYDD1Akx0,0.334
t-AuuDRdMwI,0.334
GmtHocG9MSo,0.333
snwNYHkz-7E,0.331
w4fXrtdbeXI,0.327
6cVFuAMGen8,0.326
UNqEBIKd2Cw,0.326
yDCW-flp1N8,0.324
8IZcvHJQJBk,0.322
xtq3IANx7_o,0.322
G_ImxftNumI,0.320
9v9JfWi2Zy8,0.318
4u6A40QTWVI,0.317
hVgyCvlgjok,0.317
8pDNZmqAZRM,0.317
sv7WhGUE1Yg,0.315
9RD7p9fYVKQ,0.314
va97OY4Z1gE,0.314
rmSswBrnF6M,0.314
-DKV2rBu0B8,0.313
1o3ajFTKJEI,0.313
3oesoAmrjNQ,0.313
ukzm5XbdP8Y,0.312
GaYvLMYdsUA,0.309
cS3ReamcI7k,0.308
dS4RVNAGgcw,0.308
yFbElXV5HWU,0.306
L60GX3l9eYE,0.306
q4n_Qnl_HxQ,0.303
bHLuAIMzZB4,0.301
qzoIQlIw-kE,0.298
qvl1oiOG5g0,0.297
0BWOaAj6-Ps,0.296
qTKVe3CQwC8,0.292
p58ZiYtwjDU,0.291
owblEdd0ae0,0.288
ADMdm8iYHfM,0.288
98lljzCKDx0,0.288
KsV-kC9hr-s,0.287
8duWSMPZzqg,0.286
KI8ns2MalGY,0.285
z-K7rwUjam4,0.284
q-pB6ZsQGRo,0.284
96eAuv8xzGA,0.283
scQ5V_DLriw,0.282
F5KMGNADu38,0.280
17zcViKlyTg,0.280
GF1NJ8td_J8,0.279
7DDXdnWY-84,0.278
e-druR9ZReQ,0.276
FIZvSRNxwdE,0.276
ZA2eNTkKhfw,0.276
7qM8tCNuHDE,0.275
BYxvOB8nUCY,0.271
Zq9qxrfLLcY,0.268
42udCOVINrA,0.265
b2UzyKvUfm0,0.265
eg7D7FYZymY,0.262
46_EFVUflx0,0.261
D6J5qjHNUH4,0.261
b3iEHiP6Qgw,0.260
Yy6FAH57QGA,0.258
cdJQxS0Z76k,0.258
X-g7ffvjNJY,0.257
mX7hN1_ZGqw,0.257
7EQY8kB8yaM,0.253
rFgPpi9WzY0,0.252
QAa-8DwsR3k,0.251
eNLIK4HLs0g,0.250
GQAzVoaeVps,0.250
MR3WhXf475g,0.249
OJLqqreuqOA,0.243
psLdtD8wuqs,0.243
Be3fp5bnuQM,0.242
bgTDMoY2WAE,0.240
rIwWkj1hKxg,0.237
0I_6KiGkENo,0.235
9VJ5w8SI6rE,0.233
A1nToBCzoKw,0.231
T4fQGs3gLtc,0.226
-kM4W0P6pH4,0.223
wcaGTKNrnco,0.223
yCk17LR5UQQ,0.222
MFN1-MA6Nl4,0.221
jSN1SjyeQrw,0.219
NVJk9dR8ibw,0.216
iezkOYTrxmc,0.216
L9H2CbxPlQQ,0.215
QNzNeiSnEYE,0.214
vaJKhMCIr3Q,0.210
421_JWPwatU,0.209
SYq_wXY-gYg,0.206
XJyDC29NO_o,0.204
S6Rn8IvPyas,0.204
4UDTOFRoSUM,0.204
gPiLiE6nKX0,0.202
9yLoanPQflg,0.201
QllMhJyy2Xs,0.200
hAU-qkYXfxw,0.200
5pCSXE-1IfA,0.199
oLwSNW3djD0,0.199
r1C3sli0ZO0,0.199
qTkkWl-ovmg,0.193
ZisHiDj3jLI,0.188
9na8ynEAHkE,0.186
lhiWVfFsaaQ,0.184
eNPhWffdTTc,0.182
QYLCo6CFUm4,0.180
NfSiQ9kzyxQ,0.180
XYjkKYLjKSQ,0.179
7h767n_gaCc,0.171
szjh6xGDtFM,0.170
rQZwgcmelH4,0.161
yn-GAuy3flA,0.161
MlOSvDjqvXk,0.160
e2bVtYIbHdk,0.158
i18CHcX-J3w,0.158
0Hm_DNSWzh0,0.150
60q38lU4MMk,0.149
zsFvm6cj4yg,0.146
YaYZHrFs8gE,0.145
kFcwBc0B00Q,0.143
63Hn_R5CVOs,0.139
csqnnhKz1-U,0.135
U6Xkn2JajVU,0.131
8Bg_-StpATQ,0.130
5sKPPw5ChTQ,0.124
ikAptlO-u7Q,0.110
oDwsaf0XWfo,0.094
ROWJdMbqRe8,0.094
p4URCujIlh8,0.087