X_7AZ_O9fmQ,0.686
HkZ9Q5FYM8w,0.663
lxyv6rfc35c,0.661
Y-HH7jpCPGg,0.650
FspQGveOTys,0.647
x8PiHmGzdJo,0.646
n3z753nytb0,0.645
KsrjF47LLsc,0.643
Dk8_id4x7E4,0.638
uz9L9iNcKNU,0.638
cIK4Rgy_M28,0.636
4QOapb9Nir8,0.635
AE8LqqEliwc,0.631
EGwzRqy5qz0,0.630
kzE0kUOnEM4,0.629
zAcy1veHz4k,0.626
ORl-6ZHRjrg,0.625
ojpYSh5HkE0,0.620
_zjauS3hAjg,0.619
6Z2vxhuAZrc,0.618
AOG1Hmslf9I,0.616
SlDEfsCbUPE,0.616
VkNgBRTFCnw,0.614
6Q5NfC2tVDs,0.609
6TMkDe1XtIM,0.604
DbRMJNpmEiM,0.604
p0Ug7TreIZQ,0.601
JyT-HgBnOEs,0.593
Z7MWi5bppd8,0.592
QPIfXKZzORU,0.590
vx6u386vvdI,0.586
vepiLAnxsqs,0.584
Uj8kfT-hOss,0.583
r2aVr7JipaE,0.582
tzbFgL79Mqw,0.581
46q6XrPCEE4,0.578
cSrf_CYwqE8,0.577
cqgzwtG2tVQ,0.576
z-j-iRZxKMU,0.576
c5rsR2UWSm8,0.576
Uc8Obko6Xd4,0.575
VpweiWayuC8,0.568
FzOY2tHyZ4w,0.567
xJtsRlD-DN4,0.567
e7jNLKzyk9U,0.566
dU7Be46ZO-8,0.564
aun9YSxcLe8,0.563
jOY7D02n4Cw,0.562
-ZuUIaEbY9w,0.561
o_B4gbJFkDI,0.559
XePJBDU_svQ,0.553
lHbUYqbSvCo,0.552
0WvzRFSJ4AQ,0.550
EhJS-QRedao,0.548
qSb8Pm5gcxM,0.548
ho5Uuo0V4l8,0.546
6x0Ad8w8NTQ,0.545
1Z5zIuwK35U,0.544
URRuFJQPasQ,0.543
aO-V3g9oWps,0.542
2fYFJGlZlCA,0.540
dCHPB0_1DD8,0.539
bEaUIaNC3zg,0.539
LyTFlOkZYcc,0.539
wocUR-MHbFQ,0.538
0GLY1Tf8amA,0.538
qdnSrQ9iqMQ,0.537
01QlVERe8nM,0.535
dSrGwNQ_9eY,0.534
uq3WNaQ6D94,0.533
JWPFME-5fQI,0.533
jfqThHeYoTs,0.533
FpSVv45Qfyg,0.533
1Kr6V4x7TYw,0.533
GO2Py3zTdxo,0.533
aeiMGGd7alE,0.532
TyRfdF11g5k,0.532
Q1JXE0IPWtg,0.531
x1wBsf6bCnw,0.531
UijCF4DDV54,0.531
7_qN_0DqfuU,0.531
FBjxbAvs7NQ,0.529
3k5t8K_TBxg,0.527
g2OurULdW6U,0.527
J37zKZSM8z8,0.526
-JLoCWOSyvU,0.526
6FO1hI_jJW0,0.524
YUkZg1yZFZA,0.524
ixLPUVCOpZw,0.524
nzDxgsS6KIg,0.522
IKTl0uth3qg,0.519
XBwvTkF_QgA,0.518
cwE_Ghahmi4,0.518
YiGTGpYBAng,0.517
Z2Hvzp4YZiE,0.515
maSR5FTvWaY,0.515
SEA5P32hv38,0.514
vxSyS9TWvjI,0.514
fB5-Mtp_UiY,0.513
mBPIAENn3Rc,0.513
ujNLnaz3bB8,0.508
hiXgfSoRvrM,0.508
CtT4rhN8s8A,0.507
06Zv9lgKCAs,0.505
TJr3ZZp9j6M,0.503
XvKYncn1VZU,0.503
_oaMjNd8sIk,0.502
5ADR6xLYl6U,0.501
HGMi6MqS9Ko,0.501
ukMNmrYv7fg,0.499
H_WUK8zz6DE,0.499
G6E9aYEQVa8,0.498
aYfTs2Oyfvc,0.498
ugGU1kjlFF4,0.498
ttwGPxBS9zA,0.497
vNa-qznxx-Q,0.497
O2DtritrRrE,0.497
iwHdm5GtNHI,0.496
Q05szf9sors,0.492
Q1yCvXwzkB8,0.491
Iv-tKPx8mpY,0.491
0qYcNv72myM,0.488
z5zkrT5B_fw,0.488
gzQBsRGi0hM,0.487
PxHfaku6PIA,0.487
NcyiTP8NFx8,0.486
A5u6_7hj4PM,0.485
JCbXiWKx3Vk,0.485
FUX6Z2sdk4A,0.484
XQIXCgdDoAM,0.484
UvvtLjHKPV8,0.483
PfiqM9GZx28,0.483
YdmgEvD2QWc,0.482
kfuKiOwZiC4,0.481
PSH2ZMi84oQ,0.480
bgJ8E6e8rko,0.480
HEHEgV9kq4M,0.479
7k6e4M_fwr0,0.478
mF_Y9ExOnWo,0.477
PKNGAPEQHHw,0.477
PscP-Gjz2u0,0.477
WOFAo0x5CYs,0.476
FzhtwrmB-60,0.475
LJkprmb0GnE,0.474
0WqGd7LukUg,0.473
74o8pm5vP58,0.473
UWiJjxG7U7w,0.473
Padrlssjl4Y,0.471
qJF4-EjCtl0,0.470
Xm-K6M4aw6U,0.469
GdkJXVVqqCA,0.469
yTbApUEn_iI,0.469
MuLSKuyuXvg,0.468
D7lbIYFMQyY,0.464
J-euhTyuJmc,0.463
NdMZ6mPhGGw,0.463
mFS0fJUMBWM,0.463
SjTm9DwSYIw,0.461
RL7IxPXFAs0,0.461
nqS1f1In9sI,0.460
Vqdyt5SVJzk,0.460
6qHiO8WF5uo,0.459
6_CR2JrWdBA,0.457
jepE2Z1xkdI,0.456
hRLQmbqPNaY,0.456
YjJvSesB1EU,0.456
6E7Wv_G4EUo,0.455
er2voEn8ZDU,0.453
FUeCLypvlNU,0.452
hWkHGPV_YY4,0.451
IHO-vK_7d6k,0.448
LQExX5Zd0FM,0.448
3ViNfKTQ65g,0.446
F6V07IIbMqQ,0.445
H9p-Z-VbBBc,0.445
Efb9il2_uN4,0.444
8PG2A8uHWF0,0.444
D8zqp3CgcbA,0.442
PxUKcYAF030,0.442
TOVKt-wSBsU,0.442
wWYJvX7PdLc,0.442
_94dvXLHmqE,0.441
v_qHWgmsPrw,0.441
T0Dh1W40ILY,0.441
GSjX9d1KoPo,0.441
RJmZ0dT-dPc,0.440
Qq14Gskhk4g,0.440
rVyS56UmjI4,0.439
9O_Zr4BjQmU,0.438
ifk1xiIVPkc,0.438
ofsluyTyHWQ,0.436
kSq7W5rDbA4,0.435
RseRjG1ziQo,0.435
TJrNXbTzac4,0.435
P_Wf7OXMxm4,0.435
6kjXnrKLihM,0.434
k-XRPSTEudI,0.434
0JfhRBzH6CU,0.434
Ks9GXhy0JJw,0.432
uconu-fk9XU,0.432
5cff1Szi1Wo,0.431
cLEyQ-Fx_Hs,0.431
qUCMrWIdyLI,0.431
CgdmEezIlwQ,0.430
ai5HcijlnRc,0.429
7n5Rmc-c0lM,0.428
MqzIuukdv_8,0.428
M10yP2TdvxE,0.427
NIww4YYO6O8,0.427
tHnCN8fzDrk,0.426
n8dJpATLrjw,0.426
u1J6YOsr338,0.426
HyNu5KB4U3U,0.425
4S8rk22GH7w,0.425
4hhftEm-tN8,0.425
up1zvX_XMM8,0.425
cxQ2mVL8wSc,0.424
KakEQiQzNUo,0.424
UPQzchQet7Y,0.423
JvuuWHzIRjA,0.422
3JR8arhaAag,0.421
Gn850F1zx3U,0.420
rpyBYuu-wJI,0.420
osC66c552Ss,0.420
kWiiYEpsUok,0.419
p8eFA_yVqRM,0.418
7oj3nJgb9ys,0.418
uOm172Du3eQ,0.418
6Tjwy0He6t4,0.418
-QnyaWzi7G8,0.418
s2AXeyBjV2k,0.418
68qJepdjE9k,0.416
ufUvfFiWcqo,0.414
YcoLZfd9Z7A,0.414
ZWkXf-Z_988,0.414
_cqul87sP3g,0.411
EL093YsCHd0,0.411
6JVk0NzH_Fs,0.411
3wYsttZSKPI,0.411
qPo4-kgYwOU,0.410
M7mMyiLde6w,0.410
f-PwNdt_Q1g,0.410
9JTXXj72OXE,0.409
j1bdA6nWSIg,0.409
Z5E25QpuK4U,0.408
-p4J4-QXSTc,0.408
AxUfnykJSrg,0.408
wEN82Kfs_I4,0.408
gXoY7UY93Tg,0.407
BiIgbc5eLuk,0.406
ISoFHc4lSnw,0.405
lc5q15Q6EdA,0.405
EXPpz20wodc,0.405
X--7Bkhi19I,0.404
vXSxcntBTcU,0.403
YIKr2EMkm48,0.403
cRQDEicatfk,0.402
MOkdY8Zlmqs,0.402
3zlGpjj3T4w,0.402
I06MX5x6N68,0.401
XYWZoDufJiQ,0.400
5lER_H57xX8,0.400
-qt5kew-Rew,0.399
-hBLzZnvAow,0.399
RDUDpZXSqok,0.398
5QKZNGiprLw,0.398
i5ADuHvDBNM,0.398
h7AwZ11TrWA,0.395
VWB24leWN5c,0.395
afw5X0V4_u0,0.394
ZWV-bv6bfuI,0.393
r0BJgLU38zw,0.393
gxcye9IGimQ,0.392
9zrrVcHl4QI,0.391
UUTUDQnyH9k,0.391
gRkahB5fggU,0.391
utcyZQk2_FE,0.390
ZMR_ffmtHKQ,0.389
DUOZmpBTZyA,0.389
u_GViIao_Mo,0.389
Vic6msk8cgk,0.389
T0Dbt1uc7IU,0.387
Iycj0x7NzTQ,0.387
wbsOFlR0QoY,0.386
hzGow6gzWco,0.386
6IjFfl-8Gu8,0.386
VBiShPGjJ6w,0.384
oOzcSrhwT7M,0.384
vPq2vVvyBmc,0.381
VVWZwzQKwC8,0.381
9Rzq5Ii2vnw,0.380
Iref3IcW_p8,0.380
dk2592dFEHs,0.379
DKYP2RUSuhc,0.378
lGhCjr92gOU,0.378
5GvEQ6bygdo,0.378
5L0ZLZz-WIc,0.377
uWYUbgus4aY,0.377
RH3TWf7_I_E,0.376
0yBlzgwovqw,0.375
Ujtqxn6jVrU,0.375
9baPFq_tc8w,0.375
CC1Wo5Gtt2M,0.375
Hxh-g0lgYRw,0.374
r0MiaB6-6Eg,0.374
9mqRVItNak8,0.373
ocEk0RFkmIk,0.373
cVkkg_GQivk,0.372
_hXeohOG0xU,0.372
9YBAO2RxHmM,0.372
dNVUW5RC9eQ,0.372
8G0EaCogVxk,0.371
p0PPvJg-UgM,0.371
cM3lSRhEs34,0.371
770N1P-Z6AI,0.370
vAFOyxvSa0s,0.370
KCQmn-nHapQ,0.369
PqJo2Up9Wqo,0.369
fgzZecSeXeY,0.369
ebKBw79YhMQ,0.369
NYIVHSW4Ffc,0.367
6UbrTku9oS0,0.367
3YGmekRi4oU,0.367
m2kDMaaFrBY,0.366
3IBpE98dUe8,0.366
Jgcn5qq3E7c,0.366
CKTCT2yhP4w,0.366
GnUT_A9NMvY,0.366
LVI5dTb6lsg,0.365
bYS4tW-yn4k,0.365
DeYBouZKdUM,0.365
I3NaBQavcWQ,0.365
ZYEYcQeFUfk,0.364
AX9v6GluaD0,0.363
N8meCjVsJWI,0.363
gTuNqGaWrvw,0.363
vfytIHHZkeE,0.362
QMROzWaj28U,0.362
g_CVSI52Xic,0.361
Wfbuvl_1ElU,0.361
pbBm6cCqWBc,0.360
f2w3eU-VvuA,0.360
2F8_ExLbE5k,0.360
5P0IVKKFx3A,0.360
RCXMIWFoM40,0.359
JdyCPNCYebc,0.359
EDC8OwcUeQw,0.359
CwmT21PH6c0,0.359
MJka7CGOac0,0.358
YgsgtT-9FdE,0.358
aBe27r8fUT0,0.358
UBPV4AVXf5s,0.358
yGFa19FeDEg,0.357
gQUVUJDeJ44,0.357
H7ZGSI1TDkQ,0.356
J9poVd4rvRE,0.355
FKwYoUMY1jQ,0.355
Evd0mF0uMn8,0.355
g8IQLCQagEQ,0.355
UNOh-akAMnA,0.354
MU8xZgfYRLw,0.353
KxIODqHbCvE,0.353
zNNJHSACf1Y,0.353
lRs-xo2sI2E,0.352
JXwC2Cc0Fe4,0.352
rBiLSMrgk0k,0.351
zkYRYZ1LDYI,0.351
ae8zpnEwgjg,0.351
h7l1SVcJeLw,0.350
mavl_JQGRRA,0.349
J4tG5kcUhQ4,0.349
8Q2bjsDc_14,0.349
cnKidhgoZts,0.348
LxSPi1NqNmU,0.348
KwJhC_U70qo,0.348
q5cKmWGgm0c,0.348
aYWvKZHs2oE,0.347
6X92XwJ-guE,0.347
NZy3tJI_aTU,0.347
gCdQ0br_fHg,0.346
RcsT1SdxbdE,0.346
Jlcp1G4ruds,0.345
06StqafhHe0,0.345
oKpOLZTdROg,0.345
Kod26Fp3_U0,0.344
LOV34dwZv6o,0.343
4KAHiO-KuUQ,0.343
jRR8y7f3_Rg,0.343
Am6NFF33Zak,0.342
1wjO4x3czzM,0.342
0YxTmr-qVwM,0.342
K_4jbXTMY8o,0.340
Os343Z28JcY,0.340
s0GjFmyX7ko,0.338
fZhe07ORb2Q,0.337
skF7ohrJ_6Q,0.337
mrKGOgXQElA,0.337
awIeuXtNJjo,0.337
mZ2N0W1dbmY,0.337
rprrzIwQkiw,0.336
kDUwaR4Ak_I,0.336
QB7Oa4y_7x8,0.336
kUdqtMbVkYg,0.336
B-h_DysvBh4,0.336
lkgf07CECzo,0.336
bqichzJFbF8,0.336
K2NJz1A1BSU,0.335
o87HIGGZ-vc,0.335
TRLPnj_xIUE,0.335
tBrVG7K18Ek,0.335
v5hAVbZlgUA,0.335
xT0JwfP_VTs,0.334
e1uTIXEkZIs,0.334
rENxum3wk9Y,0.333
5BCDIas33y0,0.333
NBOA5QLM6CE,0.333
xVtHxXkU2Vs,0.333
duNHuJD9T48,0.333
cjm_fmALfTw,0.333
vLv7OXB39rA,0.332
QOChc6VXpsA,0.332
noSbI-ZcZHo,0.332
rI4HeG3Kg64,0.332
YOHMH-PBM9I,0.332
7XW9yrpNOp0,0.331
Gy69V6MmEmA,0.331
Eiq4XEucbU0,0.330
Lvw70wdp1Oo,0.330
qdKRWe2M9mE,0.330
BOV5sbOf5c8,0.330
omkwLOifCBE,0.330
Wbej0kcEKo0,0.330
u6sB5PHHssQ,0.329
YVKn_IloftA,0.328
zyCHdG25JFU,0.328
tRPLRlMdVqg,0.327
nueN1iirN54,0.327
CdGnO4CkklM,0.326
f7W_PotnMsk,0.325
Qn4Crhl85rg,0.325
ISwAGIXYDL4,0.324
Y7b9zm4NlJU,0.323
bljoRVQ1BWk,0.322
z5NiEs3gux0,0.321
XacHROg_tls,0.321
yXQmlIfnOaM,0.321
NVcgSBJFhgM,0.321
BjacBlojppU,0.321
LndDO4FZ6zI,0.320
vfTo8l7VwaE,0.320
3UL_SF2_ifw,0.319
PA7c15gIjGI,0.319
g_bLZghMvtc,0.319
K73BLPICLFk,0.318
1GtYZkbil-E,0.318
hei5fgQQ5aU,0.317
h_Mw5D0uFiE,0.316
ipB6P1uzNYM,0.316
biiKAscKMXU,0.316
1Nr_xkWkQnc,0.316
3wHHcb-4XNA,0.315
L1v47Qlshq0,0.315
xMaKlnWhbHw,0.315
l61oKE0oH_M,0.314
wESKzhohaL0,0.313
RHkNcC6jxOY,0.313
oohT9Pooiew,0.312
UClzDg9nGGE,0.312
wfxm42S3VlA,0.312
l5VJNGQWlTc,0.311
KY9Ar8CUd-Q,0.311
zMR8B2yDgaU,0.309
oYmxHjK9-wI,0.309
ZVzZI6fftqk,0.308
FKJi_SOXwVI,0.307
HHT5wclpqAY,0.307
prPZ1Ay9IeE,0.307
OMrhdg7Jfa8,0.307
TIyVfj5xwEQ,0.305
1rs66gOgyGI,0.305
zNzhWd4GG1M,0.304
Iq81MjYsryY,0.304
3RjHY_W5cJM,0.302
2bLwH0bIa7k,0.302
_suJnAXmGxY,0.302
mft4qxPoAfk,0.300
X33lFNgAPO4,0.300
-O-qirvm4dg,0.300
cMFiFmmiBuQ,0.299
5XcxEyPAlFY,0.298
NLuT8SghQI8,0.296
KfZLgXb9Uvs,0.296
9uW_fUjg0Nw,0.295
VnVFLsPcjB0,0.295
usgSlYUbQpA,0.294
mtPGlAxaqqY,0.294
IoDV9_5iQZg,0.294
dAGHH3rBSEY,0.294
BzImFgsWlqQ,0.294
R1np0S8HL1s,0.292
IOF_nxTGA1w,0.292
aTh-TLj4AbY,0.292
3Lf1GHdoagk,0.289
T-cFuDIo4sI,0.289
qHRyyZxdGeM,0.288
6FrzmHXQJzA,0.288
UVVsTAUzVzM,0.287
aEjF9gQLZvI,0.286
Im8sziXdFqQ,0.286
o-usSMzfJq4,0.284
_UAMuLU_gu4,0.284
N0rSL65bKlg,0.283
KoIaJ5UwNeI,0.282
nduEn3j9WEg,0.282
3qgk7LH3jqM,0.282
ZFR4EghsNxU,0.281
PcRvTPcsDOw,0.279
fCvLbv0B14w,0.278
yb9ts9AoOIY,0.278
BM6gOV8dkJo,0.278
oozAMoAuvtk,0.276
0lLyBM7HFsg,0.276
i-bSyaQq8SU,0.276
E2h1jk82HDg,0.276
nTo6T-NXgqU,0.275
-m3j7V5IlaA,0.275
OSUARvkjgm0,0.274
IGRh93HNIkg,0.274
3q3Qn3pUjFM,0.274
yb6pSMVyRV8,0.273
RE8XiY2eaG4,0.273
7jSHrh4Op7I,0.272
xoRLN1drcoY,0.272
1YUDB-AjJ5s,0.272
R0bh6nEJbgg,0.271
hTgeO5Rm9ek,0.271
Wqf_Hw9V2ck,0.271
7Jm50o_p71k,0.270
ytbJhivvEZU,0.269
CWEDsRGzSss,0.269
WgtDjrz2oxU,0.268
bGVC1J9dPxc,0.267
-Gw62RmiWPg,0.267
7tt6sDUlW-s,0.266
45fpPUQ-5TU,0.266
ds764d_zlkE,0.265
3yTueR0Mliw,0.264
3C_lslvBKB0,0.264
3rJTQYAvLvw,0.263
im8jAbAc4Vo,0.263
RCFPETu9bDA,0.262
sGEKDeG3Twk,0.262
7mnJqzvYXos,0.261
ATCPG3pOR_k,0.260
CbcGGNYOsmI,0.259
zxAq_RGlipU,0.258
mnU_nhAMMfU,0.258
lR-K4gCXEko,0.257
-MEGC2JPKgk,0.256
gHjlu_sm5f4,0.256
ZCMu8CeJL8o,0.255
NC_EVPGIwmw,0.254
WEdONli_I8c,0.253
-D8jo7fyqCI,0.253
e6dBXagLSsk,0.252
aAcfE7jU9y8,0.252
I_U1tWZynsg,0.252
aG32SUzXXMc,0.252
PXlXMPleuuk,0.252
lXwUzsntOjg,0.251
5SojnUO66h8,0.251
wG4fNWJQe2c,0.250
Dcd3BtrALIg,0.250
0uaSM0l6A8g,0.248
n7X3kns4uRE,0.248
IEBgquq7_mw,0.245
ZqXP0gkYdrE,0.245
nY8SoEGE57g,0.244
yi41OGPP_sg,0.244
bBQM54tJ-nc,0.244
VgTdAf_OZqI,0.243
5bFn_dgzGIU,0.243
Dr1uXQEftyM,0.241
0TgXakpqiso,0.240
pwnHfS4RJGI,0.240
2XfOTRLsfCA,0.239
m1zxwhDoWbM,0.239
5kXwEtx3oEc,0.238
bI3IBkFlZx0,0.238
R7_m30Xbr-s,0.237
nj1BBGozAQA,0.237
QNVt-tbrhfg,0.237
Uv31dGpqsKg,0.237
HuZUzGuhHOU,0.234
nUMoXbmIlWY,0.233
CYBaxWg24Xg,0.229
5m9Nq9-T4OI,0.229
r91IpKtgsjY,0.229
O0oizHShDMg,0.225
fponGE_NRng,0.225
6sA__NAPFlQ,0.224
D7amBOrXDKw,0.224
lhGcmVI9IJE,0.224
RsNep9SfJao,0.222
C1B4WAVNhRo,0.222
w_bmIvIIoIM,0.221
YNHCRJdBlQc,0.219
a7v8ZMp-ysE,0.219
Drv2M0BCEM8,0.217
-PCIpykEOYI,0.217
DBZB-J21fIw,0.212
HFFX9nWZRtE,0.210
GF4Vfn2aBaI,0.209
Cc83SbLw5Pg,0.208
Rpog7Lx77sI,0.207
jnplAMHu2-w,0.205
8uW7dAGMA2E,0.204
zHGMTmGiXxs,0.203
Sd6Q2dBQC1Q,0.199
ICd8py1-HDw,0.197
a08Ukb3W9zE,0.196
M_w74Qe1qg4,0.189
ge6fuEplQac,0.188
_I5m0IpuZ18,0.180
kK9Cn4B2Ld0,0.177
INObmo7kFdU,0.176
Nd23VFos3bU,0.166
C91k3NSDg-w,0.165
9C_ATSN2dRw,0.161
35byL5PDc7E,0.159
gpjvfSx_IiI,0.156
SCA9H3zoYAg,0.155
w6YAQv_ZJqQ,0.152
DDrZtD0fyyo,0.145
zNIYaNWO7cY,0.142
RLITT65qbDk,0.138
BJGj54RIse4,0.138
0RjbM30UXDg,0.103
ZXky-EmOaMk,0.096