pkK8k8F-mzY,0.529
N52ox5kFV_U,0.511
aE-8MQxD-vE,0.510
jU9l5peG_rI,0.506
e5cX4NRn2uQ,0.506
llKNwJYHI0o,0.505
8tzAlcQmZXc,0.503
l7IQqlm2PQ0,0.503
BzB2JpouV7o,0.502
j9hQDXaVPIQ,0.501
slwWoaRfnS4,0.500
sd3FSsa7OM0,0.499
LWvnyQhfUUQ,0.498
rOdGoDhnU6Q,0.497
uhmW9rThGZs,0.497
Hdeshh9liXc,0.497
r7kcMaTbQYE,0.495
lt5zvnOg0L4,0.495
DLEAZUTV9e8,0.494
tkjjwPk_O7s,0.494
cUlu_qF92RM,0.493
OLu6EowBPGg,0.490
5-zK4-ewKuE,0.490
R1GnXAXwjfU,0.490
HtBE8dAcpdo,0.490
QMg5wdDET_Q,0.490
-t2ceSwtV60,0.489
DTRbRsBRlzQ,0.489
DCB_8RfYje8,0.489
QAMmXp31t1I,0.487
V7TqKWehDg0,0.487
FG89P-5DjL4,0.486
YA6dYVDP8yI,0.485
_VjF4Yz9ZkA,0.485
SbnI2dROc6U,0.485
nEYql-E7XcY,0.485
U73wQYsr-1k,0.485
5z6phXJ8YGM,0.485
QnJ7SfnRpfM,0.483
8Z6G6G_sxGg,0.483
dX_IkQVscNU,0.483
4oh2pUSEREA,0.483
iScg_m13Zbk,0.483
9NWcsCDuQLc,0.483
DoKZRHn7Yhg,0.482
H37jwXaOi9Y,0.482
B_v3nOciVUk,0.482
f-ojIKQMtQk,0.481
9IiIxfmWvu4,0.481
5GbWxzaeiv0,0.480
uNLXRsORTIU,0.480
JXg5OoJFht0,0.480
e5YEnHVGKyE,0.479
kDikzOz6UPU,0.478
1rsGdJHNvzo,0.478
93GNhp2I8sY,0.478
wFgdgTRunuE,0.477
b3LmHYhwwu4,0.477
yXOGxnj7QnU,0.477
deGDsZ5dK_c,0.476
EipC1VQp8xM,0.476
PS13GYzRmHI,0.476
NVov-p338b4,0.475
4VhEoJtCQnc,0.475
HZRZ1NBzuVQ,0.475
m-SFzAenhjE,0.475
kNc-qz9OUPg,0.475
0VSZ-tUom2E,0.474
8NsTjvbaaGE,0.473
8psU6Y-KP5k,0.473
zuwURk2ZSyQ,0.473
lbnPqTCuxuc,0.473
815Xh1UjRu0,0.472
SFqp6Jw72lM,0.472
lg2Ub18XPs4,0.472
h62zSDPQ_PI,0.472
ir9HLJUQyC4,0.471
j5DfW3Xpu8c,0.471
o7aNkga2qnM,0.470
bTpjR_h2D9s,0.470
XRQMMxC0rEc,0.470
nt6kjcLamMY,0.470
XeV9UncTjMc,0.469
jFgGPN4eqic,0.469
R87BW5cgAto,0.469
xcYoWuIdTdU,0.468
DEmoF9Hpu_k,0.468
e-B7U3Z0c50,0.467
8qRARQlMA1Q,0.467
flN-jczgJ3k,0.466
tCqTU6d4qls,0.466
n6kINZf6qUk,0.466
QGu9DPMwTe8,0.465
BFZjdT9NdRE,0.465
bkvCy6Ehwfc,0.465
swaJXqDa8fE,0.465
4kikWNXVj3M,0.464
ZnRZpFK4MKg,0.464
PUT1rHAN6zg,0.464
xWgJznnQCzI,0.464
UBzxn1mZohI,0.464
Of8AwxfioNU,0.463
_aMTJPWr4-8,0.462
sZn1AJykmkw,0.462
-fvQRYAB8ng,0.462
mGTcQdo700A,0.462
jZQqwemsHMc,0.462
-uWYDEFDIV8,0.461
xBB_eTs2iQY,0.461
TbwToBjaxOc,0.461
SxsNowS7HH0,0.461
0PJM9_NCJpo,0.461
wBcCdjZ3OBY,0.461
DrQbk71Sk3c,0.461
ky7juhgtPDs,0.460
AQjfVsZ1b2c,0.460
nnjIme117nc,0.460
g_fv3ORrI5g,0.460
McWkLLxRlEc,0.460
NUCyKLF8rRg,0.460
PXp7TMmy8-s,0.460
Cva17CVkn0g,0.459
TcA2U56rXjg,0.459
yeYkOXywME0,0.459
AhAFQe_EmyA,0.459
jnnna4UULd8,0.458
26qGzKN_q2o,0.458
QodpqWqhc7w,0.458
_Hll-NDUGqA,0.458
Etw0EuXLjVw,0.458
x2fSu6KLW3w,0.457
mfYJvvN3RFc,0.457
EUIV6M2zVWo,0.457
iE5bqK9uUxc,0.457
obQ6Vednbwk,0.456
hPhw7gfC4Ks,0.456
llIBaLXhu_s,0.456
XzTrQ6BJAmI,0.456
owUjh2Vo_wc,0.456
7YCyQQ59cac,0.455
UbrB2xQVxTM,0.455
lQC7tYEu_TU,0.455
_YZcqP-OTpE,0.455
R6Mc8O4Nyy0,0.455
RTjS6zVsnvE,0.455
cBU9KntxkoE,0.455
tVzR5gNClhI,0.454
b-Ro7oe5nC0,0.454
ScJ6PnFF9h0,0.454
LDE7P1mZaIA,0.453
t8lDS4IEC9c,0.453
NjWFxPmoLJY,0.452
m6lpjQ0C-Z0,0.452
u8z22IlHQSI,0.452
EiPIL335NV4,0.452
Hr3yaLcp9LE,0.452
ao6E4VnRnL8,0.452
9g28J7VWmQk,0.452
wGjSW60k4aE,0.451
tE1Qw61k5HM,0.451
DBZ1esn42gU,0.451
ka_QcwIuneY,0.451
1RYqVvzabFE,0.451
XPKbpjLQLmc,0.451
Cj7qc7YO0Gg,0.450
kjxsmhFMrsg,0.450
9r92qM8YT4c,0.450
Ccp6N5DeUcU,0.450
oSEwxiNdGDM,0.450
FfbHN_fdpfU,0.449
4EQPJNkbh_s,0.449
MuPh3PX6QxU,0.449
03iWvIyQabU,0.449
q7wlReaEwOQ,0.449
0hWLEZZL9Hk,0.449
rKnMqEW0E5U,0.449
6EwnZQBv6Zc,0.448
bwSSB5gEV-I,0.448
TFnIDu5vVJ8,0.448
Cl6ZJ1up_Fg,0.448
DhQ6NUJT1uA,0.447
-PbKKo9Xxl4,0.447
6z5dvCXJtiw,0.447
8jQZ20UrKKs,0.447
zEw1zksaLCE,0.447
0lsNGzv6n7E,0.446
8fSI8dNcV0E,0.446
zW-B8k60Zpo,0.445
PEEqRDR4qXY,0.445
Zd-02Qhpclk,0.445
s7IimHep_g8,0.444
RVHqFmMGYd0,0.443
hBaL67tlSHw,0.443
s5k573ncu1E,0.443
UFPJGKrMoko,0.443
XjgCF_mkWE0,0.443
4Ebt6172Fsc,0.443
IO9QV5SSW3c,0.442
LxDJzBrtZoY,0.442
A-mBQl288VE,0.442
LHRxEQ3cGtU,0.442
o1RVJWm2aes,0.442
akijUvHmvwc,0.441
d1GlOxG_P4o,0.441
iy2c9An0gXU,0.441
--UJ4uWIzDQ,0.441
lm6fFBD2c_0,0.441
fQJb2LOas9g,0.440
8XQOJSiHZOQ,0.440
AowskMnbZZ0,0.440
5wpo3UKeq_8,0.440
i1hd7Gvu_AM,0.440
AWtm3HYaQfY,0.440
nQroL5kCoFk,0.439
YqJj6OCjxfQ,0.439
HFoMth_WQrs,0.439
5fvZLT0ZnxY,0.439
yECCN3gvs4M,0.439
8-JW34f2MaA,0.438
G7fhVjeBhr4,0.438
8tFJYb4MVD0,0.438
YffPSnARD14,0.437
FP5nkYikZQc,0.437
Xr6OMyARrAQ,0.437
zLK5KEZC8_g,0.437
IdyL56L50KI,0.437
Pm7OCGYy5yU,0.437
MqFfZx5eFz4,0.437
-3CxAdIjsXo,0.437
OkXaxDwvMtA,0.436
qGyLpKCyB4s,0.436
r66_Xx1Ne24,0.436
EeyWU5l4aCc,0.436
lYcNiIsN8aw,0.436
QW7K8unkL-E,0.436
j5bDECECiNg,0.436
BzQvNYv2wWQ,0.435
VRbabMfIQwY,0.435
kaDBQyD0NBU,0.435
7KUi4rD3ZO0,0.435
PVh5ki8z3rc,0.435
vQD-qx7D6_I,0.434
rNMq2XszBak,0.434
bJy6ITLPQI4,0.433
rr9wrX42bUQ,0.433
pc1kmJNHZGI,0.433
3V6YR0D86n8,0.433
ud_Dj4WpZFI,0.433
Hr2MRpqKsbQ,0.433
QzkruPyqOY8,0.433
jIXR-d4kXRw,0.433
PeZMvnS7NWk,0.432
6ivuCRp2JK8,0.432
7enCaI8JG8o,0.432
rsTZQin72yA,0.432
SVs8HH5xzJo,0.432
0my6C8WLC1c,0.432
jAnGHLUnKIE,0.432
l0-Y-ZTVoE4,0.431
8ZxDPEnJur0,0.431
oz-jemgzrbc,0.431
O4RpbKRyMZM,0.431
plP8aTBmU78,0.431
FupRALTwkXI,0.431
Tc8fI4suQBE,0.431
1aSQegAPjlc,0.431
6uDw9dn1CxA,0.430
3b8TES762ls,0.430
OUfo5RjXoWA,0.430
9bER3Dtt1Xc,0.430
epHWlxu4thU,0.430
nenP2fl8XKc,0.430
WmxAghe4Xtc,0.430
0zfHZnTip4E,0.430
pemAxuQSBOw,0.430
ZgNVQK5DOxw,0.429
HdtB3Go19jA,0.429
VU0ZRadPm7Q,0.429
k5kleOpVncc,0.428
-Ljp91CYAGk,0.428
6NmoBSgFqrk,0.428
EaaWirg-Teo,0.428
dotWUdGsgI4,0.428
JAZhtiCi_FY,0.427
wM8Ii22RqCk,0.427
WjoBzGqjoOI,0.427
LHF45nkvcGo,0.426
fl52yeEcwMw,0.426
5sxHr2cWR-o,0.425
icDVAtYfMIw,0.425
AR1hW8HR_J4,0.425
Ng1QS7BKMFI,0.425
3uzw7PFAvrk,0.425
Hto-D5xYYTw,0.424
SpRzCz3MV7Y,0.424
F3ougXLUc3Q,0.423
M5CFPxs5Hso,0.423
PPFVjnAyhf0,0.423
pBrAoWSzAWM,0.423
qx1ciJVlGEM,0.422
sdY0aiMqyk0,0.422
G4YWy8ex3AA,0.422
PnjTxyHYcl4,0.422
ep8gq2CBhs4,0.422
im_asG3Yb8U,0.421
KGjjTYSOxGs,0.421
DMKk-Tu6mUo,0.421
2cBPVqagchc,0.421
PELIgF1h3uc,0.420
aEpkvEw5QKk,0.420
jPWrFMFksWU,0.420
57Q4-NCPB2k,0.419
SmvWHOlW-vk,0.419
8GgymyALSFA,0.419
KuEg9V3KDsI,0.419
YjaEehjEGRc,0.418
os7EtAdRvTI,0.418
yN2xaT6qJ4A,0.418
xt7fCuOd-dQ,0.418
Uh2AkWArLP0,0.418
8lP6r46H3Eg,0.418
n9U9Z7e1pq4,0.417
-SnJvNb6oNo,0.417
j9pCttqSfRY,0.416
gAdQFfWVgU4,0.416
j-nre0y7PrM,0.416
Db7w9GV1GlQ,0.416
FXUnXPEqhTQ,0.416
vGHa4CAyYXU,0.415
aY-avfETpog,0.415
9i4wOzxpSsg,0.415
oj-yzqsK3as,0.415
bLOQnJRCHTc,0.415
7esdPrnZPb8,0.414
qsHsyU41J2M,0.414
0FaTvkNW-GU,0.414
j3fxTviV44Q,0.414
JHJnhLhx8Ds,0.414
plyeo5Mykys,0.413
unVIBx64XrY,0.413
zUTzzhTcb8I,0.413
rRUtNniY9us,0.413
2If4Do1b4Rg,0.412
57xVmaFv5BI,0.412
3hKJlmTFCkE,0.412
R6zBPu48lWo,0.412
hRLjzR-6EP0,0.412
d2E5k1M2dGQ,0.412
SjMOTOltVEw,0.411
Cuuf6aZ3fkc,0.411
A70ILNoL0oc,0.411
N2e8eDtDR_A,0.411
Gl1bil6R-h0,0.411
ld-J4tNHYJk,0.411
C0Zo2DmzIjY,0.411
v23a9hXhEgk,0.410
mYYIXyCqR-4,0.409
5vZcwlvKhik,0.409
Lgh011Jh34g,0.409
EyGFeYNpL78,0.409
pwbnDERUED8,0.408
fnom8VO-oOc,0.408
aDB3ftd1vKg,0.408
einKbmLavew,0.408
sBHryup8YK8,0.408
umX00Inx1aQ,0.407
g9KbhalV8fs,0.407
_SQ6_b3a7TM,0.407
d7SAY72CdW8,0.406
ZeS9Z2V7hkg,0.406
9XhtGR6IXe4,0.406
5CLeAWja5gY,0.405
FZCy0Cyt8aw,0.405
DxELG4Vw5OY,0.405
bEUP7tDs9RI,0.404
IB8RexI1a1k,0.404
p78psZcUeFc,0.404
hH-f1eMZb-U,0.404
bBm3fM_4t-U,0.403
-xF5GFwSwrY,0.403
-Nw1hQ6FnUE,0.403
dE4A4MBlUEk,0.403
vJgF5ZDMhJM,0.403
AIhfn2tGE_0,0.403
yXsC010APtM,0.402
fXMH2VUE7Ns,0.401
vP9iIA1eV3I,0.401
srWY9ipL0KQ,0.401
U0-KmDO8_88,0.401
5rrkgMsbbws,0.400
_So7aR1yXJY,0.400
I7oyDoUS-HQ,0.400
dHQDSaNP9cU,0.400
-WTERs2eTNI,0.399
IQuOeDeu2no,0.399
xI636wydUvU,0.399
dLDV4ewpAyo,0.399
ZBNwuYiaLic,0.399
RZJN8InJw2Q,0.399
oNZyAae-V74,0.399
exNE5CJSuA8,0.399
l2T8oTDyZjE,0.399
UaJ3Iwygfos,0.398
m6eqdORtJiI,0.398
4z5nfiXnAB0,0.398
136a_O72W_Y,0.397
xfM2jhKP194,0.397
Cn9oU2lF8TY,0.397
eEOBl6d194s,0.397
qjVrFs3pw5M,0.397
ZORtySCaWxg,0.397
E85zrw4MWto,0.396
cvoOcaRE4d8,0.396
0xXnhVxytLg,0.396
muQsLUx4Syo,0.396
P551yIZpidg,0.396
UujIiXnhMOU,0.395
gSp0_Z4dTXI,0.394
LD1nvW6nvTg,0.394
gRmZq1i_rNk,0.394
u8rdIwYLodA,0.393
lEHgvbTl998,0.393
L_28fVGmtKw,0.392
3jVlEzBoSN0,0.392
cqTxVULieIM,0.392
W_YjwKZLD4k,0.391
A4eatO2ksPM,0.390
ugPxqw56cys,0.390
-4SPm_LwOII,0.390
AsUhreQ-y00,0.389
eInZGyGJzgQ,0.389
YoTWsk3u8K4,0.389
Uthz6Z4W8d8,0.389
mKHIS_CeLow,0.389
YqbOWYqxsmA,0.389
SrzD9rgaZEY,0.389
DZkvQSkXEuQ,0.388
RelbQ6H2MKY,0.388
3C4SYBGGhlE,0.388
7yFNRRgMaqs,0.388
oiHkynqxmQM,0.388
a1v2ePCEvnA,0.388
iazsO1r4le4,0.387
JEWbX2gtjwg,0.387
NVnSvo54tHk,0.387
nx17hS5zsTc,0.387
EphnGj_kDbA,0.386
anudiBz0DnE,0.386
kq8En3MpsGg,0.385
L_B4l6Qhc3I,0.385
b7Tj0_oP3gc,0.385
eMDieH3zZlI,0.384
6vKr0WzwCOY,0.384
RaKiBYsi7Og,0.384
YLYu6Ww_Klo,0.384
8LzPnupVLJM,0.383
Cgyyy7g6P1c,0.383
BwHoF8wbLKQ,0.382
JdFRzOFQ4QA,0.381
ueM61Ym6SIc,0.381
RhdOLcISbr0,0.381
GPjH-3Wta6s,0.381
HaUm6ID7ABo,0.379
L66FdO2E4c0,0.379
CZ-Awy_D_g4,0.379
KUAmcooonak,0.379
KLceh4F6aOA,0.378
uMi3IspJ5cw,0.378
btouTrvIORM,0.378
B_WRmoNrNec,0.378
p0TNK0PcxHA,0.378
MXgX0T5BbfU,0.377
tEVCAm_WeGA,0.377
8Kfe1qyn_is,0.377
P_9-9I1JjD8,0.376
txcuQJEjHbs,0.376
U285mMcOFBk,0.376
RlkFjwBHU90,0.376
ggZIe_IsfkU,0.376
ciWuo7wv8pQ,0.375
-ntFW4RJtEs,0.374
1QqECBZOrCM,0.374
ephAbt_qCjQ,0.373
catcu8uqo0E,0.373
MVyIOuWMgTw,0.373
t_UmU8ESpDg,0.373
AoxS6AJ5iNk,0.373
THhxAqFs1N4,0.372
M6XgRC8R6jk,0.371
0RX9JgfwlQU,0.371
xvBhNw5oFA4,0.370
DQH3ZFQrvgI,0.370
ey7zDU2FUwE,0.370
GV28MFaw4Mg,0.370
AdR7hqDOqZI,0.369
bq6dFgrEiqw,0.369
wJadrFKoOkE,0.368
yMKKtJJcUYw,0.367
dx0ax6auHE8,0.367
k4ZP8Kxp7Qc,0.367
SwL9HGkx7NE,0.366
YhzsIKESnMg,0.365
6-zre5UmFyg,0.365
Ulg4IEj82Vg,0.365
YWbSkMEH96U,0.364
h1CB1n6pCvk,0.363
5H0lcmycXoo,0.362
_TWY-BzZQ30,0.362
WEwGJORzl8Q,0.361
DthmiaeD7hs,0.361
2jBvBhu-BRw,0.360
NKjVh2db0r0,0.360
VfkVxqthjys,0.360
8nN7yHQsfb4,0.359
WtOlEBWq9DE,0.359
ZFit6J7BKDI,0.359
2CY7fexjSp0,0.358
zjhoVftPFy0,0.358
Y7NhX7qnMVE,0.357
uOoKqOfDuTY,0.356
iGG55BZzc9A,0.355
L3K7ifCr-3Y,0.354
xgj5CI4QNDo,0.353
uGwWctWzI14,0.353
_ZsFm7ngggs,0.352
1yEW5zUiheY,0.352
gcVg1JGeyOE,0.351
s7COFaPRb2Q,0.351
XGT_V5hOXs0,0.350
sOJWsZAR68E,0.350
yKuHst98cSs,0.349
7KcG8TQpohw,0.348
4Im_iyNCECI,0.347
VaI_zKSOa18,0.346
klldoy3XBXo,0.345
izKN1jr5o8o,0.345
Wu14NU9Togs,0.345
LxM1jhOoqEk,0.344
WfwC5wJRaKs,0.344
FMa3nky4T-Y,0.343
P--UYfkibdw,0.343
035QTkQEc-o,0.342
6KxliOb4VTQ,0.342
vxwm4Lte7jE,0.342
CLUiZkBxXZs,0.342
_bLmTGqj3UA,0.341
HiUFSfMjwJI,0.341
jDqZ0rndP-s,0.339
SI38rRV6nr4,0.338
VYTKMwHEPkw,0.338
9iraPp5iDjc,0.338
1mAlkSiIkQw,0.337
qNoxzBVeBAU,0.337
4FWhD9NkFKw,0.336
DmUhDm04jm0,0.336
ASqho71Sg94,0.333
AO40F4lMmV0,0.333
DOq3NfMc4U8,0.333
4nNiWGhvpfE,0.333
QCT_65hoXiY,0.332
iqZvbV2F9A0,0.332
eAeFPGPmLYg,0.332
FvYR5s6Ue-8,0.332
_kuG5E0Hz08,0.331
1b85wd8lpKs,0.330
DzLdp2VekSA,0.330
Mb8ok1QNsxQ,0.329
yEPfXz_nWJc,0.329
V9RqWYLQczQ,0.329
pJNks9z4YPk,0.326
XDC0mSkNFCY,0.325
yt8hw2NkXY8,0.325
bnJBQysbZqs,0.325
iHwXFlDVDfM,0.324
T4BlIoktZ5I,0.323
8HW5ic6wB-Q,0.322
VCMGu7rUkyI,0.322
7zWzSaymQn4,0.321
jp8n6JNDJus,0.321
9Fkm8n7wnKs,0.320
Hjs33FVdR_M,0.319
3xShpQ9Kt44,0.319
xjDLXx3_dh0,0.318
-Av_QnsRchM,0.317
_a5ZgNsvGoI,0.317
XvaP7EQTeH4,0.317
MineUEHf_GY,0.317
gf6oOWH3XEg,0.316
QpnL4cVgWD8,0.315
M2ZvlYZ9GOE,0.315
CPRxogsI50k,0.314
iu3vgfoDLnw,0.314
jphqxfQYofA,0.314
EykYlJvjGoI,0.314
scv6YLSv3TY,0.313
KyycL3qRCeY,0.312
tzQzpC4rBmU,0.312
HoYJZIJRDq8,0.311
z_9IPZLtJ1Q,0.310
tLX89CpoPq0,0.310
98y7iway9Pc,0.309
nSBXFC67pow,0.309
dvcd66ydNJA,0.309
XqBQX_tv2zo,0.307
h7XtMQEUq6g,0.307
lfW47l_o8lw,0.306
De6Edh8Akv0,0.306
k7fuumxNblI,0.305
n7q95fGUijI,0.303
8K2xTb9vKq4,0.303
e9XnEOXvGLs,0.302
efe8-DeLGjY,0.302
KvtT2EA3HPk,0.302
x6NZI6b7Mk0,0.302
3wI240vXz_0,0.301
3DZ3o8Dzn8M,0.301
0Oe3Tu-xKNU,0.301
DBttVXSISww,0.300
ASCPlQ1aWRk,0.299
1dEQhacZgD8,0.298
6OaFNZLkHE4,0.298
maq2y5mw3Os,0.298
rLsj9gDDizs,0.298
x-uJeON0hmc,0.297
h_8QghJI3fw,0.297
jKhttESAaFc,0.297
VhALUiw9djY,0.296
5UaoE1qQ36I,0.296
KUGjgUA-BWU,0.296
n8rT2m8pSPU,0.295
bulE1yN944A,0.293
QhvbNDyAwhI,0.293
_K8kZ0VG8lY,0.293
EIqcmOFKLC8,0.293
a3y1r6L9E7Y,0.292
32WwBvKLCKQ,0.291
XAclYACvpRo,0.289
BCYvnPvnB54,0.289
DhV1BRxBXDg,0.288
EnepJL3TWPg,0.288
v9cwTnThKyk,0.287
Id15yM2L7_s,0.287
MX16iyWdF9s,0.287
pVWR8DwKekw,0.286
xzjce6ZSbJA,0.286
zmUzuYQxjYU,0.285
wq3NiY7F2iA,0.284
-Y6xCZiM46k,0.284
PKD6GW1clZU,0.283
5afGgIvsrv4,0.283
9zr5GVmk9to,0.283
LVwCtq4aoHA,0.282
fZdOXOLPT6Q,0.282
2gg31WIZz7w,0.282
41EcM9hXsUA,0.280
3rWBLRchZB8,0.279
t3DxU0oyW0Q,0.279
U2S40tHJ2BE,0.279
NNZqej5CDMQ,0.278
j5Z9EiOTLnQ,0.278
VSi7owADPWw,0.278
fEF98PAcCm0,0.276
96XTdhdVDJQ,0.275
wVNdtW33hiU,0.275
EZQxEXwzfLM,0.274
pB4y2XyFIjg,0.274
azNa98dk98Y,0.273
4M-YF4shLHQ,0.273
vE7lIJkS1t8,0.272
QFeeQ8wRJ_s,0.270
gIKurtofH38,0.270
VlqM2QN0yb8,0.270
wgaZW7yrUTU,0.268
O17t5osyWwQ,0.268
kdRryHLKSB4,0.267
iKNeChzYFTY,0.267
HjeTn5AlR-s,0.267
yBloi5zs16Q,0.267
v6YzKldxJUs,0.266
gfLg9UY5wHo,0.266
zc2QSbm9Ojc,0.266
MkvkvSj6p84,0.266
jmWdJZPc3rw,0.265
sMv0kM6jMNU,0.265
vB6Cc2Vjbnw,0.264
1UQofc29ga4,0.264
QDk-xa1oBXw,0.262
moOQqQm4Rrc,0.262
6vi6Qb4RDaA,0.261
o5q3dQLJpvg,0.261
IwuUgveqvGw,0.261
Ve9G2kA_SZs,0.260
eDg8bmj2fdI,0.259
GexnUyuc4ps,0.259
6YcN_6LabqE,0.258
EtcNXYG4HmI,0.257
5n8uRV9Gyu0,0.257
r8kKiKhO9Js,0.256
Qs67dX6-pS8,0.254
YgS55oEBvbU,0.253
JXA4LANb9Kc,0.253
HpMGW5g9NnU,0.253
uiu5bOA6Z3k,0.253
sXio2XfiDOA,0.251
e3_F8YvmrB0,0.250
BW9KuRC33_A,0.250
ifmvEhQFZno,0.250
rKnPhEKZteY,0.249
9_n390usd3A,0.249
dZ0NhSf7oX0,0.248
KvSpSjm-Dw4,0.248
SFuhwJZrhH8,0.247
Z1fKEWiqmFk,0.246
o6rBYqM_5F4,0.246
7S-6rYRp4lQ,0.246
grPMsZSEX40,0.246
JW1aE54sj_4,0.244
YSiT-vQzK_k,0.244
Nf82GzM83Kc,0.244
aGMKAhCRQ8Y,0.244
vPg1NDE6CBA,0.243
Hkx_oAhs6Fw,0.243
d_bxAA36NtY,0.243
OB-IMAYo6CA,0.242
hwooQNuH98U,0.242
gI1aThEzU04,0.242
qpwRAFmkwMI,0.242
IXtAodDyai8,0.242
ntqlLgC-PS4,0.242
fFftR1RhoIs,0.241
7UhMzmDMqYE,0.240
qbypbIZhLOY,0.240
lq9ppsWkMDk,0.240
cZ4m3_pgKPI,0.239
hVIEuJDx3kM,0.239
AE54kUIwnlU,0.239
wGojY6vtEsg,0.239
yqyyhYvnMrY,0.238
y3M7D_iF27w,0.238
n9dGDaBH6to,0.238
5bPj5I-8CmU,0.237
0LixJ7103s8,0.237
qV6JeZdxo5Y,0.236
qF3538pWrUk,0.235
nZ0waodactY,0.235
heSM_oDRA0I,0.233
-EKW-yv97Sc,0.232
zR7z23q8tMs,0.232
49GOoMTlYi4,0.232
iEKUmJbb2UI,0.232
1zNiTakhuhY,0.231
5vbIP0riIzw,0.231
DbKNpYaNXm8,0.231
Rk0uHJ5Ef0E,0.231
MgfVUWFM5GQ,0.231
Gwk1B66dvAM,0.231
KeRyB0Yq5Q4,0.230
SaCKQC_FX40,0.230
phoAO5Fmf5w,0.230
Nim9-ApVoBw,0.230
rAutauJ0JSk,0.229
FOCgfarfPLo,0.229
i6cbfgTe38c,0.228
40DLHmr48Rk,0.228
CeUDyFYIb9c,0.228
Trsc81lVmZ0,0.227
4lowKbFk-0k,0.227
nfs32c4tq3M,0.226
u591wrYiCKs,0.226
6O_-pn3QsNA,0.226
VT0u5qy5bLY,0.226
_24xKRknl-E,0.225
lZIWVIgjg2A,0.225
kTaNHpfe5Ig,0.224
G0r4ZG6oNxw,0.224
OxuE0-2gCzs,0.224
L_TaL_bOSic,0.224
SB9D6yHGI7E,0.223
sgXgPm49hoQ,0.223
_CBnYdqGHAY,0.222
NfS-LlGFTNM,0.222
u0bA6AEF0f4,0.220
w7FdrKxY90Y,0.220
7Nf2C6DTwE8,0.220
-AN8DUQFRU8,0.219
iHfAIN4RpYo,0.219
DGd288O_EE0,0.219
E_NwUb_TAhE,0.219
Tm8LwipaK0A,0.219
jy8v0U-0aBY,0.219
nwiYqQkp6Jc,0.218
Bo2uS5N40IQ,0.218
sEBy6BmKKGI,0.218
zOLb8sczsdY,0.217
DhDoPPQChe0,0.217
YhGZsqMFvew,0.217
tZIhmRWc9q8,0.217
y8eGkfrRZd4,0.217
Kk3mU75J9-8,0.217
NQ_wPDxi04E,0.216
7iDitb0l-Xo,0.215
7xnhuOwjylY,0.214
imjv078gA90,0.213
eXJS8vaCnt4,0.212
SIYeWH7cjWg,0.212
qcM_FAfnrYQ,0.212
1EUjEwM9AdA,0.210
Gq5uUIAeUA0,0.210
bB5mTJru2r0,0.210
EK-wLum4p8M,0.208
QlT9M_CLOfc,0.208
D-2ifA4LeXA,0.207
tkI4AZ33Ueo,0.207
Ne0fQrh7i9M,0.206
1lZ-fXf8ajs,0.206
EdGO2N2ZVBM,0.205
xkvslQFCdIw,0.205
nC-JUqdO9aI,0.204
7i4qU6DVsPc,0.202
JWQT8QVgk_w,0.202
oikkh0aYS-E,0.202
NIPA0h8NsIQ,0.201
5YSQd6UIv3E,0.201
twQobPlgeGE,0.199
gEzPCIDZNsQ,0.199
1fpsCKU8D0Y,0.199
jPWSRzAhqKg,0.198
9F7XT7-SfEE,0.198
gmcQpyfS3oM,0.198
I24Nl7OMRK4,0.196
cJ1LHL60cZs,0.195
HCWSqOYYaws,0.194
9MnjhZOAA6M,0.194
8gZ4jJEh1ak,0.193
BTCGBrOdinY,0.192
1KKcQJUo1_E,0.192
UeTVTLjl4a0,0.192
emK1ErkRReo,0.191
ef_ChFXea_I,0.190
lWFJRnww7Kk,0.189
shwJ60GoybY,0.189
wYHK67OPmVE,0.188
xTC9mCczAhY,0.187
SoRPr3tHdEI,0.186
s82ethM2yho,0.186
ejrUSrM96R4,0.185
E8ckvY1rI9Q,0.183
uAZ-cfYflDQ,0.183
K2XLnrbQ_FI,0.183
eww_R8D0MLs,0.182
F0pDWBrS4vg,0.182
w0Fh9zOt26g,0.182
-ORzMxIFE0g,0.180
3JRHAXC6LXU,0.179
H5sdi8RWkXU,0.178
PetW9nxxo0A,0.178
JMTuDfn55h8,0.175
OZChJIpiz6I,0.175
GrFGFdCQ6c8,0.170
SED7DIDMaco,0.168
16MCXQJcXzo,0.167
2RieUbQo9FQ,0.166
IC5MWp0Bb_Q,0.166
wyf9H17VUnk,0.164
xPCX_ohzOpo,0.161
5ws-VP79uTY,0.160
jSIy4uHdwyI,0.154
rhGoWt17acI,0.153
peCOTCfPSr0,0.151
ptWKVCgo_8A,0.150
aaXdEwKZQCc,0.145
3UH3scgFAhQ,0.144
-xOMOD_fYns,0.138
PxYeCSqh0CA,0.137
OBxYyX1SMR4,0.131
pf0d8LhCHDs,0.105