qYil-sVXH2s,0.490
Trnl85I3qdU,0.487
L53FQrXOgVE,0.484
U_vnAN-Q4-I,0.476
d6qzo3LYTR4,0.472
ra44s-wtsHY,0.471
TiONkwU-0mM,0.470
GG4hUOp-JWA,0.468
W2SWcY4ZOO4,0.467
C7AOwh3nl38,0.467
-ZppBIHzXzU,0.465
7gTRuCgDSPc,0.464
gKH_l8mqqrw,0.463
sBRWcQeG5BE,0.463
apQuAm_wBTo,0.461
Pos82YzsYKQ,0.461
muMMkEJ_sQ8,0.460
t0nv93Sazuw,0.460
q_qCods-DdY,0.459
6GKb0H9hvFg,0.458
EwJI06iyI4I,0.456
7Op4XInHUVc,0.455
tRMjRXH5MZ8,0.452
Gq8jL_ZDjNM,0.451
7vN7uNB1jCA,0.450
yZr_tvra--0,0.450
9grsKQDAnCI,0.449
6VpqM7m0fpo,0.449
CSM4fD1kTO4,0.449
RYyYR1p-5vU,0.449
tjNzLh3_3qA,0.448
2nlBrtgjpCs,0.448
6t-_-o2jJwU,0.448
ey7crpai5ng,0.446
egsAigXkyL0,0.446
uII0G89fONs,0.445
9cueVxBwqwc,0.445
bIVpJ3W9ur4,0.444
FbsCNOqfXwk,0.441
o3IinlhRL2Y,0.440
Ybwh3S6rNq8,0.440
ZYkDdB1HzRY,0.439
46QsjgU2VD0,0.439
BH5CfA3NClc,0.438
TA2JxHi5G6k,0.438
yLwgU7QRXHo,0.438
mVncXU6X538,0.437
metWFMs2yRo,0.437
Sj2af-_RZfg,0.436
G-foX6cTH-k,0.436
jcwYM6_wNRw,0.436
nprmplSKqgA,0.434
PrKFnBZSfoY,0.434
DeKCCsgX-II,0.434
h6MUlUqbudg,0.433
UpZfhE6IpaA,0.433
ZRZ6mzLBSGw,0.432
mvO6zaIUO18,0.432
6wJvLcsnxKQ,0.432
oubMhlLiS0s,0.431
zPIpBPhUoKc,0.431
sNn_w7fFjXg,0.431
xNUjt_GAknA,0.431
0SBvR_9QEN0,0.430
G8Gn9CJ_0oE,0.430
IivgG4Ja7bA,0.430
2rEqVvW75Q4,0.430
eM256kbJTqA,0.430
IxpRhtPejJs,0.429
Ahjca8elOI0,0.429
34eoVkSTBWo,0.428
vkGdFVVR7qw,0.428
6mU6osNjfXc,0.428
fYdkSUdwyM4,0.427
cu2u-DjrALk,0.427
kWuDaINnnyg,0.426
-G_s5mK-s2o,0.426
Psq-9D5jo70,0.425
APekmhx273g,0.425
-ToKBaX7I3U,0.425
oH5E6w9LbYU,0.425
6xj5UQbYGmY,0.425
AVqI9lGepjs,0.424
8ACpUx7rSY0,0.423
aMO3WtnOBvg,0.422
d6amOra1qZg,0.422
SBU5giKvlOc,0.422
r2OTotcwfi0,0.421
-9Gz48un0pk,0.420
UZDCqFkN-Ow,0.420
e_spDfHJ2Mc,0.419
B1MAhoPlIG8,0.418
oGu0SLWoayY,0.418
5SZA03DVITA,0.417
HxckQad62Qw,0.417
-j6fSmwHB6c,0.417
Xrhrr0lpSUI,0.415
gMt-9mKQSjs,0.415
7LEb_PFedDk,0.415
GOloI4XAjuA,0.415
EJpgT2VCB_w,0.415
Jqz0RCbXI3E,0.413
OB8q5cblshk,0.413
qdW3o0P2byw,0.412
i_mWnd24NFs,0.411
TPBVJ06204w,0.410
DbhvqGzwSAA,0.410
cEV70jN6EHY,0.410
XyFlTM3ddLQ,0.408
EH3u8m_kCu0,0.408
2wA2DbKw8pE,0.407
LFSBh1D9qsA,0.407
0660ESUV810,0.407
Td6m_ukCu0A,0.406
no0yYU2LmbY,0.406
NhJxDN6mz90,0.405
sQknl4LZq3w,0.405
PWcACkNqXek,0.405
6r5DekigexE,0.404
OxZH-q9JMZE,0.402
8b91B7hV9AE,0.402
ANBg51pwToM,0.401
e1tqN65yRaQ,0.400
ufmyvsWD8BU,0.400
_tV58G6bjBU,0.400
NBW0Sa7bIsI,0.400
Gx1HzC52Eu4,0.399
hHLt2TxciNw,0.399
0FFzIo9hDlg,0.399
RgTG8rrWIu0,0.398
SAImQiv1rfY,0.397
hIogfDpXfig,0.397
norf5YzIjqM,0.396
2z4tc66phAE,0.396
IHsJkdz9k4c,0.396
bYZ2cYzkWGM,0.395
zZZDlJPGG6c,0.395
bKCuAttSa54,0.395
Z6_JMLUm6-I,0.394
wRtm7sLguhE,0.394
MhClq5SrXGo,0.392
xJfo4xMQgFc,0.392
a47Lib2PXK0,0.392
iVNXEC7hZ44,0.392
3dI2cjUShNg,0.392
J4SmqMgs9V8,0.390
BOG4epNo5nw,0.389
x3qmxTZqohE,0.389
Lh-am3qUN1c,0.388
IUG9bOAKHTk,0.387
mmnLJZiucy0,0.387
F1B56OK__R8,0.386
ulAcVc0UQM0,0.386
QDAh76z1lTw,0.386
8176thuyn6k,0.384
96EVoEWmR-M,0.384
yOj7JYp6BiY,0.383
eSJtG947ZPk,0.383
0Uzv2Vrulqc,0.383
LRvFrhZjjPA,0.382
H9PqgAnewNg,0.382
2F_ai22FNzI,0.382
H_D5nzFfhjY,0.381
87WMxbP-o8I,0.381
NC44aiupSqQ,0.380
btapIhwxTL0,0.380
ME3g1OH8Wn0,0.377
GE0_EyrbriU,0.377
sykjB7fS1Po,0.375
GiXvEIzdfHk,0.374
S8dTylBHBCs,0.374
aViMeEvzTnQ,0.374
KBrjkqPpVvo,0.374
KXgODQ32WZM,0.373
Fz5ShOem3Ow,0.372
vUVJ9JXlZek,0.371
d9MRoPztmp8,0.370
ca0va3x2GlI,0.368
5Pskcr9beo4,0.367
NNvyGKJ9FWQ,0.366
lUIaj59mTNI,0.366
4WcNY2cchvY,0.365
3Kj-QY74b5s,0.362
7WCUZsVxhWw,0.362
PTNWg91Z8oo,0.361
KH4NrUxcsYs,0.361
l1TN9z2kicI,0.361
JlrTVRGLX90,0.361
TNZr_CFk5xY,0.361
BL-Xa8-xK44,0.360
cqmPvIydUYc,0.360
eN8S_5jiVa8,0.360
rdTtShmJ2LY,0.359
jFw6b84C7vA,0.357
WHGQttAVSR0,0.357
KgPTrgF6tPI,0.357
V4wVyyfbWog,0.356
GKuL294RVpA,0.355
9k4dbhujOxo,0.355
y4rXNS-vcAA,0.354
-8NEKEu4jek,0.354
ZQSiZmah7fw,0.353
GZKt1f74MUI,0.353
pruRMzkYz6E,0.352
lPtqDAJDu_g,0.351
8pvKUy6I4bU,0.351
G5_hCr3nJUY,0.350
JJIKUFsgfew,0.349
SH0r85mtUIk,0.348
k7sxYTl9aSI,0.348
vd11Rv7FlXQ,0.346
Ln2n6fWF4Jk,0.346
v7HbsdHuZ-o,0.345
HbWP670TCho,0.345
4fa-vBbP_7o,0.345
JHea2kVESgg,0.345
sxjWsJQONas,0.344
9lCzrDn6Mz0,0.342
MOcO61oUgBA,0.342
PxvsjuvYFVg,0.342
MhAZJqbSr1s,0.342
DH9WJyT8Jlw,0.341
fmsPC8uTPfc,0.340
ZEl-Y1NvBVI,0.339
Xrgk0NZZiZQ,0.339
YPM2vQtuBBY,0.338
MdXyOCU8wOU,0.336
z7xLIPy4_kA,0.335
TgCpvfOXnhM,0.335
Er8fCS4NnGs,0.334
ky0CDHfpjkU,0.333
NGFUDE83Drg,0.331
jurSZR1Se6A,0.330
7Cg3J07XpDI,0.329
PF08Cw0RJFw,0.329
RZGXb7IqP6s,0.328
lz7ofxAxl6E,0.327
RpOUP5Rh65E,0.326
oP3frycDuPU,0.325
Yo5o1rEoDic,0.323
ujDLS5RHiF4,0.323
miGCB8xe6ak,0.323
NpEPVLOX4Gc,0.322
orUzMq7MU4Q,0.318
uNDQC2gqAmg,0.315
UcFVS-Aco20,0.311
ysRhWy4lyrw,0.310
fMI0W3TomcM,0.308
wpD_3UJXzSI,0.307
kKWB7EYSPXo,0.307
yYenTisnkwY,0.307
SBcmqnN-kuM,0.304
hkpfegLfZ6Q,0.304
FVGSn5BmyTI,0.303
jHcUqR1Q1qw,0.302
WrVr6KbTNac,0.302
AINiPm8-ep8,0.300
XioBr9lrGtY,0.300
_RSBGb70dwI,0.299
ha3cfXlCkho,0.297
hU_AYZS6OsU,0.297
E3bAKcG_JFA,0.290
XTO7g89i25Q,0.289
qVroeDTh7yc,0.288
GdOLii7T7fA,0.287
93XV5rRsI28,0.282
KgFbbVi8ADw,0.281
krViaFG3Etc,0.280
LKiYG5srl6M,0.279
ZoderQpNq98,0.279
kfKVYD-Ji9I,0.278
0S2GHhSwgVY,0.274
hVmrrooyIUw,0.268
fsV9SAiTNIo,0.267
O8rINDIWU-g,0.262
FgY6O3e3JNU,0.261
egqyuPCxCiI,0.261
WofZLLRQ-Oo,0.260
Xq1tSFduzVo,0.258
M9S1pToPaQA,0.256
QvGEMKAHwRQ,0.256
mIKBsT_koYg,0.254
GsW-DUcFtrE,0.251
Axxr2tautUc,0.246
9SxlPDgICoY,0.246
cFaaIN3RNxI,0.244
OM0deeMwkTA,0.244
1xG2PES8wOU,0.232
5b2w646oIW8,0.204
Q_kdn0lemS4,0.199
6nPq6n1QX2E,0.191
awB7ML_VakM,0.160