hV_nw1GOza0,0.657
JmA1GhUoeMs,0.642
oyo0kgjHY-E,0.641
X8lyOkzeK0w,0.639
nKEymuPR5Es,0.636
Oh8BJD2jrQk,0.632
-mkvrm1G4ts,0.627
Gi9Is-y9mdM,0.623
l-NUqMF1PGg,0.621
yYTUwFZIucE,0.620
H5Z5dK8PoGg,0.614
KgwSNAF0oEA,0.612
jMPX115uwDw,0.611
agsRmI4F2mI,0.609
FTha4zARGN4,0.606
C0fdPGr-pa4,0.605
kHrMGAN9TlY,0.604
AFFDXJ2DR9w,0.604
RNnMuEfmZlc,0.600
stgBZr4jhEI,0.600
mdpckSEibtM,0.600
4RXhBnEvoh4,0.598
Y273kubR23E,0.595
Ad_n5-5ma8I,0.594
4A8Cudduu0g,0.593
VIXcK_9PN8U,0.592
wU0fzpWDyD8,0.592
MoaTuzJ9HZo,0.591
weUdF89SXCo,0.590
mFTNFqj5IUk,0.589
HQpXWreSKIw,0.589
0RD_bnDg3pM,0.584
4gJFWx6-RUU,0.583
NGbN1EcGcfs,0.583
gidQkDaP8Sc,0.583
Ou2p4hdfhS0,0.582
9AfN2c1d2wI,0.581
Ud6agdpKSO0,0.581
ggo-n6rqQ2I,0.579
ViQ9EsjYWsE,0.579
vSgVTkLX-bc,0.578
sp-L4oZVjG8,0.577
RtCmV-AYXEk,0.577
wdasrVE5NOc,0.577
cf6Bkp-1GTE,0.575
FiKSGJMTHD8,0.575
RsXQIBD_ZLs,0.574
xQYcteVuyAE,0.574
ZD8Dm9jnRqA,0.574
2EOkR8YM1Ys,0.573
hniL_2cPrsY,0.572
p3N2TRke9q0,0.571
J4XyqMEs18w,0.571
qBuFHVXAgnk,0.570
hxQEGUry38c,0.570
l419k22X5Yw,0.570
I-WpiDXB9vo,0.569
Bui_n214E1E,0.568
DuK-WW5Hxi0,0.568
HkwtHe7DpGo,0.567
uYf1DauXSIo,0.567
9SNmRRX33RA,0.567
NA5iZYsI52c,0.566
FfBm0gfjrMQ,0.565
x4gKm6A77RM,0.565
jvYxlbIGlxw,0.565
T_mLCGVnytQ,0.562
bEWmZV2gjek,0.562
YDYN3nj4H_o,0.562
DHqxAnZpkQ4,0.561
hUlNPDK2f1Y,0.561
hiiPupnhKWw,0.561
zxhd8iIQZcA,0.561
q4OXIUmyt1o,0.561
F_EI-T1Yd5g,0.560
__YsDzZb8aY,0.559
T7ZQ1CMvkQU,0.559
UxdtR-q59So,0.558
4PZ9W5fXtRY,0.558
l23Xdr6zxdE,0.556
GPFHv5SKbZ4,0.556
IAJS59Gvfks,0.556
EAzCYu859oo,0.556
8-GP8_4GzuA,0.556
Klm1sp7TGac,0.555
MjcOvJ7nstY,0.555
9U_QUZwWUFM,0.555
NEDOSexxiis,0.555
Kg2QQSX5Dco,0.555
t4suZXRsf1g,0.554
-JYRt-7uk-w,0.554
w1bP7Zxhgns,0.553
4clsz_2LW7Q,0.553
vqOKO9f7Bzs,0.552
khX5uKJ5Vew,0.552
_32iTYWAee0,0.552
gtcIRf9S9dE,0.552
N6KofVTT0rQ,0.552
WqR45vDigvU,0.550
AqWOUXY_I3c,0.550
W8S5-ox78C4,0.550
3CnAQzEiuvQ,0.548
1Da5FgQewOQ,0.547
f980eCuqxXc,0.547
IP6OxjFmyzg,0.547
_4z08uGTB7g,0.546
nsuD_7DW7DE,0.546
Vz_IjwtHCzM,0.546
YxJqWxlvOHU,0.546
pMUDFuWvaJs,0.546
iA-_g70RRMI,0.546
dsKvk1uWxvc,0.546
E1YTK8BBL0w,0.545
FdOtOGi4wac,0.545
fM_jkR9TD_Y,0.545
hnuziiMGmM8,0.544
cugjqa-KFVM,0.544
bDctM9znulo,0.544
Hf1nE3-DuZY,0.544
8gilFLGOom0,0.544
n-tQ4tHr4bo,0.543
kz9ypgr068k,0.543
sQtK1iXuc2o,0.542
3eGMK_tsC7E,0.542
7yVRf_nQUMk,0.542
L8noIBcOfH0,0.542
SXcY8O2JZOc,0.541
svTFUdmriGQ,0.541
Az2uaeaVsLc,0.541
tZ77A8xQNjI,0.541
9crXmQQec9o,0.540
aYBBd512mXU,0.540
ZD3PTaJuN2c,0.539
XybpHhJX8u0,0.539
MVXEXDIV7lA,0.539
nPPdxN5Io8I,0.539
n_lJR33PEgA,0.539
FyFgFN0mk5k,0.539
vRGnBEUxq6Q,0.538
nk1zTFj-ouk,0.538
sTO1DVwv79Y,0.538
I3AIeg_g9i4,0.538
W19xz7JEmWM,0.537
_cKYIZMbRNI,0.537
Axs2LPR5nIc,0.537
pPIDVTazsuM,0.537
lsQSkP3_xOk,0.536
yxE1bmVWd_M,0.535
BYRR3S08pQk,0.535
GLPWLqaqVqA,0.535
aZmTT4Z36PI,0.535
oo47NjUHx4Y,0.535
SeQM7eVeo_s,0.535
82XFmswxiYw,0.535
1o0SSYdcShE,0.534
0aayyzJE72s,0.534
I0QVLYqO6P8,0.533
Tjuzi3C8Gzw,0.533
RIDYyR2oNS0,0.533
7ksU6naKzBw,0.533
0KuERsRi9vg,0.533
TMqfGWH3vqk,0.533
FFmHQdCltTA,0.532
2aIjAQ0y210,0.532
o2RNL0W2LXI,0.532
zLe00YwMtxA,0.532
oanLFJUeCh4,0.531
nwEY7nUZTvg,0.531
nQFc-Lqelas,0.530
VJ21YMckQH8,0.530
JdtmSVKWsrY,0.530
yODipF5aB3A,0.529
E7ptukjmzlM,0.529
0fmRTO6LA1I,0.528
M74wTjym2mY,0.528
3tHyumryLuQ,0.528
biRxYyglvQg,0.528
mwzAyx6_z8g,0.528
fRKINmn9JBk,0.528
B79HCIWhVNI,0.528
r8fID4QGNng,0.527
ke242jZJxiA,0.527
535-kde_0jM,0.527
flDutd-pnK8,0.527
2yczg-QAQ_U,0.526
cMu_ckRhEhk,0.526
9f8ytnUovOQ,0.526
Yxhl98PPY_c,0.526
6BPZPWi6lg4,0.525
BxCi2RBeSJw,0.525
-Qomf_lH_ik,0.525
ay7gO4GwyJA,0.525
0jRitcmIgkk,0.524
PXUfpaKrSYA,0.524
_zqX1OGFxc0,0.524
eMuWsIt7Oj0,0.523
3T4oqUspcns,0.523
D7N-9TN7bM0,0.523
RG5KUIuu6RU,0.523
G3DlY3f1iuM,0.523
4bMo10uETYs,0.522
HTWfzzE6np4,0.522
XhJ4sSmtCQw,0.522
k8uGUE8mCpY,0.522
r6szvNfrBcA,0.521
zFgKM2_Hasg,0.521
BmYTCFaTdww,0.521
Xwk4BMmVa-g,0.521
wOzq5iH9m0k,0.520
OcZI-ojW3jk,0.520
RGzaANu6G5c,0.520
5I2OZqO7FKs,0.519
k65uN0-cysk,0.519
RUGJGhwZAY0,0.518
XetBqHi8ZeI,0.517
noKQyy0yxcg,0.517
o7vEceaZ9ss,0.517
IO_890-Fz1Q,0.517
2xm4Hd__nns,0.516
Mw-5pQBbZvA,0.516
DW3lkLChwvw,0.515
5mwjuBrTDHo,0.515
bXdME2vVk88,0.515
ka4T8loTimA,0.514
GxjpLhvSoZg,0.514
CxwnU_ctaFI,0.514
ZrZsnvNp4F4,0.514
k_O0RDXY7FI,0.514
Mx3YY3Xc5WU,0.514
ufE_qft9StM,0.513
8NubdpGbgdI,0.513
d8CX46NK1kE,0.513
CAFRKQxICPE,0.512
bVOxCOWIYnM,0.512
pYsLlkA6Rys,0.512
N_m5Mwb6U5w,0.512
8PlyaCXB3L8,0.511
VDMkmj_Bt7o,0.511
mTqyfjC6LjI,0.511
r3s6WlyeUzw,0.510
NDHTAB8ToRk,0.510
Ry5VtsbNohQ,0.510
g8WQs58jXVk,0.509
gdI4mx_Mw9Q,0.509
XudEBUi4yZc,0.509
u_3MYVAJTHM,0.509
NbB_glJqai8,0.509
B3ptJv081iM,0.508
rTRQvskJVZc,0.508
xen67JmBlMk,0.507
RV9nz1qlY64,0.507
BEYjcs7qOuM,0.507
as0GPhmHNec,0.507
rel32D0ggAQ,0.507
9W5U6CXEYDU,0.507
wJXE2DNTLkg,0.506
jxd5pTKPScQ,0.506
bqyi4TtpeH0,0.506
t50FAOvLd0o,0.506
vRkdYE9JYEg,0.505
DUg6p-ghU1w,0.505
4nGtsshc_h8,0.505
CTPJcE9X0g0,0.504
5z13eW8EinM,0.504
H2po1Nsvors,0.503
GPurmAxB6u4,0.503
HFe43EO6Hm4,0.503
nId0VqfG_oI,0.502
5oDBP-UHy6E,0.502
Cu4noLWY1sk,0.502
3JGXY-abI8c,0.502
hnkiCeiMRqU,0.502
QGMaYaPjLhk,0.501
38FENLda_kU,0.501
Nk8t-Sh6wDs,0.501
6VWrBiMFpuM,0.501
T4x7XeB3Yks,0.501
wnd9KySYPN8,0.500
_gjHFA5bJOM,0.500
1f2IPuNofCo,0.500
0lsDaVK1F4k,0.500
Vm7bJ4tXBA8,0.497
XKCkR6L85vg,0.497
ao8SwspAHfI,0.497
cgsUZG1dCHc,0.496
yAHrSW0ZpS4,0.496
Dq7YO-LgeGM,0.496
pBBw9p7XZ0s,0.496
s7cqPeXIm8Q,0.496
DKkNi7enlUk,0.496
J7S-ag7G-_4,0.496
2wJExelMh94,0.495
2DaKQTfhYW8,0.495
gvOGk3mrLbU,0.495
-a_3mRWSxik,0.494
dM-7Q6xK5gk,0.494
2HANSddH_rE,0.494
s8wDr6pxPTM,0.494
ldZsFwAp4xc,0.493
55JFsWc5b_M,0.493
1py75PtKGqw,0.493
iVdg1kjwAHU,0.491
XBOn0qva0A0,0.491
eW38D8P3CA8,0.490
DYHi7WO2HNg,0.490
CKIH8E_9d8g,0.489
aRKE8osEWKg,0.489
ipwTRB0G7ak,0.489
FazOg_X22VU,0.489
MBvl1qbGMf0,0.488
Aqa2NDA8v9Y,0.488
JiuTqwGrHRw,0.487
A3V0kwMFQGE,0.487
tjUkTRZxD90,0.485
qLjCDNoRC-g,0.485
gRLY0o4qCVU,0.485
UZnYmCOoJME,0.485
caZuiUkK3Ms,0.484
DpJmaBsTfSY,0.484
g5Fa6QnTmvQ,0.484
cbrKdGXLYLc,0.483
F4tWWq5yafc,0.483
gJDCTWoXL4Q,0.483
QumW4GBh_o4,0.483
NB9tUuI7ctU,0.482
X8itkeKwNMc,0.482
VofxS4lq8bc,0.482
Yruwsn1DX-o,0.482
C4YqSHznM34,0.481
PHjynVXBzYA,0.480
E-KgCmD9DfM,0.479
G7OUIaesH7Q,0.479
UHEDnQkbrBg,0.479
kQ8pP6Ko3Ok,0.478
NARbGpQuI_0,0.477
YxD11RyWdtk,0.477
K7PHUcbMjvA,0.477
PQomKBLLAb4,0.477
sIx7jlEeKzA,0.476
zhuLbg6hdf4,0.476
8ECge0amO8A,0.476
0FG3fkIQjKY,0.475
MGXGVOvn4UU,0.475
dw7LfLsjfgU,0.474
o7OzeH8XQQo,0.474
K9S2uv8hZCQ,0.473
KdDz0Ahkg-4,0.473
3a2_SfK-u-A,0.472
lz6ppLSZr14,0.471
9G23YB-ka-g,0.471
nbzzjRWpYzA,0.471
VB4BoahiXWo,0.470
TH-h5bilGns,0.470
r-qBBAD2Hsw,0.470
A_VOufqrQ7I,0.469
E1_0UYAlzEU,0.468
kI-xrtCbvRs,0.468
pr7fAsTATgQ,0.468
GXJE7EivJNI,0.467
qIzYSq3Z8mY,0.466
vVoOM1E1ZNM,0.466
nGSN0vD2qj0,0.466
rZVWm49vC1g,0.466
ATtkn1N0ea8,0.466
31J-Cdha0eo,0.466
1w6jxJChOFo,0.465
u9VsGMw23kc,0.465
XVT2_tcruYc,0.465
jYScfasB-f0,0.464
JltUfnro6oc,0.464
or8Z6i2M2zs,0.464
QPtlZ0SwYfI,0.463
5zC2fIFHv0k,0.463
VgEUfIoascY,0.462
pM6fM-tVneo,0.462
ApyRwhYvkYw,0.462
HHwk9jnIAMY,0.461
5PCVzULUxEA,0.461
uUleJIg-E04,0.460
Eyy1sBR2stU,0.459
4_nI3rqthNI,0.459
dG-_Li2jkTI,0.458
1apWQjGAMWE,0.458
wdGV8GgK8-o,0.458
q6LMU8spQ8s,0.457
AOXv1cxAJd0,0.457
9EjtV6K6iNc,0.457
Xul6PWMQxUE,0.457
y04HVNyCAfw,0.456
770SWxdC3m8,0.455
YYh0mhubrnk,0.455
IHdVfEqgtxU,0.454
toM0SHRMuDg,0.454
fobSm-aIhRs,0.454
zBIvXeOcDS8,0.454
vPVKbHLfBsY,0.453
Dga9YZzD6Lw,0.453
cNcPqZ9SQqA,0.452
xtEDbTHF7Mk,0.452
yKHkfkXGP0w,0.452
HDkKUMT7VL0,0.451
_zJNVpfU1FU,0.451
U8YzDK3Dyuk,0.451
qPtp0INILzs,0.451
mq4mxRp1nKM,0.451
ckDfA8vkcuE,0.450
LDwyNkmwSKI,0.449
-Jm6KvTbG7g,0.449
sD7w3eipC_c,0.449
Hi4K_YtaiYQ,0.448
VvWTzOjXHZc,0.448
BplLTOZq8NU,0.447
_WrK5JOm9XQ,0.447
bpH_MRgnzFI,0.447
Xd3BfO8SzSA,0.447
OAD0N3ZL5IQ,0.447
d7xLhVmL-jA,0.447
So9EHdAE_TI,0.446
iI6L-eGpTOw,0.446
KWDHVpC2LM0,0.446
ioBwaf4S9jo,0.446
zzvdx2-m5-g,0.446
PEEFzk2KSTw,0.446
LVP6I6TvCwQ,0.446
xUHKpHek2E8,0.445
s8r00GeDQtc,0.445
9KbuHjWqG5A,0.445
0DY2ZG8UEII,0.445
6EndAZsFr7o,0.444
OA3v36cbFEw,0.444
YLjdFhEPBkQ,0.444
-4qsDr0nlyY,0.443
oZ7STYWbTlA,0.443
3v8uA5THKCg,0.443
_PSUoZk8dg4,0.443
Vy5tGoLz8L0,0.443
5e6Y1-aXEdk,0.442
MwBMkiFrhsI,0.441
MUjcPVlCT5w,0.440
72-GkXaTqI4,0.439
krKovualqnM,0.439
JnC_SQCt1Yc,0.437
TmWPxDHSNWk,0.437
rRMGGuvPzbs,0.435
Nx64cSCZNIE,0.434
DLiyjpnuZzM,0.434
HXVq2aLw1z8,0.434
fW_173gBZhM,0.433
W3j7Bk4aRnQ,0.433
ngQVHhUZm6c,0.431
MjeD0QZNu50,0.431
GEP5XIxNleI,0.430
dI5lCeV-kLk,0.429
XMGnDEjihTQ,0.429
Ioy79kfgL4k,0.428
xuozV1FgRjM,0.428
QOoDs9PbDro,0.426
fr_ZmDgnu5g,0.425
vpT61DltAfY,0.425
ZP884oBbSts,0.425
xp14_GFLVa8,0.424
EWMO-scn5mc,0.424
_R9Tqw74hX0,0.424
e8UDqbZ1TN8,0.423
rdU5u1rHTWM,0.422
0JZvZFiVm74,0.422
ukLArkKu9ws,0.421
Lq7UImDrIbM,0.421
sNDHWao3nr8,0.420
XYoU_5crFg8,0.420
VEnDibDDbrw,0.419
jLrbVCtm95M,0.419
FV9ytMg_fi4,0.419
jU3_JVh1YwA,0.419
yJrZiVl1c0s,0.417
5fz9LJdMXeU,0.416
ohFtJ7ebWEU,0.416
_tuhC9B73zw,0.416
g8qLshzQ05A,0.415
xRI5-EBbQNE,0.414
xdSvsA_HnjY,0.414
eRjyEXpEeH8,0.413
d1pYlDW0l3k,0.412
9-8ekgQZpmw,0.412
Gs5mMMLD4VE,0.411
Y2kNMeq3qmo,0.411
5ynzGTn51Ww,0.411
i5u1uswNLiM,0.411
6Q9zg9gi1T8,0.410
haYw7dUCCHE,0.410
8ki3-ASg9c8,0.409
-x1AJCk-Vb0,0.409
WiIbUrpF59A,0.409
zf7i2iIJwFc,0.409
FwR52uhapEo,0.409
SOD1xRvrPPk,0.408
788TRPtBvqY,0.408
p_iD7oX2XtQ,0.408
NzRlYU52aQU,0.407
rgfeYju62ng,0.406
jYoWrP6wVZI,0.406
hyREHnnHhiA,0.406
cnLAc8qtDug,0.406
kHZLLlmpehQ,0.405
D7EMTqgK5ck,0.405
MFiQt9bHNT4,0.404
opK1Py1Zkt4,0.403
JjyMWiVRVwo,0.403
NC4qf03Ywok,0.402
_fpy0M9UpCg,0.401
GoNWMH1BSVs,0.400
6x-Ria-07NE,0.400
KBHUxOg1h2M,0.400
PjcEhf3JRAw,0.400
ht3ygi-oS4k,0.400
BUk4RZwI6-s,0.400
9nc7SSEocX4,0.398
4siyJs12gEI,0.398
EZvGJ-ZW8Sg,0.398
ZXOpZUu26PI,0.397
JxbIAIWxK8M,0.397
IaJFJvrmhYM,0.396
OV2v5P57cY4,0.395
BeXZyfq9V7A,0.393
C4AF2Tqu7WE,0.393
zPmYb5ZpzhE,0.392
vKwjoD_QIQI,0.391
6nU6EBUn1EU,0.391
neQMBnLvBN0,0.391
0hQZiHnezb4,0.391
f-Jcb8S1Wrw,0.390
qpr-nCFHxFI,0.389
6lvqcFknIog,0.388
IRC6d2fzfgI,0.388
saVWQWOwzm0,0.387
X2bUcFSnrE0,0.386
yH6i7l5KSJc,0.386
u2XSrmEnLBo,0.386
gEvh8m-OPH4,0.385
wg2FVYp7AFc,0.383
jxu9Pfu9_Gg,0.383
cvaKqv-aRnc,0.383
inQUwc6DNLg,0.381
toYymqMcLZ4,0.381
zp7nq4YLekI,0.381
f6g-cK3kIZg,0.380
FqoUGqWh6O8,0.379
4p4hAmw9yW4,0.378
2HVh_b2x7cA,0.377
WMYO0Cg_LR8,0.377
PknsDREmN1c,0.377
YluWam5DY7w,0.376
GFWFGVmoSlU,0.376
qOS-25NEGSA,0.376
sB0U1oGtTnY,0.376
c47vXJSpwbM,0.375
MdsdRFTX-8A,0.374
jj_VGens-sY,0.374
bevYLxoBsdQ,0.373
VJQ138TUiKA,0.373
gNGo1kXySmI,0.370
fFqsJh-t23M,0.370
b3KvfZZIARA,0.370
lJu4iL0NhFc,0.369
fAGmbS2djC8,0.368
ug8kSTDtLW4,0.367
DEsh2uonRlQ,0.367
X0EcDUoSlfk,0.367
Rk6yodyo-HM,0.366
MI5IWtgf1sk,0.365
fpqNBeSZI80,0.364
0m-Sv1v0wLE,0.363
IdcuuNOYAqM,0.361
4vWf7pa-OsU,0.360
A_zBbTdl-1w,0.360
45xZ_FEPqqw,0.357
N9PHZ88YCd4,0.356
v5I3X8hXXX0,0.355
CDbq8AqzvrM,0.354
6AxgLr57YA4,0.354
a6RIeVR3Uvs,0.352
_GqSdGMnKas,0.352
--3YBZzH1Sk,0.351
iAUA3hpuSUg,0.351
qoydhR1swG8,0.351
hdAJuY1Q-qQ,0.350
7mZ5Tv2KM00,0.349
Y5HC2ECF5As,0.347
8jmVv3vQhco,0.347
nIIe4A-cpC4,0.346
kVk2RMJ9i3E,0.341
CD3MCcEmC9k,0.341
_vnhV26pjBA,0.341
fS3W5W3W_30,0.340
2cfilhZpfgI,0.338
o4Q9bkxg2qE,0.338
et3QT9Jsjc8,0.335
u6fQlRI1nCY,0.333
R6jfQI_22ug,0.333
gcdEq2bQ_us,0.329
JrG332O4u_Y,0.328
H5DBCeog0IY,0.325
ckuLSr_caNs,0.325
3Rpi3UxR4c8,0.324
Gc51oeoNCdE,0.320
Ch978ZA7QD8,0.318
Emf76tJiAew,0.316
gQ7S73RMrb4,0.315
Pjo1qpQ7efk,0.315
xrc5aoE5MdE,0.314
grqSP4eYOIE,0.314
bkCqEqBCjzs,0.313
GS7IXm4CRBk,0.311
_LVY5uxwih4,0.307
DnODq4Zmaac,0.307
3vpzzGUKd1E,0.307
CMZZ_IRh4wk,0.306
J6-wyf3VrXs,0.305
m4fEBq3-XnE,0.304
2RpMX5AFVHI,0.303
tacP2apF_AI,0.302
gE1WuqVuaTg,0.302
meNW2qNNsiI,0.302
FPPotBZgpvM,0.301
3B0rE3MwPyI,0.293
cDNu9TkXptY,0.292
MrqmLaNZBgE,0.292
IFd6hBoOtiQ,0.289
0_b5t7kX-uc,0.288
dNXO5UfmPmQ,0.287
5w3XJs_zIe8,0.284
3WB6XVeOcME,0.284
htcHx4ANDEQ,0.283
-IBU2ag0kHU,0.282
GoIebNv-bug,0.282
t6ax5rBHvm8,0.281
njSKsmsk0Yo,0.280
cQXwOqStJ18,0.279
b-o3XQ-atTs,0.279
qA4Z3zdRU_o,0.275
vR4SppYD-2I,0.274
M7v1m63Ybqc,0.272
mPdxqqgSPLY,0.267
PN2gYHJNT3Y,0.265
z1yBkDCpHpU,0.264
iG3uIFDdL70,0.261
pfYXkKzRSfA,0.260
uVuLY3C3Xr0,0.260
1n97_9-nA6o,0.258
UxsYmblDo5Y,0.258
x-u7sog6oM8,0.257
s81LO7y6qHU,0.257
nfUlqjhYfXY,0.256
2oN-7e7UXW8,0.255
qh9gKsKuJpU,0.252
qsd0ZDutJlE,0.252
hi0AiHpCfjM,0.247
SEwg0xqwjZs,0.246
nJehrH8dPt4,0.246
v44t1q5ItdI,0.246
spwDDzt4aNw,0.244
OJVgirOH-2s,0.239
mMrXUSYzRZc,0.238
64gCwex-WEw,0.233
4DThJ2TQxhA,0.232
1PWWn7y02dk,0.232
l7vcuyIJS8M,0.231
omBlqW-kZ74,0.228
UWbi5FNEdfo,0.228
liuTtUJJVFY,0.227
gNorHlI6600,0.222
ETgWdRfRY2U,0.219
msYVSOG62Z8,0.216
qY9CerJY7FU,0.215
HZxgwduvX90,0.215
zXhOOmWZMTs,0.212
kr41EnmHDfE,0.211
UJloKNrpo4k,0.208
UdoopiF7xS0,0.208
owN0AyEtU_M,0.202
vpm0Qxmpj1I,0.202
f173gOpR9OQ,0.196
Brlw5zTv-ng,0.193
yWQ4y-hrqOY,0.191
mhG_qyqvcsg,0.187
G44lihYM-Co,0.187
-7HbBTfLVrg,0.184
2UmdMLh-oMs,0.181
dzus12wC19A,0.180
M452ga3sE5s,0.145
24Qa2Joa7Cs,0.133
IuiDT4bO75k,0.132
Du0GsyEba5c,0.114
X_UkEfjaYgc,0.114