ZbcePV39Gpk,0.467
KppQ9jwEFsE,0.461
RkuHPPq6CGM,0.456
-ocuC-45uJM,0.456
nGIrVesob1I,0.452
4a9Km2GSbZA,0.451
F8z2zXjwGXM,0.451
W1fuZbrLSgo,0.449
DZC5-sOo5ic,0.449
sgiEBhPxQac,0.446
5GPYfqWgJfY,0.445
Ibgj_1HvBzM,0.444
6BSE16XO1es,0.444
18am-cr0yG0,0.444
1Hkt3Q5y84U,0.444
3oEQO4zjtw0,0.443
kXveOikYrKg,0.443
oiCbp1RM7AA,0.442
LMRx6v2S9RY,0.442
zFbBehtHRQQ,0.441
JawXetjPVQM,0.439
7I6DLOUMuI4,0.439
NO6wJnGJzLE,0.438
sEue4x5FASw,0.438
codtvhRYAUw,0.438
ujSZoKjhhQY,0.438
2jzWkVgj_jU,0.436
byWBkZgZmHU,0.434
4c0AZFz6rjU,0.434
_WS56CSsL_M,0.434
1a_rlrLM2bQ,0.433
i_m4-oWi4b0,0.433
JvM8n_3OR5s,0.433
Tgfv3EhXVHk,0.433
hGXyEQu69-k,0.432
m-KRqFBz65M,0.432
Ux-PjuvpRJw,0.432
fotmZxByiJQ,0.431
ZfMlCau3dCg,0.430
vuzgJ2tyjLM,0.430
uC_BL1v6BVY,0.430
bp1gdXJXlpY,0.429
4EP7MrQBRn4,0.429
R1ZCPGIqm4A,0.429
q2sR8WzPaXU,0.429
PLhpt7fdfOA,0.429
YgSmEjWtW7w,0.428
9aKbsQd96wo,0.428
Zc9fmrzaoYQ,0.426
U3QZct2AOuA,0.426
hgDe3E3gDPY,0.426
VHiLRS1tM6w,0.426
8nonoTY2lQI,0.426
6Ay91VzQLpc,0.425
x_OVaX04wZo,0.425
9dUYqeodWv8,0.425
rhAmKdjtT8s,0.424
kE2y6AvZGRg,0.424
37y6oQwe3hk,0.424
Uri1GJA0tsY,0.424
xLbAQkKm4jY,0.424
fo7-bdYe0Xk,0.424
8ZJPupHSAr4,0.423
muepYSsYmfc,0.423
ARL6aobVc3U,0.423
iSTF_6XfVM8,0.423
pw44iKCwers,0.423
fuV2gDJiOCs,0.423
j9VYEvHC2mU,0.423
7qg-n-djHOg,0.422
5L-_1Oy2p48,0.422
Tk3SeoCr_h8,0.422
CQqvq-Cs9uw,0.422
Xl0jyQdOlgs,0.422
g0LiTelG1ro,0.422
3q1JN_3s3gw,0.422
50vBF9JDxmo,0.422
ccwmiNuT_PQ,0.422
eN9G7WWHNlk,0.421
oej3bYgRcOo,0.421
ATi7TpZxoDE,0.421
WKCcB-Z0EEE,0.421
Y4fmA4Y9plY,0.420
AufV0tqYjOM,0.420
fleLcusGkKA,0.420
1W1f3gf58s0,0.420
Ou81Dwh3Yeo,0.419
uXSgGtMkgro,0.419
uwER2G6ycbE,0.419
OA0Ggqmv4L4,0.419
4zWORf4OEVE,0.419
71S1wpxD3VE,0.418
OhkjWLYHAjE,0.418
oDlkQkjtiFg,0.417
aCGr6Ru2WRg,0.417
rlC0yEgxbFI,0.417
IsL5acnXTNM,0.417
hLs0EKmDOoo,0.416
olXOTddo3gA,0.416
pp8-zEG6ViQ,0.416
5CWW8VwDb2M,0.416
u8bdtAUpvlA,0.416
Z6dOXe9dr5I,0.416
DzhKhgbj_Dg,0.415
-DicVvF7mXk,0.415
13NEzQWRAx0,0.415
sYoMV-DPjQ0,0.415
XjLFe2Y10nE,0.415
TR4tofgz-ig,0.415
VjbmTxhX7qE,0.415
mlRUwZIDM9A,0.414
3DfV6oHhYOY,0.414
yhjJ8Tfg13I,0.414
3eLX1QmOkjw,0.414
333xi90Jn7c,0.414
T21phFISCmw,0.414
Xr3DhcceITI,0.414
wlx90hgnRRo,0.414
6lQQyDfrYf8,0.413
XqhYEMMntgw,0.413
AMPgsuLjdPM,0.412
b2FfBCJ3H3g,0.412
Ufg1t9wWaJ4,0.412
-cej-iSBolc,0.412
eH_X-Zdqx74,0.412
Okk0ydriQGE,0.411
83M-51ewiKY,0.411
lJpJJVGmgS0,0.411
HcIUjfcJlhg,0.411
rNGcSHHpB90,0.411
XKKh6cnhzAY,0.411
jsaIt1UrC3I,0.411
YeXqdZYtF_A,0.410
lYCgRAtAKOA,0.410
X12Wey9CP5E,0.409
FFCPpZqPBhU,0.409
Ybiefk5Is6o,0.409
m2x9csTTN-s,0.409
OQnkoWAEBHY,0.409
iyaIU1PDyzU,0.409
sjz4Lx14dzk,0.409
lGuieeZvDRo,0.408
Y_hSE-YcQa4,0.408
oO8NQpQROiU,0.408
mbNmatORMis,0.408
zOaA2w_3qEc,0.408
LRsb231LW6c,0.408
GmLgBdC4B4g,0.408
vKPSKpSmAww,0.407
ONiVXWhaIZM,0.407
Hs9TUrCHjns,0.407
LFAFyPZ6rI4,0.407
8358idIFo1A,0.406
p7Rsn_-eO2Q,0.406
sTqhSdHBBPE,0.406
4JkA68kceCw,0.406
Xd0gPu-PbpM,0.406
DvE9hhPoTNA,0.406
nCYw3Ql5xj4,0.406
N6-hThupiKM,0.406
Zgz5LdQczZ4,0.405
2gHRrR3D8rY,0.405
SsSX-eJsPtw,0.405
QfapcPVDLz8,0.405
aopIlBM7YqU,0.405
ba0gYUsGx10,0.405
VFFO0wrsASQ,0.404
omK8h-PVlcY,0.404
wUjZzXwZiYI,0.404
HEK0iXRiii0,0.404
sUVlSHtOlgM,0.404
-iFn28YtX7g,0.403
jGzoDyGrc_w,0.403
xZFc4Uq62mQ,0.403
aHeXn2wpS6Y,0.403
FBo0M5FKvZg,0.403
uTzJdF5dtFo,0.403
DNa165PysGc,0.402
GgqgvpSLewk,0.402
oFZY9Tky-Qg,0.402
xVXobMelFVM,0.402
C6aJftFDTGQ,0.401
EYcJtNI-P1Y,0.401
sNvnF2-yZzQ,0.400
QzsmNUvY1eU,0.400
yfBReYNuhqE,0.399
YNPQqvxzpB4,0.399
IOVQ1HOFRyg,0.399
6CZ4430ACOQ,0.399
e6IPCfz9kVo,0.398
VIaUjMGrq3I,0.398
f-cSbXoeWuA,0.398
1H0Aj_yLnxo,0.398
fpLgM8bWcRo,0.398
bbuGvpAVckY,0.398
IKTt4BtGN3Q,0.398
PnSZjTQeYYE,0.397
lXB5GC9YXpQ,0.397
yoheSGlY7R0,0.397
W02uyyH7Kgc,0.397
WrGBSOAuSq4,0.397
tvnmY4ijcyI,0.397
O7CxVpmXiQ8,0.397
owpz62e6P5Q,0.397
PcBQl7O5dqA,0.397
WbfBl8rsaRs,0.396
s4od9KRqtVw,0.396
FpiEZNiW4k4,0.396
TS4AM9mPX-8,0.396
wrTVK8f2HYY,0.396
PtRAQ1xrLDQ,0.396
SNLiF5k5jZM,0.396
9QUKevJ43PI,0.395
duLx4kQHpb8,0.395
QvWUAbSJUmY,0.395
JJym3-VD9FM,0.395
OKsl4qCHVMc,0.395
YWUjqC3T0Sc,0.395
gqut_esVo7U,0.395
dF0MFtCA-X0,0.394
XO241vr04d8,0.394
UkRBpWuy6x0,0.394
Yqk_qkeapPg,0.393
HK7diy9GBLI,0.393
Uvpo5icCzX4,0.393
Rpv6Qx0x1aM,0.393
ImZrwXr0CBQ,0.393
L4WN08aohE0,0.393
IdCD6r9drMw,0.393
4GfGfRhPkms,0.393
wCw62MymEss,0.392
r-zuJv54Dfc,0.392
AyM18NSN8M8,0.392
jMAjuakTXt8,0.392
yWKcIp68-ow,0.392
LnhD4znyPrE,0.391
Kq86YlD5Hro,0.391
PGmHaJBHdiI,0.391
ey3A_V3yO-I,0.391
O9fUXvODn9E,0.391
B3VMF65vr5o,0.390
2dNfoNh7-LY,0.390
tDyGr_62M6c,0.390
xyfaOjedBP8,0.390
ohgu090K9JM,0.390
wFPlKkGCoKM,0.389
EWkwp6yqt40,0.389
p98ZdRDhc0I,0.389
y9Ng6LP7ryI,0.389
xOXQP1EADyo,0.389
VMoLYk1pVx8,0.389
aQMGRtr0Mc4,0.389
Y97MKQHUQUo,0.388
C8J9y5Tp-X0,0.388
7AVFVqx47es,0.388
-51ViQPClp4,0.388
UQuwUyu-cxw,0.388
uWYavA6uf14,0.388
uiocDASrCeY,0.388
fqC1xdBuc90,0.388
9FLTF8Fqqkw,0.388
Tgnq17SCWt0,0.388
5w1TKNp0goY,0.387
sjUfsqviGks,0.387
pBUVqFYn7hI,0.387
H2UoCPYUys0,0.387
DbqvVsAITvc,0.387
4ndaA7IkalY,0.386
T1ePKvwKFXk,0.386
tcKoClWnshU,0.386
hzq_KFYHCkA,0.386
ctbB4NXwRJc,0.386
YoKbqoQGIn0,0.386
0hvm8GE0ADA,0.385
lpL4KlkTeeg,0.385
7Jy5Mi1JB4Q,0.385
5aocIzGPdOI,0.385
VbMnvU44HqM,0.384
89Bkisx_aJE,0.384
bae_lWLq-TY,0.384
gd0mg5-LfVE,0.384
z9kp9f7yFJk,0.384
8EVjN4kp_og,0.383
C65cQGEKBYM,0.383
N9Baa7pH09A,0.382
FgDMl_jgrow,0.382
ILOuyGwgMuM,0.382
jPvh6K22a_Y,0.382
_Dzvil7nyrw,0.382
j4p5bIR8BfE,0.382
mvZ8BhxBUGU,0.382
mavG2pbyOzs,0.381
JGrMmASWmNc,0.381
0FkKWSoIwR4,0.381
s9lHAQqs3KU,0.381
h1L0LzPcJrs,0.381
8v_rPxyUors,0.380
OgmiW5_L93s,0.380
1HstEgm1zgg,0.380
C7CHL9tkZJ0,0.380
Olye1M0AwV4,0.380
C5VZYGxInTk,0.379
1YiafYmAMVg,0.379
gmqFiD4rB4k,0.379
o2TxuHmVvXo,0.379
OGKYvKJsUeM,0.379
oSWns6HdDvE,0.378
h3KbRU1NUfo,0.378
aPRMhdSfjXU,0.378
cxh8l6LZg2w,0.378
Ul7cJy7e_bA,0.378
a7UTaczL8kE,0.378
qWnmQubQYlE,0.378
dA9AwlVqSkU,0.378
vqhbIZEIixo,0.378
h48EMr3tRss,0.377
39lRiEex-DY,0.376
o_x_1bRM0Ho,0.376
aPCeU6AoLcA,0.376
D2JvsDVZxKY,0.376
fUbpTOio-NI,0.375
_u9N4kkCjd8,0.375
E5wJybg5Cts,0.375
D2QemVAFjjc,0.375
nZk3k08kqTU,0.374
qj6SqSyENho,0.374
F-utM9VHkBE,0.374
dYGvhnIfnkY,0.374
IPZR0wQNAGQ,0.374
YEQLwm6NrUc,0.374
ECu892RDrFM,0.374
yVsky_xgwCI,0.373
gr0Y-r9Ubvg,0.373
4O1F22YPLuk,0.373
hKledhPdfxk,0.373
_dvKrHy044U,0.373
hqCfRK_sMho,0.372
xIeagpcfpms,0.372
SvDgW_D2ico,0.372
LJ2zDHcks2o,0.372
8cDji61mKNg,0.372
UKZ3guOCYQU,0.372
rB3CBBoJ4oY,0.372
VCh7ZN5y8ok,0.372
R5egD-Oxtwk,0.372
P0EzgcD_SrQ,0.371
Xvg9LGlNBVM,0.371
fkamOetxH7o,0.371
BEb75lCHi3g,0.371
81ua2guqE9s,0.371
R3Ro8YumE9E,0.371
3qrZn2jxQ30,0.370
BiboJ4zkxb0,0.370
jmXrfzkz7sM,0.370
mi8NwUqf7nM,0.370
aqChO5WP0BY,0.370
ybeQrlZXVvI,0.369
tX_NEYXj6zY,0.369
7d5dlMTkZR4,0.369
g9zVToGqsHU,0.369
6uMRaijS_yE,0.369
BPF7RfyxhzY,0.369
kvnrseY5co4,0.369
FY6EJPEbyXw,0.368
OW_RzrJyxq0,0.368
90DwMDHfkOk,0.368
MnNO20kPjyY,0.368
J9u78vd8v-s,0.367
9zI6uUqvvPE,0.367
oka2orJZ_Og,0.367
pAOmZ_CLNZk,0.367
tFSXW-PCvMw,0.367
Nv3zmjiZ_z0,0.366
VtAqqxcOc6c,0.366
at_KgC7aROA,0.366
w3-Qg49BNP4,0.366
IYMc0_35qnE,0.366
n9a9J_idsIs,0.366
5cmMvH-auWs,0.366
T3eQQWzoJKQ,0.366
mjTLodKawwk,0.366
2nU32WI6_Mo,0.365
yYwokYxtm1Y,0.365
ZVI9nP2U8gc,0.365
apjhIAKDuX0,0.365
siv5M9teydM,0.364
vElKcYZXxWc,0.364
S00_W_jBRJQ,0.363
hBFgAxQCQ0g,0.363
_tIUX1-iQbs,0.363
yQskLkeXLYI,0.362
_y2iSz0Bpnk,0.362
CNW3NkCcreY,0.362
K8jFC6qkFqk,0.362
6BiWBm3XW38,0.362
P1wzJeYmJyQ,0.361
Z7eUWTNzmb4,0.361
fEmFqwDCdj0,0.361
nLInFYx_eSM,0.361
BWMpHR4g6ic,0.361
Du_5muGYqko,0.361
WddWa3Ru2kg,0.361
Vm-rmYO7bEY,0.360
aF6ARuhs3m0,0.360
TVQ2AEtBmtk,0.360
GV8N-NbECVM,0.359
EvHVtWunmKI,0.359
LOhpgZvjdZU,0.359
SMDpoOnfj-A,0.359
h38TqmAhwMg,0.359
qE_ZN1mHKvo,0.358
kU-zDAA5XCk,0.358
j1Q6xfl-MLw,0.357
8gpduagmQz4,0.357
uQFANcIkUtM,0.357
YphT7mK31zU,0.356
cwRgEVoaZmw,0.356
OT4sv4S5WTY,0.356
QZazVke8Oeg,0.356
VB4lVtrzKX0,0.356
7gK_3AyQdWM,0.355
MgRSq92LZNE,0.355
cSUDMI4vp_g,0.354
TVIedNec6tU,0.354
Xa8JQ5jzy5c,0.354
Zf0BvXTvahg,0.354
cVFekImHpok,0.353
rUngm3hd1bQ,0.352
i1Pa9Xe0qJM,0.352
HiOiQW61STM,0.351
ZHldgEM6z9c,0.351
w1FFwy0_LCg,0.351
8viIa-_T-GE,0.350
fMFXhwgEX1g,0.349
6OBPcHogp-Y,0.349
PyNXh-cxb1Q,0.349
4a3a7lkES4c,0.349
C476rDNKL8Y,0.349
saLrcejZs2w,0.349
7RjEUSkdks4,0.348
TSOkPmv7fjI,0.347
Qd6LHx1EymI,0.346
hIkeQRz9PEc,0.346
Uv1kWeR-9XA,0.346
lP0tmk5E50I,0.346
fW_OgoBal5Q,0.345
ZigziA1higc,0.345
5pnsPT9q4aE,0.345
7XTPl-bssZw,0.345
m6ocRCMGpmc,0.345
NlhmRl9kvek,0.344
Cs1iH97sFpM,0.344
Q4cNnuA24mI,0.344
KK6qmKSrtnw,0.344
11MI7E0n83U,0.344
kYJrBVFlspY,0.343
b3e1-EalZJ8,0.343
E_uqvEqPIn4,0.343
uXkKjEk2dCk,0.342
wXKLqZPX1e4,0.342
b9eHoOoOOvs,0.342
UX7BCcfrWHc,0.342
4folx0ORjoE,0.340
NMxUQmEfuCI,0.340
RW_U4tvtO5k,0.339
iWNkfbJ2R50,0.338
L9VI5APnN8c,0.338
Dk1L7CSG-Z4,0.338
RVWEjEvC7kk,0.338
dK4iIJuYynw,0.337
p8md-BtKd3s,0.337
CTuYLc5z7kE,0.337
rtOLa0SfnxE,0.335
an9ayPPLzm4,0.335
yc5wBLr7q18,0.334
RWxDQAjxK6g,0.334
fgrDCg1fGkE,0.333
fV-FMChLJHc,0.333
OizclcXfJao,0.332
Yfpl9RLbgOg,0.332
b1ifuSp68XI,0.331
95UEO6WlPPE,0.331
b0NvhpZKtJM,0.330
Q_Sqv_v4V4U,0.329
zwAtKPr7atw,0.329
4Az0-WQtUe8,0.329
-3wJ47We3t0,0.328
oPZBZTbl0Pk,0.327
YvYU9s8hv2U,0.326
niRBAB-mbXw,0.324
52NE9pg2cA8,0.324
MYaufaB9tNw,0.323
7v7Hf6fDINc,0.323
eVj7c0CV8lo,0.323
k_h-fQqYn9w,0.321
snMjsOR9VkI,0.321
pt1HeDus7c0,0.321
6q8a1AI7rY4,0.321
h-jcL21ayog,0.321
1Z4aYdy9fJc,0.321
89ZsGR_zvOE,0.321
VidMl0ddpp0,0.320
KrrM678hrSI,0.320
V4pP7xuqsHY,0.320
DZkVEOsKrN4,0.317
T0MQECzuJHk,0.317
jJHbX7u_Sug,0.316
vF8i-Xbk758,0.316
t4p9Vn5geGM,0.315
pjTlFwQb7D0,0.314
cmvQeeY24IU,0.312
_PVKtayYE_Q,0.311
Bow-Hgh01P0,0.310
EgHnqSy_YE0,0.309
FlHko28Inj4,0.309
LaEanR3CSaM,0.308
QHEHFCgCWdY,0.306
ZcoTR9gNs1E,0.306
Haxa-VeR0kk,0.306
4oIQd4xRr-k,0.305
zPEwsBtSzec,0.304
Qb18F_w7Fno,0.304
fOoyVGSNpfQ,0.302
l7uPE3YJHEE,0.302
Pc1p8U_RRIA,0.302
Zx8AERM__uk,0.301
kP5tjVHz1Bg,0.300
4FYadydkj64,0.300
y61OYi-f1ko,0.300
dye0aK4FG6A,0.299
ndn4ePRaMjk,0.298
eQ9iqudiCao,0.298
9uHu9tSJb40,0.297
XbpoYOlNCnI,0.297
jEKtOk57Ag0,0.297
vABt7KtbW9I,0.296
nLXzN7KKKyk,0.296
yYAbGYeMGuI,0.295
HjFU1alDBxM,0.294
c-Hde1p6QvQ,0.293
NLt-lS2PyiQ,0.292
41wPGQ_EKE4,0.291
9H60ae-Hxq8,0.290
sHo9wRD77yA,0.290
2lt6XVYXy_A,0.290
ZBPdrWPjOs8,0.290
Lu3ebmNpm1A,0.290
Q2iHYR_lu2w,0.289
q8GK0Hu-cIc,0.287
dL53j3MViWk,0.285
ZAYq-5xpKVk,0.285
fXeDjM_wPVs,0.282
jf0r2thkYek,0.281
eu6GgIvcSA4,0.281
lv3Sjx0a4dM,0.279
1T7Cd0Mq-Q4,0.278
JTOihgUlJWY,0.278
mIY3FQICPdM,0.275
FWY2tpnx7GA,0.272
A2CinMR-1zM,0.271
wI95WjrV1RY,0.271
4wi3f1DFsfA,0.269
TBrLZefCL_A,0.269
xn2EbgxDiZk,0.268
hbExnVzFJb0,0.267
T350jTZrYAY,0.264
oOv1xF44b8o,0.264
btsO6n47q5o,0.262
u1mJepR7CWY,0.261
RylxhUmJ8vg,0.261
X5tWpcnWAfo,0.258
ZF6vjHmcXOY,0.257
J-lwXqALSHE,0.255
UjYK_N5KQ18,0.254
IjbcY2RYE5c,0.254
WfkgY2rJ9EQ,0.254
i9ESUwury9Q,0.253
IvCjnUt88xg,0.252
tuKY_MVWg5c,0.251
uxkczINQg5w,0.249
VtNIYu-XmDI,0.249
bPVnQMfp9xM,0.248
j48st_1S-Y4,0.246
uiyiHO64sDA,0.243
ZUsARF-CBcI,0.242
mLMuSsq1dDY,0.241
_1-y1xN0Xb0,0.240
RSG9M7lgzG8,0.237
pa4gnGkQFA0,0.236
emFRH09uX7Q,0.236
36-0LDm0A-8,0.235
CkmEk9WTFuQ,0.234
-A7jGDbAXKY,0.233
_U8y-kLxEyg,0.233
Qu1HZGu2wzg,0.232
ogn1jPzocQs,0.231
3TTgonOvMuI,0.231
beZANFWvdaI,0.230
jO-15ZDSGUA,0.229
MQ8sYSDxkhc,0.228
fJOrYGVgoog,0.228
uE_61r9WgeQ,0.226
1RXSVoQvOXg,0.226
yBcct20NYLE,0.226
ERVsC8mAAY4,0.224
AR218RbLVe4,0.224
qZObnwXSTE8,0.216
Bj30b7UDb2s,0.215
A0G21zB-Zv0,0.211
un_c5dkpS-4,0.200
SrD_Ccf-Kl0,0.193
gS5S-8_1qMA,0.190
C53FT3DvJzQ,0.188
h2bzKcMj_ag,0.188
MN_7XYY7IgM,0.186
8gzlShiLj1o,0.185
IHB98WaGzBY,0.175
LaIniSRESrU,0.173
HhwCRz47hdk,0.173
OpbJq8JMGfs,0.168
4WUyDJ9r5Tc,0.166
4_faJtqalkA,0.165
A02PMOZNsLY,0.162
zmERSTUN5es,0.162
GPnJ1-AqaPo,0.160
jsQMzyXIYaA,0.159
9MoitbUfHgY,0.155
KqLFtM0Nr5g,0.153
QL8ptDVsQ5k,0.151
lHHE05t2zXM,0.150
p0Xx2OTNLrs,0.147
lwHp3AobmVw,0.143