UFQrDeNfKSU,0.589
90kpN76nHn0,0.583
Ks8bYvu6W40,0.583
CBqFR4PJh7U,0.576
yruORRq9S9g,0.575
9izGCwdzf1s,0.572
wBaUsZJdvcM,0.571
A9T59_ZfYyY,0.571
0d3oc24fD-c,0.570
kE7fKSuZzGc,0.568
t1Ql1_0HV2Y,0.563
zeN-wjQUoZ0,0.561
ewguqx7Cio8,0.555
StRW8thOjNk,0.555
4vp8hS6RJ7I,0.553
L8uKkd5QF1o,0.550
YXwgzstgbUs,0.548
uh79dPzkiyU,0.547
VlBP01svbH8,0.547
xcgSa3z9UKc,0.547
rRff_woe0Ec,0.546
3_TZ8ddXjdk,0.545
VJDzOe12Bv8,0.544
5Vs6LhhrcPY,0.543
Dc7w_PGSt9Y,0.543
TnGTPUzbYVU,0.541
KZZnJfmLXaQ,0.540
Zq_ycomKFDs,0.537
Su8ovpDyHug,0.536
ula8yj7QHfo,0.534
rdAbdY7fUcY,0.532
6dLeZwIatJ0,0.530
Q2Nwk9NoT2s,0.529
YySNjE6zKoA,0.529
ArPeDX0FHP8,0.528
JoCMl-lTXW4,0.528
jO1H2j7NJvQ,0.527
p8OBJZVQWNA,0.527
vfYGdEqt23g,0.527
ay1PmNZvDiM,0.527
TU7vv8Nt8fY,0.527
UOE5_rlEmH0,0.527
AQlBdgLyTVo,0.526
FrH4xa83JVI,0.526
xYBMH5Gd0Jo,0.526
I7aqmMpGyhs,0.524
O2MlQ8KZu1k,0.522
dNVAbzSXWkc,0.521
gBd9Lk2XYRE,0.521
dMF5h0o8m6k,0.521
EsmWusBpzTY,0.520
viD0YxhCORo,0.520
UkWMGzE9I64,0.517
uBLp5aZ-GMA,0.517
NQksu36CgPQ,0.517
C1iG-ENqxTk,0.517
98U-Gg2sWAs,0.516
BLUgZeysbtA,0.515
Ims_vqepAh0,0.514
kRHEkdtV0XQ,0.513
nB3uSu3tKfo,0.513
NNtL9OVG2oQ,0.513
kiGXmtlCCco,0.512
k-hTkrlLStk,0.512
hFDRV3iERjE,0.511
M0YpPh0It8Y,0.510
cJ_k-_zke0U,0.510
6NJ1FI1K3oM,0.510
hymvKWI0AfM,0.509
uzxt5atFv_g,0.509
HLLbGlpXUNs,0.509
xeb7fKrrTE4,0.509
9FjChyvpiAs,0.507
F5W408X9GnM,0.507
gDn2aCjwJS8,0.505
g_AgW1tdxBI,0.503
pco5A4k5Oq4,0.503
Z0BLKuigO9E,0.503
IfUjgspioXc,0.503
4VCXmNFWs5w,0.502
CbPeHVJsez8,0.502
OwECZ-ePOS0,0.502
BizzTGGJ_qQ,0.502
X5-hpskx_uI,0.501
SFftZWvNJzw,0.501
s6cTB9mW0oE,0.500
EFdcHlVgnFc,0.500
Amcy8QEh4CA,0.500
Lw-X1IjcK-c,0.500
4idxkOCoWec,0.499
z1SlKIRjB7I,0.498
lD58kcdTD0Q,0.498
q2OFC-23IKk,0.497
PoHw00nHgH0,0.497
PQwpC6NX5H4,0.497
qzP-0CjhPBs,0.497
rdSJYG-Dthw,0.496
KJNl-19FTM0,0.496
PlS6xCtuAQU,0.496
Dtck2h6U62c,0.495
1dq9P3hNaOA,0.495
f1dNK_ZuDnk,0.495
i-QR3h6fibE,0.494
xfA7nLusuig,0.494
Co4SRtZ5CtE,0.494
KzdKmPtr0i0,0.493
KZfWxwpL9fQ,0.493
sOs5z54p0TE,0.493
mFjHet49A7A,0.493
nMC333Tt30c,0.492
flII8hp4c1w,0.492
Bi8y4ZpfFFY,0.492
rjESSUAeYHg,0.491
Dr1MRn06bYo,0.491
ASJ11lMWx1Y,0.490
BjIeJU2INV8,0.489
i7mkc_Age9U,0.488
B_KX5MnLsZw,0.488
YmiZ3upt1_k,0.488
MBpUOs8p4jo,0.488
2Fhx9bcwFH8,0.487
Rx96YtkQBso,0.487
2V01oQ7zY5o,0.487
FgcMvI2cTPM,0.487
ow3foQaO3PM,0.486
hmWDbkWeErw,0.486
8Isx9aJc3Hk,0.486
rIUYJer6ov4,0.485
ggkSwxQpy9Q,0.485
Kt-05udzJe0,0.484
dX6J5nPpxo4,0.484
FwDButjEQAQ,0.484
NmAj0d5Uo8Q,0.483
VQlo8Wr9Z0c,0.483
rS10hmQnSas,0.483
KWlEplkfZEA,0.482
KRe_CFFQU-E,0.482
EQQt0xfEmQE,0.482
uN8QkqHsTc4,0.481
mph5jeyM2ls,0.480
B5tS4bsOEL4,0.480
Wczh7VqxkTs,0.480
wv0142fUhlo,0.479
p5eTZIj1Auo,0.478
AG90J6qmmto,0.478
o93ujuNu_Vs,0.477
TtsuwSaYhAI,0.477
V0Uyoq6HpPs,0.475
lwqn_vJnVmU,0.475
pc1lv4rSd8U,0.475
S0LSpc-Dvn8,0.475
4NwS3ETatcU,0.475
WVBjXipkpjk,0.474
iFUlFasGhww,0.474
UJ5sMtgu_GA,0.473
9Zy-cvuU968,0.473
Twlmf4GvlUo,0.473
vRty4cSEfqA,0.472
EIeLcI_98MI,0.472
6atx7jU30XU,0.472
VMJAhCCftak,0.471
hGYPMbtNXfA,0.471
cx1kqtK60ek,0.471
olQe6KBfVt0,0.471
-myOannpHW8,0.470
ZPQK8rYrppU,0.470
1p59j1RzMfk,0.469
NOUS2wEMm1k,0.469
9RUlP2nHUS4,0.469
JJW2_JNVpIs,0.468
jeyfRq_RmWA,0.468
yyWj3DT_b_Y,0.466
rEJbfJlkfCs,0.466
JbQG-GYdJtU,0.466
2Yt6pKLU_10,0.466
YZqwKTVPANY,0.466
5DFsU22zIW4,0.465
_KKghVjVuyM,0.465
9zWhtHIVX9c,0.465
nkmTIguVzto,0.465
xRb9QdTQ8M4,0.465
2Gew5-PX6Es,0.465
RbGyDgsGUYU,0.465
HZm7fTKTQr0,0.464
1_v_DeeH8BE,0.464
7d1MUHmnG50,0.464
UZvee0fSDBE,0.463
onqAvx4puvo,0.463
HeCqDgghyJA,0.463
DGu32k9M0dI,0.463
L6gOGNMZZmg,0.462
5RYa7GcgWDY,0.462
o6_34n2t_Hw,0.462
cTN2M2SyPts,0.462
z3V3GFdRTRA,0.462
mBr1gRt9aSI,0.462
zgpUGSfFNek,0.461
kbBlbmNa0lE,0.461
FA9GK52IOR8,0.461
t-wAOXCIVnY,0.460
kRhSIekdReM,0.460
7bNfrRUfyaE,0.460
wnWNccckYS8,0.459
s44fkRlJMuE,0.459
ihE_t2M4Wv8,0.459
otWLFewPCZA,0.458
iRJREYezSyE,0.458
rCooXUhJc4Y,0.458
cTrUzQy--v8,0.458
RxR6TergfTE,0.458
-fAkjf7DoFE,0.457
iN184WbpW2I,0.457
oLSiVB2AWOo,0.457
cRPrKegxUsM,0.457
t1_nz_P_g88,0.457
USKTwvVZhBA,0.457
yHrrsdpz5ig,0.457
EMM55QHgYqs,0.456
QHxtoVn1PBg,0.456
D94OGmDFBHE,0.455
fikEpQ6R6B8,0.455
pBMI2nmGLjk,0.455
bk0K9Mxh8Y0,0.455
0LJb66aYtG8,0.454
a7KzlnQCrq0,0.454
zcNnUoBge_M,0.454
LRqWc6Td9oo,0.454
bGXq5NFnfw4,0.454
VwlOS-nshU4,0.454
0pOIxWP2X-A,0.454
Xm2FbQqmEP0,0.454
HGBxumhi80s,0.454
wj8BkNXv50A,0.453
6xNrI_bFTP8,0.452
YPVxyrteR1c,0.452
eJd9eJhkSJY,0.452
sMwPBvG61EQ,0.451
cAF5uaohROw,0.451
eD3qMwPNB5A,0.451
mmiNYmcCU3Y,0.451
Qn-89mS5Mzc,0.451
Irk4V9ZQK_w,0.451
q9VI-BBVwW0,0.450
eN-X-2WZE5A,0.450
a_4dgGXabNo,0.450
gqIDb4jVG44,0.449
gGYC6XC8PK4,0.449
5wweNNLV5_U,0.449
mVXvoQOMS2E,0.449
D6EYmKedjJ8,0.448
rxBmwZ34_M8,0.447
RF9ryIQyaiY,0.447
0abnwTGeAiM,0.447
aZpDHUcyYP4,0.447
YbaYxmixCLY,0.447
n7UAEk1BdqI,0.447
McmwdiQSo6Y,0.446
CFpSm8z96C4,0.445
DZzBvht3J2E,0.445
M0rr_REMKAs,0.445
qor2Hb99q-k,0.445
najJgsbg9lc,0.444
MCrbMku3bFk,0.444
5O0viLngs2A,0.443
Koxqvba83tE,0.443
Z3IXqtt1HvY,0.442
jDChsvvpETs,0.442
wxZjv3nhEkM,0.442
bXidLOigvDg,0.442
iVDJ8jQzAew,0.442
pxDxOfnYLjA,0.441
7D9srcvLds0,0.441
JZl0fcIzIc8,0.441
w7An6nWb-PI,0.440
O-ySzMeb1eU,0.440
wOt8IRhqYkk,0.440
1Aisof2LB3E,0.440
wOnp10CnfEQ,0.439
-7kVpsu_iso,0.439
3vG_miFuwpQ,0.439
3Q7dcFVZZfk,0.438
K45e-wMViTQ,0.438
gpuU2qLuylU,0.438
y-azLsqx_7g,0.437
00wQ3BYVCwE,0.437
DpOo-YWCKkw,0.437
s27ctXr_20E,0.437
YgGHQaR5zR0,0.437
7kDezFFMMw8,0.436
nvvuLy7to48,0.436
IAxvAf5Tgrc,0.436
kgz7w4Picrg,0.436
Rn7pW2ZWP5Y,0.435
mk6aznb72z0,0.435
EVloPBoSITc,0.435
p0Bnl0zB8kU,0.435
W8TZ_ijpcws,0.434
C6zezM3iEYw,0.434
G8VZ--p9Oa0,0.434
IHZ-gz7Sf58,0.433
hbEERhJStxs,0.433
uhrVqTQPbH8,0.433
eSQhzwWfL14,0.433
N1owmRqSWcU,0.433
IjgRXlxHy9o,0.432
_vcDJ8Bb4h4,0.431
-qY4GJGmMvI,0.430
SN4jAYxrPVA,0.430
pVNGHTtROFY,0.429
L3Fon2tgwyE,0.429
CCYE8yvzOq8,0.429
r2cyKzrAdeQ,0.428
tDfCdkGivdA,0.428
lX37xG6DQbQ,0.428
_ov_qI3mA00,0.427
Dc0ByXxJhaM,0.427
dmylmoTmJ8o,0.427
gzbuYDs1-Gw,0.427
kGYw3ADihbo,0.426
ROFAVALtBr4,0.426
X56UVfpq-LM,0.425
60ml9x07QSU,0.425
dhtzBBRgeDE,0.425
PBwR_Jdod_g,0.425
TCe4ZjNfwic,0.425
em0alJBAtlc,0.425
vys32XugNqI,0.424
V8FnQi5-PUA,0.424
d8T6Mgj40ak,0.424
70bkERqIBhc,0.424
v90bBH92qcw,0.423
w9ZqWa4krb4,0.423
4UTwIeR4OlA,0.423
CAewfKThffk,0.423
b5FeMA2yp04,0.423
GfwG8o3dKL8,0.422
U4DL1JhvC1Y,0.422
xDGI1zCqrDM,0.422
7wqSw0mWn74,0.422
bBgqy435Cx4,0.422
WcRoyEOEt3A,0.421
y8DNBjR6dME,0.421
fp3QrarCayE,0.420
Y6nuDrMfw2g,0.420
x3OWnyjIE7U,0.420
BrLOi7PF9u4,0.419
UPwzE9u5Zkc,0.419
parxjvYexCM,0.419
9uJB6YYD5E8,0.418
eQ9OiBAcqG4,0.418
tqC2eLcSQ0k,0.418
kgEXHeovHdU,0.418
-nacgcXK20g,0.418
KaUtS24RjAo,0.418
baLif-vEtm0,0.418
lyXpsmlMw3o,0.418
60U2iqVYROM,0.418
Iylo4-MlLuc,0.418
qrlwp4fgX7U,0.417
sUMA_BOaLHY,0.417
q7y6dOod9XU,0.417
Dp4LyZFQUvA,0.417
2BrdK-AtEn0,0.416
32BfmsMzbPU,0.416
0j7ZtD9T378,0.416
89Pbya82MPs,0.415
DrPPhTT8HIk,0.415
o0_9RychCYI,0.415
DgT-pnqACXQ,0.415
VjneaJ0hmgs,0.414
CIFXhnSXPYw,0.414
Y0xnp1Z6j_E,0.414
YSdnYVAgaqc,0.414
DJgAzO6HsXQ,0.414
avhgN8yfnzU,0.413
bjmYkPkjnVo,0.413
NVd5O51Tm_w,0.413
cEcIsAOuAug,0.412
NUKTACDCrCA,0.412
hkFwNRnRJ9Q,0.412
DesfhgrBMd8,0.411
0HoD8I3Nvd4,0.411
OuOYedPDca0,0.411
IRBYTBzdSss,0.411
rT4XMrz4xtM,0.411
EDIcACDWI_A,0.410
_UtSoDx3ABE,0.410
sglnNvfntao,0.410
PmyQV7YiMEk,0.410
AMKwdzKjpTU,0.409
_cGX4EnF6Yg,0.409
pI83ZN87MQI,0.409
8aoNNriv82o,0.409
H2Bz18NeeK0,0.408
lQ5Osk3EAGs,0.408
jJmmD5fSm64,0.408
p3JnA3WVG-Q,0.408
EXzFpmnzH20,0.407
HPo3UuaDhe0,0.407
62AHERvzJWs,0.406
tnRMMJWJlE0,0.406
vqCHAgYemqw,0.406
8m_uBHwuYw0,0.406
IPQs_eBHkEk,0.405
CPvZ9nwtd7A,0.405
hOTVQIBQDOI,0.403
iVu8w4ijWn8,0.403
31rUviDxGfY,0.402
Vhks-eE0Us4,0.402
qjzTZiY1vmk,0.402
CbzdNlUfZjw,0.402
izrRwakK0wE,0.402
PaPD1VUAQZQ,0.401
_0Sue8bYdVo,0.401
RZxIXhAs3t8,0.401
2rHaYI8RDgs,0.401
zNF9pQcd1Q0,0.400
XlR54j8K7dU,0.399
9dYne2rKy-A,0.399
ZHzN3kg0arU,0.399
CFqEcLdtrS0,0.398
4FflIEjWGT8,0.398
_kYyxCGIByE,0.398
UB_KH9uehxw,0.398
3wCZyUpXf1g,0.398
FUDpi_SzLvI,0.398
yl2gkCcMZOY,0.397
prwT4nDu-Ko,0.396
BZvzZv4LgZI,0.396
NynvxetYKgY,0.395
Ftjti8dytRo,0.395
uAALo9f_Xek,0.395
p0N81NNy5rQ,0.395
apjELvdgSyA,0.395
xkQs9o5xWh4,0.395
9XUsyB9oDJE,0.394
c2XejS-Kqho,0.394
eU_l2N8GqC8,0.394
g5KnEmFV1dQ,0.394
8GaqCkIkHkQ,0.393
GLSutj0rf3w,0.393
w3mhzNwTteU,0.393
QDFtFmTFqtk,0.392
YUdJ7Z9A_OM,0.392
ZWUCpca0xew,0.392
vy9kAusFIl4,0.392
CxTqXHGopH0,0.392
rFA_q6eVwJM,0.391
yoWl5ap7hNk,0.391
nwpOH6iv5rg,0.391
a_i4tGriNoQ,0.390
UJm4zLh5LGQ,0.390
Gv60baEpqSU,0.390
BZ087SjzUI4,0.390
lbR-6nYFOzA,0.389
2U48mATB3D4,0.389
u5-_1qtHS1U,0.389
fs8cQ_tjsF8,0.389
zXPG_ZXgcb4,0.388
arAh3dHOko8,0.388
ReF5K-HtPFc,0.387
JUUAgXk_3PU,0.387
Q85dqXYwnYw,0.387
2-DxAWwI1Bk,0.387
CeYP34IlKI8,0.386
hk4ahOyD7dE,0.385
1nSxx7kCRtg,0.385
ZtR_MeWbG2Q,0.384
tPPbNP3aIto,0.384
V6Li94KBkcY,0.384
oyhR9kO7qBk,0.384
NJoIDnFVmZY,0.383
mU-PanXSBrQ,0.383
y0865q96I30,0.383
E62PQ5103YA,0.383
GPpJILLRhfE,0.383
Jk4bwybBSXM,0.382
6bZ3mo9IIrY,0.382
5SavYR7nm_k,0.381
xGYEEkOAjvo,0.379
yI8BYqPG8Bo,0.378
-VKo0-ISLMc,0.377
asiWd7Cfru4,0.377
ovvUx3ABujo,0.377
2QJQSLxcfnU,0.376
px-j2IRNCsc,0.375
7mfIlzaR9t8,0.375
ikF3XcERRwU,0.375
Rst8jpD5LGM,0.375
wiojSEHGjx8,0.375
UIbOLXmohGA,0.375
WTbQ-YXWt3c,0.375
eudwiBED__I,0.374
Az_7uMKGtuE,0.374
T0Zmly2GS0Y,0.374
x2ujZV3Xdzw,0.372
2XSdgUs9d2Y,0.372
JOs9MhiDA3A,0.371
hSQCKREQSlw,0.371
qTaT0GaLusw,0.371
EYie7ryq18E,0.371
Y-99EtxivKQ,0.371
De59tG1j7iE,0.370
hLN2HrLQdp4,0.370
gPiqtpBCWkg,0.370
oD4YzkBJXfg,0.370
-mEc3Mz42A4,0.369
bDWNwErUt-M,0.369
8LmvSbVscvQ,0.369
rRybWGYtF48,0.369
WpbI9YC4M0I,0.369
yeYHcOyv47A,0.368
Gu9KtVOpMf4,0.367
fzoqEfu1wWs,0.367
3IhKjd9SVoU,0.367
maveSvEgyn0,0.367
L7GGb5nxuYc,0.366
Q1apLAkUwnc,0.366
2uLi8KoTKEQ,0.365
x4v9qvxR3BM,0.365
PXFhsTBpG8g,0.365
GQShoYa-Ii8,0.364
XSM4dtWqMZ0,0.364
3cuVbIjuubE,0.364
qgfPqwRir4c,0.363
q4MpRbm8Yh4,0.363
fdxA6UM9dMY,0.363
HFPhXM6TtI4,0.362
TR_B1-WjzII,0.362
yh4JRguf-mM,0.362
g2Mrt-mZiAU,0.362
Rc5Bt-tlA-w,0.362
VR2tljYdcPI,0.362
obPIl0GyOqY,0.362
r9QlTDJCOlY,0.360
Fzvv-elHNiw,0.360
Ldtx6eDCXVw,0.360
dD-NPrBauck,0.360
ceVVE9UY-sk,0.360
qIwx0Y28pWA,0.360
ieRVThpSii8,0.359
BjZsSZLSWH0,0.359
bY51JF8zL2M,0.358
8NBIskrfyQI,0.358
XTyvDX9OmQQ,0.357
pH3uq_gI_iw,0.357
T4uUBfbTgKs,0.357
SZqP0D130HA,0.356
z4oZZQN7VJ8,0.356
N6zA0tTZNWE,0.356
e1D9nnUWu0A,0.355
N06q2BRD17Q,0.355
YzZMQEomj0s,0.355
1NLPNscc5HQ,0.355
0-0eOyI3G1w,0.354
d0F4kno3yN4,0.354
gvBjK9Q5Sg4,0.354
tWbOSUuYSVE,0.354
x4uIzJKBdRI,0.353
UDKXI3_OWv0,0.353
sq9blPU6OuY,0.353
rTi3nLsEP5Q,0.352
phqtzISFiXM,0.352
s7frPQZ0x8g,0.352
A8SWWr9iNzA,0.352
KM_Rk8qLWYM,0.351
oOrNC5YSUvk,0.351
e2rmEsJKH9E,0.351
Hb5znjHvqp8,0.350
WusjeVKphq8,0.349
RuGVDASP5js,0.349
vHQNioyKCnk,0.349
ZXArV9Ew_Q0,0.349
vXDLIFlnteQ,0.348
up0qOI4FAfo,0.348
FD97Je6LUD4,0.348
Ol2Kzl6is74,0.347
vnjyh3mpQCc,0.347
5MgN8CMfxCw,0.347
fKsCHMAmUXk,0.346
79wknoNrGz0,0.346
BeLTD9lA34s,0.346
3WB6XVeOcME,0.346
hKHvBj3wWjI,0.345
6BG-GnL8luw,0.344
y8QYN4qn178,0.343
T0x-73ZP0zY,0.343
woTCCRhE_nI,0.343
78vcttPLA8Q,0.342
eEm5XaG25-A,0.342
m5Cq305NNXg,0.342
uttrZvtfUMw,0.342
KWzySqCw0Hw,0.341
gGP60YJ_Pu8,0.341
BkjJpftyOZY,0.341
1tRttjVnryc,0.341
DLdO-rYTDzE,0.340
EwmvB0UqdjU,0.340
m8M2vg28J7g,0.340
lOF59wN9Y5Q,0.340
wwksaWr-AAI,0.339
tnkFy9fuFSE,0.339
W2MwA2L4fyE,0.338
Uh-oDI-Z8_E,0.338
rouONHrrgdE,0.338
qXdsRmKF7qU,0.338
vp-RR7sY6hI,0.338
XwYaoBSHagk,0.336
GJhU_6J_F9I,0.336
-EXae2Lldis,0.336
MlwFbEsCNgw,0.336
3cwyHLqBWPQ,0.336
3lL8Szf0ytc,0.336
gt8PTLNP980,0.335
_SkDnv7ab1c,0.334
SVKFSgP2OtI,0.334
_WPnAh0C2qQ,0.333
dgxs2nBnEP0,0.333
6eUvzRwq6e0,0.333
rUzA3REdNH4,0.333
2fmslH2K3s4,0.332
kYPVqJIsQC8,0.332
-aUL8BHBhPs,0.331
Nc0x0CaRPjE,0.331
nmr54CudVI8,0.330
HHmqy8Wgni0,0.328
9exNGl00q28,0.328
dHyprr5hC64,0.328
dZfcNGVuZh8,0.328
aJcPO63tTz0,0.327
8YPlXazJ8uY,0.327
nHVtvY3hLpI,0.327
cR01rfF5Uls,0.327
jcEddsZL2dA,0.326
4_QZ8OpkwpM,0.326
Bd4Cgesb69U,0.326
AGKepjVxB9E,0.325
41hTAQQ02Zs,0.325
KJE7dvYSw8Y,0.324
SpCtKfPkkZ0,0.324
yKQ1u6rVL-o,0.324
NiikZd0mTM0,0.324
JMljR9C6nWo,0.323
UqOvIwMWkLc,0.323
ZQd3hFf26R8,0.323
035Uct8v4qs,0.322
znGnb0b-JOo,0.322
TIZOTPuorzE,0.322
OYKV8S9J75c,0.322
-sdf-DOxrgk,0.321
8_iEb9-DJrw,0.321
C2RFh71GpeI,0.321
GORRJmUC2GY,0.320
JXPmfvL1_HE,0.320
3nO526cVIiY,0.320
07JKx-P5L4Q,0.319
9sLGhMwiaxs,0.319
o2FTGepYVfY,0.319
JhLb69UqkaU,0.319
u0GQYX5sYNo,0.319
qHEEgc1xhB4,0.319
WmqTt0fo370,0.318
HprakMo0HR8,0.318
wIj1xYv4srQ,0.318
EN92R7MJvEM,0.317
blueG5-5U4w,0.317
PJaBbGqEn2k,0.316
MZ6fWDs9np0,0.316
sZT3TRkuHA8,0.315
z09z3_pcl4A,0.315
Gk9iUZ8wX5k,0.315
a92J0BOZUK4,0.315
ATCb87Ohl7k,0.314
TSw36KUpwb8,0.314
t01Z5hp0Z9o,0.314
HDICwQy2Rlo,0.314
fKaM_nGme24,0.313
AS_gk6SGC44,0.312
mdRdoxI3Wag,0.311
ncpcQU0zSJU,0.311
zFkMZM9dNBc,0.311
e95aazSHWL4,0.310
2---YQsZjoY,0.310
xfYYs4X72PQ,0.310
MxatRMLEG1w,0.310
UeSLTinOQBA,0.309
59ZdhsDKVhA,0.308
gUaAo4Vh9yQ,0.308
p0LEPGSsRR8,0.308
iT_r2USYOkQ,0.307
Vbq9zTICJ-I,0.307
HlCZEjgZP-w,0.306
w0PJTlvuW94,0.306
at3IH7ygMTw,0.305
uQuW1dz5xzs,0.304
AmIOSlZx2zg,0.304
vpFb7umMHj0,0.304
VqDUvkrAiAY,0.304
xmsS0o9CebE,0.303
ejEqpC7vuKU,0.303
THbG9BktWjo,0.302
-ol-bJz9xeI,0.302
9KmpXJBHXCo,0.302
ZW4-chNL0sI,0.302
TTtnn9T49GU,0.301
dhdqbBxPwrE,0.301
yCphkMARiEE,0.301
eOyjFc0Utw8,0.300
3r6gJ8cQWTI,0.300
zjrgspQoToQ,0.300
MV2iy70hJyU,0.299
0lBRdbzq9u4,0.299
awIOgRIu4lQ,0.299
eHBwkr6b62Q,0.299
RmPO2M_GF-M,0.299
XS1wBRbvF28,0.298
vGawoAPUZfw,0.298
CK-jj-hoas8,0.297
hXrFSXbpyxM,0.297
MANmRtnUlL8,0.296
zA5HCbTq0YM,0.296
6uHoX4kF84k,0.296
upi5LZroLIc,0.296
OcAJ8yMB4XA,0.295
1y5h1pDHhzs,0.294
BWoMyrnr0fc,0.294
o_r2H1pFt9o,0.294
LbHErToDr4g,0.293
6J3nOLbtiCk,0.293
1itKb8KRqF8,0.293
UW7E8KZ3AlA,0.292
QwFwbdsxNmY,0.292
7DElf1ckAFE,0.292
2uYoqclu6so,0.292
a8ouXffJfjs,0.291
QBB6tyGBEHU,0.291
60gLvcxnP8A,0.290
t9R91yASwXk,0.290
BQRpGGEMBro,0.290
6PWb15onokk,0.289
8UkNOQDTb7c,0.289
ji0YNjlbVRw,0.289
7M7tDD0DvUE,0.288
lFwTil53rSY,0.288
b00VCQW1YI4,0.288
SoFSmNaKTVU,0.288
vWGz4jzT7zU,0.288
g5e7VLijrSY,0.288
PKnrPs9VLwc,0.287
Se3kW8wPrlY,0.287
QSDvE-LehC4,0.286
xo-z2UvE_1E,0.286
P3qvThudgxY,0.285
s73nb153f2E,0.285
VizMaOduo30,0.285
OXkfcsDVeTM,0.284
aPf6qtXs23o,0.284
8QLMsj12B_g,0.284
sl-OisxsssA,0.284
UBj9H6z6Uxw,0.283
dVpIqF3dQ50,0.282
x4we-rUVzvs,0.282
95cTojx-UiQ,0.280
Y17BFnIaLOc,0.280
puhTQndOpoA,0.280
Znzs8xhMPgQ,0.280
sm18m2YzNF0,0.279
8YWkYoKT1sE,0.279
h6TipROK71Y,0.279
V5bTIba-qN8,0.278
UjgT_Bce9dU,0.278
lUsbUXxFLUU,0.278
8nanAick_s4,0.278
ueMRrkLsR98,0.277
3woT2jaJN_g,0.277
HdPAITs-Y40,0.277
23LKFcKDbU0,0.277
MPcfV4pE-S4,0.276
ZRSXyVjZv1w,0.276
sfb70mKIMJ8,0.275
57gYbNto1FI,0.275
M0JRRIRCvpU,0.275
3Z16M0yCm7M,0.275
UQaSBiRog0E,0.274
iILsdHn3Uso,0.274
dwHvEgxHeNQ,0.274
_B9AZ1B627Q,0.274
p1H4520GlfQ,0.272
92194ZZgWG8,0.271
DwiMX0hH0eM,0.271
ywbw_t5dTLo,0.270
okg4Bl23R4I,0.270
i05Vcb-7YPM,0.270
Eq4wyiJpLqY,0.270
GRZ-tEFNE2g,0.269
39vSuY0EHAM,0.269
Qo66UCHe5Fw,0.268
7aUlOgjHJaY,0.267
6FRlh4_pFR4,0.267
HXsEpmSqdMo,0.266
nxmjLwLPfKQ,0.266
w6WaqiV_aEA,0.266
Sk9VDekZ29Y,0.264
UgAa2dMBn4E,0.264
bWTDe8kx3Xc,0.264
qBw5wCs4keQ,0.263
9BjV1ysuru0,0.263
QHm6MXH1tfg,0.262
ey0LnVffHsc,0.262
ipUGu_Kav8I,0.261
522BBAsijU0,0.261
p3NGcPbKl-c,0.261
QOgpzgTDT18,0.260
2jECkdhYNMg,0.260
_DiBwuFP3r0,0.260
X4hJFHOk3DM,0.260
8ojhqT7U06k,0.260
DH0uF-TOcEY,0.259
2HN1VYhFP_c,0.259
0l1MzyX8THk,0.258
qTG2vJH3GoM,0.257
hwm5s8mLASw,0.257
N9S7Y_L9PDc,0.257
xPCr6WxJ0r4,0.256
vmxfG25mzIc,0.256
UgQns1NvcMg,0.256
m1uiqjAjHvs,0.255
rknR-oiGIso,0.255
Tnod9VeVbM0,0.255
Ro-IUejjVc0,0.254
r4qrvpnWnJw,0.254
m5voOUK47AI,0.254
Bb85m8AePJo,0.254
SU1gAQG36oM,0.253
AzhkgY0ViHE,0.253
_8ppDzvzTOw,0.253
pQQyQAxbGmA,0.252
BT84QottETo,0.251
nTL2wBYWtbs,0.249
lB_7cAVAPgQ,0.248
sIy0rC35wvk,0.248
DdXvB9F0zFE,0.248
6U_nHSXUev0,0.247
5BLpMOrC4AQ,0.247
apSnyuxFszg,0.247
IZya5pdwpWM,0.247
OEg6ZWbxG2w,0.246
VNVKDtnSkFc,0.245
6lNPJPulO-Q,0.245
06sMS-2rvj8,0.245
SHket6wQ0bU,0.244
TbpCRATrGLo,0.243
-MRaGiKNQZQ,0.243
wYcnsV5wPwc,0.243
qBo2FvhMOeU,0.243
ce9QJjrTk6w,0.243
RzYDcF8_vZ4,0.243
PSvtfBD2K0c,0.242
QuzVczJWGM8,0.241
vQsqDRkRTRQ,0.241
PBFElz1riok,0.241
1woFsV8gGpY,0.240
4uDWw1ABsks,0.240
A2L64F-tNi0,0.240
J6QqMn0YT5Q,0.240
mFSkq5TCxK8,0.239
6ybbclHqNhI,0.239
oGY7A-KV9Sk,0.239
iQBxDqGHD04,0.238
czykah3K-hk,0.238
QUjqgCqtXrY,0.238
TUpwdfK6gI0,0.237
rrZ8-1V0g-I,0.237
9fUAJWsQ1bs,0.236
r8sLGjvry3o,0.234
QFPFgEgSsR8,0.234
iRluOxjh3lg,0.233
chlNE9BebL0,0.233
0dG90H1hjXA,0.233
NdOTgpOMmBM,0.233
bTHP78wWed8,0.231
rlRX2bPL_JU,0.231
7GaPFV4xUZc,0.231
oBLuweBb9kA,0.231
AA1fpRywJc8,0.230
1LVrQlHuOLs,0.230
j7s06kAV57k,0.229
o8Kopl1aRJE,0.228
kEr2k5wdTjA,0.228
I0HIR86Jc4c,0.228
wskPPD2XAg0,0.228
0kfS6j7UdAg,0.228
oVwWjvlQxF8,0.227
aqvh_Qj-LOw,0.227
MSRO1rlyq3M,0.226
ONlJWyy2Y2c,0.226
ylCSbXu3uYU,0.225
RU_g3Nrj1G8,0.225
8_J_tiGU2MQ,0.225
Mf0XupJXOT0,0.225
onoO_LaLR5Q,0.224
2__GJYoluOQ,0.224
th7BZjbIhWI,0.223
M5yrD6r-_VQ,0.223
WXHkBshZdfI,0.223
S_VAWHvapWc,0.222
K2FOpKyXlUo,0.222
LFUaY4vxQ-A,0.222
DK_cwo8dG7M,0.222
9vxvbrv-JYc,0.221
6CD-LpcUjJM,0.221
ym3K3lNOKlU,0.220
CehOhSUsk48,0.218
de1d4HZFNkQ,0.217
3c584tHtsFA,0.217
0NWmXrSB3vQ,0.216
AS74m2TKhLc,0.215
kRFQsHRT8YY,0.215
XG2LCh1cYD4,0.213
EYrqxaWsRbk,0.212
RVYTlRmUGOU,0.212
CjHunIxxFIQ,0.212
XFEboZmjOfg,0.212
HMIfQK460w0,0.212
tRtsESAnCfw,0.212
Rm7zshA0Qig,0.211
K7WDH-yWNUU,0.211
9ruUYi83G2E,0.211
TuDjUvLDANc,0.210
T3zJdrU56QM,0.210
5FH1_EkIRzQ,0.208
IN3saznCZOo,0.206
0tiRdRtGsrI,0.206
YM7Txep-_MI,0.205
7dWcQUUxtHI,0.205
L_wSWI_EYP4,0.204
dyEKQrhtEQc,0.201
2VTIaZJQiSU,0.201
arh1CPlwmco,0.201
CUUJrl8LvbU,0.199
Ntq4D49purk,0.198
9nQ7rClmjuQ,0.193
TzXDU-U7QYk,0.193
_k7yzYT4hRY,0.193
XEXj1erlB_Q,0.193
UZYBqgz162E,0.192
5pJ12P5a9fI,0.191
iO3mQso2_Gc,0.191
7sVaxJHF84Q,0.191
jew-IqzNfjo,0.190
279nFNcWRXc,0.190
zm12CNs_XXk,0.189
BQTiDTE2OhQ,0.186
IbuTTh8nH9g,0.185
-sLCgXNS5cE,0.184
-BLFNp1x1nY,0.183
8A5beSPK-Bg,0.181
Ilo-lMZr4b4,0.180
sFy9YrMj4Yg,0.180
VwucdTLbM6I,0.177
pPc8zOUceX4,0.175
AGYZrfdPMnU,0.173
ox6u7FC60ko,0.172
Ydttwzxhx4Y,0.171
EM2BLHMYEPQ,0.170
0u5viioLY54,0.170
8bZV2zv1bPo,0.169
ft4pavDpe74,0.169
hJxvLCywz6o,0.168
8BpOyVS_IvU,0.167
2QqV8QbpLzA,0.166
PIRaNPm6Nl8,0.166
pafaYnK78Yc,0.165
_Nyr2o1CYzE,0.157
oC3J5KpHHso,0.156
X0IiJFisB6s,0.156
qeEILSdKelw,0.154
1DgKEcVCx-4,0.148
XFDXLtdpfi4,0.143
37aIritc2rg,0.140
E7uf7n3D8vU,0.137
4nzXm7qJ7oU,0.135
NDizZkGvWaQ,0.133
mZb9mQ3gIB0,0.111
J7h6OaPiUeU,0.080