5mE2VztWASo,0.604
8f53Vfh4gnk,0.571
GOSXMbG8yWY,0.566
U-fbCzeeA68,0.565
DFDrrrXqBxw,0.562
W5QRqLbotPE,0.561
s0rfrDS3SjQ,0.553
e2nv31Ixp-M,0.552
40_nQGvWfpE,0.550
dhDp347g9kc,0.543
xEfJ_3TeAyk,0.542
GAouCQxAJxg,0.542
NJZBYldtM0M,0.541
Ww5umi9xv_0,0.540
StII74aYHVU,0.539
HfnfWfYEne0,0.538
haNU7xuRnz4,0.538
iWspfc8clyo,0.537
AUgCNJ5P7Ew,0.536
MjwDW6Wa53E,0.534
eQvN8LvkP4Y,0.533
eAbt1itDzWA,0.533
ruW-pQquX3I,0.533
8ZM_3zde854,0.532
Axp91HWkdXo,0.532
rQQrS96reM4,0.531
blH8d75j6x0,0.530
KCHYq5Zk1nM,0.529
XiGRbyg_zeI,0.528
NoZJYcNcbUA,0.527
-UqrM0hjH3k,0.527
F1nZPRGwFR0,0.527
69OhU9DeF8k,0.527
sw7E_84HpXQ,0.526
PBUxN0BtIqg,0.525
I2bEP_ERMY0,0.524
Ty0iQFArzV4,0.523
ABtv2xeV60A,0.523
rHDdem7n1Lo,0.523
XoRGGLahuVU,0.522
TXNaT7ipHP4,0.521
eQFYGDsF98w,0.521
HbAWYJ2oHxg,0.520
qgzWcWjnEZE,0.520
9U0wwziHTtU,0.520
GV_tQpqrIjI,0.519
h3B_rlZZJLg,0.519
PEoEyN7AvkA,0.518
5CU0f2oFExU,0.518
FRgBcB1bXRw,0.517
NhJ3ancQMkc,0.515
qBDpytyJBT0,0.514
AzCKF2VK7Qw,0.513
-vj9lNvifm8,0.513
9ykpi_YVvPU,0.513
bvYUSMJUszM,0.512
7r9UunAsETg,0.512
lgW7MNoexk8,0.511
r7Ui-LtNxf8,0.511
K-Kskw1D5Gw,0.511
uI9_xdJcOGM,0.511
hS99y12GMmo,0.510
oornfOb_h3U,0.510
cW9YIuL99Wg,0.510
LEcNW1zZUsk,0.509
98lJwLO6rRg,0.508
3PpWgDTTm-A,0.507
aloiPD-uxAI,0.507
nsISHTPri04,0.506
J-wf7jcvmuc,0.506
GdZ8jq6KLho,0.506
1-20LUzN0_8,0.505
ietqxTaW3-4,0.505
P9hIBfDufwM,0.505
YhGvGooFN8w,0.504
qnApSb2b1gE,0.502
5HIBx4w8HpU,0.502
LbX9IyI-zqY,0.502
fUG1doFkEpY,0.502
gf5aIHiHyNE,0.501
q572WcA9cAE,0.500
HqSWYhSbq3w,0.499
m2fAOUJItw8,0.499
PYpXovJBA7o,0.499
unEuF65PmdE,0.499
D98U_J0tnc0,0.499
j-oxa5UJKPE,0.499
6ncCywIsQXc,0.499
vKh6BG2mxRM,0.498
CE8nbfRC4KM,0.498
sF82N4vjN0g,0.496
ddRn8_Awb68,0.496
_6_UNLzxjVU,0.496
CzJj0_KH1jw,0.496
AKbYMfqedBM,0.495
FoUOj9jHRZk,0.494
why3QJ-r-n4,0.494
C6IL9tUDQlc,0.493
2HF-s91l-b0,0.493
XTIqbSCgsiY,0.492
e7WSmuV0kh4,0.492
uh8-cpRyDJ0,0.492
qeLKuKzExwY,0.491
WVav--CWSlk,0.490
F3xiTOn_LWs,0.490
qapSAjd_tNw,0.489
xWXS_NrXyxY,0.489
nYDqm_cnHrI,0.487
EXB_lQYWols,0.486
sMDsjrgeBrc,0.486
337y4bgOcVI,0.485
MPcXm8MM7cA,0.485
RMzp1s-PYLc,0.485
3QyJGpYqrVY,0.485
Bjh28bWaTaA,0.484
8TnHi0KtnXs,0.483
aGOBYRyNFK0,0.483
9trFdlV2gXE,0.483
SH5Ids-dQFw,0.483
tpE2NT0HJ_E,0.482
HQazNC5yyq8,0.482
TkjukDXyGGs,0.482
ApGXU4H4kwU,0.482
BlN9jCNdvLY,0.481
QjUn_qUFV1M,0.480
Gl_JxfnHEfE,0.478
W_j4N6s001s,0.478
O43Fu_sPkV8,0.477
G9EvHydhHXE,0.476
FsdmUbRGvNc,0.476
lQZywKnREYc,0.475
SEeEbQ6Nfq0,0.475
-AEuhvMlSFI,0.475
wj8nPW0g8c4,0.475
6Qvq8lYjunE,0.474
dOctn85Y-nk,0.474
-NS5UqeYpWM,0.474
xNkN6hlr6uI,0.474
iptdmSXxcCQ,0.474
UTxitPI79Xw,0.473
8YY1mi3s9O8,0.471
9gG-m6Syg5A,0.471
evxzZvSREGk,0.471
mKwNV8vNrtk,0.471
LmPZ_KvREfc,0.470
YwM4K3mlqA8,0.470
wipOiAvj_-g,0.470
zzULyw71puM,0.470
Q5CsI6rfBUI,0.470
zz0sFeCYve4,0.469
i23HfNM4UCk,0.468
Q90WH2_e-U8,0.468
FcBbsAcjb6Y,0.467
AxFSYiLLnr0,0.467
4bdMHHOVNL4,0.466
d3cSOTkdRIo,0.466
3xTIxpNkbHg,0.465
uzTD7ALe3Cc,0.465
VtfUnFecw6k,0.465
pkZxqiK6_Yk,0.465
zxZMx3XWPhs,0.464
zKRS_XI4GlI,0.464
GbV_KcQxRz4,0.464
-CbMfJvtKp0,0.464
KQ1do5y_X7M,0.463
v2PxO7OE7eU,0.463
VeWLTjZY8i8,0.462
WobEqG0vV7o,0.461
DvRsivtuD9o,0.461
YuD1ey7LDgw,0.460
xvmerwYa4Bg,0.460
160Vu4dxOa0,0.459
UOWZypp_M7E,0.459
QwA3LQmxSok,0.458
71PsHT4HZFM,0.458
sNcIu-xNPkQ,0.457
F4qSVCPVr10,0.457
Ix3DmQ2iXms,0.457
MplNEsW_fEI,0.457
bIPvWlsbP9A,0.456
5Elt4d3cH8Y,0.455
-KOTcY8Vong,0.455
itCiuHjEJ1M,0.454
65F0dWxPy-Y,0.454
K_LhedBeiGM,0.454
G1QYgkMEKsM,0.453
8mXNy9tK-Rw,0.453
j2Sf6fCg78E,0.451
FT8XTo9kAO8,0.451
Iu0cF7F8x8U,0.450
rkZl-KkSjD4,0.450
qL6D5aJlb6k,0.450
wJB5FHQqUi0,0.449
M4qfHXdkKZU,0.449
NErLJzI4DNk,0.449
DObTxTym14s,0.449
9shjNUvY2PM,0.449
fok0C_2I2Do,0.449
sDC0Z8xZw6o,0.448
_Jm35IAay98,0.447
VuRnfz74Tgo,0.447
XfKwvE38BhI,0.447
NCBHIOk4lRk,0.447
uhspzGOtAfU,0.446
481YX6T9Xzs,0.446
iaKwEQHuFqg,0.446
cy6Sywoyn0E,0.445
B_G6SuXgSjE,0.445
FabE_7ySzVw,0.444
zDs6jPACnEA,0.443
lq7dJqREFHM,0.443
sea8b-Ac5HQ,0.443
8ndJ30Mcg5k,0.442
ym6OdimzhHA,0.441
6VTQSh3KKf8,0.440
fB5BJ-1-9Kw,0.440
b3kSsLbL3eI,0.440
JqtTTkZilW0,0.440
8jHHANCYLQk,0.440
Ac1dtNrdsdY,0.439
XxJu7l-ARXM,0.439
jQZK52C0hPI,0.439
azLrz3tm3_k,0.439
rz8IiBTmDbo,0.439
4uJE6eQTTFU,0.437
ozBANjzNVgQ,0.436
Q5y2voEWJ6U,0.436
89n9bL6bk0g,0.436
4_UmzxzomdQ,0.436
lPwE3DJJCuM,0.436
arc0etnZAOw,0.435
XFNOcEi9qwg,0.435
7Wnd59RIAN4,0.434
WdMN3YIxAbM,0.434
RMu8GH7tWRY,0.433
SS7n4kVL5kA,0.433
PEoclf5Klxo,0.433
i1OBuKIwz2Q,0.433
YqCciNXS1TQ,0.433
nTvkBeuv8BE,0.432
ilAyZKvf9Vk,0.432
dG2SoW-xpw0,0.432
sOZTpc2q4aY,0.431
jN7RYPBB3j4,0.431
5MkHNihySAU,0.431
4D25NoMzWX4,0.431
wMupCf5oZYM,0.431
RBoObpZ3Ics,0.430
_z7y8XKNhiA,0.430
Svlamn1BnBI,0.430
6PRCp3aZUho,0.430
AyQvPw5yEP0,0.430
COJ2gccYeaI,0.429
cXOxQME5w4c,0.429
bPhcPvLSOKc,0.428
ZQseO8Y2sMA,0.428
j-axFOAkiZE,0.428
g-5gIQyOiRU,0.427
SLBYjWDpP5U,0.426
_l8GBlDwDtw,0.426
sGubHuePfBI,0.426
jQbnP01S8SU,0.425
T2SEVt9Tgl8,0.423
ZyIgNPfrNpk,0.423
dQAgaMnvBkc,0.423
uB0RL-nQ3uM,0.423
-Nqs3DHfo2A,0.423
rKDfqmYKvYk,0.423
mROUE_xT-YQ,0.422
9nzlGHLHjVQ,0.421
yy4LFrysf9Y,0.421
7tXdlDXf3Ow,0.421
90PqLgNWYQk,0.421
OS20eGj3zwA,0.420
HhRADeVR064,0.420
httT-GFAP-c,0.420
YrSFwNLdRxo,0.419
H2CAztYgAiQ,0.419
h59Ja414LuE,0.419
wouOcHlZaXA,0.419
4tgWRabGPAU,0.418
9zV7FZA6yM8,0.418
ra7z11a9vqc,0.418
gMUeqHbWC0g,0.417
WrbVAP7x6TA,0.417
nPupiqnRh-A,0.417
Q5bK7ZlwvXg,0.417
azMY5lQtbmY,0.416
UpjytaUFSS4,0.416
b5P6m5gEeEk,0.415
4n1Z5MJ6Hso,0.415
zzdYAhZ0s4o,0.414
khft-Za2_Xw,0.414
jIS2wsa0BpY,0.414
BowgeJCIktU,0.414
S5KFlC5GuCQ,0.414
rU-1i2TU6Ig,0.413
fIJ0B3DSOik,0.413
6KP8BSMqxYo,0.413
w_t4lvw2LHA,0.412
_wV8kePggy4,0.412
sMqiSbnhKqg,0.412
flUm_-Euy84,0.411
y8eCMXhDvUU,0.411
WDAd-7RnJjo,0.411
ctw3oDl4SQg,0.411
XN3IuMdTQSk,0.411
ZsXsUzjXhIs,0.411
_VdhwzL7_rM,0.410
nWtstBV1phU,0.410
EFbJ9eC12Yo,0.410
4o17V8mDTLc,0.410
y9kC1rCIDHg,0.410
LoSJtmCPWls,0.409
oTrTjpX1GIo,0.409
NucuuI78U0Y,0.408
V-T186lerx4,0.408
QB4g6PMH_yc,0.408
73PqOjfHeBI,0.407
Ud24QpHmdKE,0.407
uCBJgZMrOP0,0.407
iQQeibMkhxk,0.406
gNgone_A3PQ,0.406
6J-51Uy_1ro,0.405
kidTydTACaE,0.405
DHE8hj0hZNY,0.405
-Rwh4F2m7po,0.405
Zre_f47P_OM,0.404
ATLORMSvVog,0.404
XhLSNvAyD80,0.404
hj1lCXgjEmQ,0.404
BG0AJ6r11IU,0.404
MYB3cjYR6xk,0.404
YJPtYc-5i2o,0.404
eid7kAdRBo0,0.403
ZWBQCFqH8uI,0.403
8sT7JueYXnc,0.403
V_g8tNlmqSE,0.402
z3FzXntMQfI,0.402
Al5uGJVwA3Y,0.402
mA21fWyuP28,0.402
sw0Bk36aIqY,0.402
X_Pt0eMIkLY,0.402
_PMFuJFfP-g,0.401
ygtNjGYez0U,0.401
LohH1NJZhKE,0.401
Bp6WUkRL0qE,0.400
tLDG5dURl5A,0.400
rtOJgQBJP08,0.399
Y3LtjNqQkYA,0.399
6ZGnWkIvjaE,0.399
Wcs78QS0TA0,0.399
lI2RqhWFcMM,0.398
Rh5OSqLEnfs,0.398
1o0SDIaWVg8,0.398
0pwspCUgYsw,0.398
P844OuDbRcU,0.397
vSFw2rfEqI4,0.397
KscEGPeMkMc,0.397
p2_PGOmIzbc,0.397
HPRJq3tzq4Y,0.397
JraiPelIcWs,0.397
ZUlUz4sg31E,0.396
nIXG_y3tPCc,0.395
IsbE1BT2GdA,0.394
ZNNezdtTlg8,0.394
htQpQ6Ql_SA,0.394
KacyA8Qw840,0.393
JxP5IG5XWnA,0.393
eBqawrerLOs,0.393
BWNlQdVACDU,0.392
ZyE-NofBK20,0.392
GdvHZa_SLCo,0.392
oU2nkU8OPq4,0.391
_FBsNLdheW4,0.391
3jtRFvS3Kao,0.391
9gjY0mosq84,0.390
swwJVfv_XKM,0.390
9FiSeHrS95E,0.390
f8vmoxP8s78,0.390
OGKFT2E53oA,0.390
V1nDPQJWrT0,0.389
OP5Cn7nGTww,0.388
c8QOfID3IG0,0.387
mCHhTAl3YEc,0.387
1RgFuP062T0,0.386
z0SVxT4lkTU,0.386
0Zj7qp1fsUI,0.386
1acjc2WXqNo,0.386
tUBCyMHd0Ig,0.386
lKlMgz4qMXA,0.385
Ks368f-G7Ns,0.385
Xqrh2r-qQ10,0.384
sBucmOA9Igw,0.384
fsdZ9OnVyxs,0.384
eo9RQ-AAK1U,0.384
YCX5C0DIrfc,0.383
wObAW-_AW60,0.383
H2T91Yh64-A,0.383
GnrDc7KW6ig,0.382
1-vFR0haipk,0.382
lHEnD-hmH4Y,0.382
Ek3v-Skq2GE,0.381
TvHlHe7Bmaw,0.381
jhRnKsitvqk,0.380
-JM8eav1OpY,0.380
v29PkUCEmLU,0.379
hz2VTV9PnXA,0.379
oQmEODdXDfE,0.379
r3yoS-cCYIc,0.379
QSrLeWwtH2c,0.379
8pGmNnekTD4,0.378
m5XSkpo6704,0.377
a9kU8nEI1Is,0.377
nV0hXikqTyc,0.377
M8K4CpSRETQ,0.377
XNd9otqq6-g,0.377
gN37z4l1dt4,0.377
VtVWY52xnsE,0.377
FQZGKTRToXQ,0.376
WjA3DK9kWYc,0.376
L9TT1lFAatI,0.376
yucSNhhWrYo,0.375
ZrkXg5LI_RU,0.375
k6k4sGlsWpY,0.375
tLDLjGREoVE,0.374
eHCHD-rHPCc,0.374
fSbm8o6jFSE,0.374
2PFr9tf56mU,0.373
e-0pwBoiOrk,0.373
mieks6-bkDo,0.373
OeUml103Tck,0.372
O7V8tKzAjsE,0.372
LBiD63QQ348,0.372
4NAuPLkuZWo,0.372
mOl2WjVQAyI,0.371
kkmkxFtvWYs,0.371
zb-CB0ZSo_g,0.371
9eNL8GXEOYc,0.371
w529BiFfark,0.370
v_Ektuzsg0U,0.370
ikjLLQYDXIw,0.369
uBt1er-t0xI,0.369
1I3uL9dHdtI,0.369
jSn7S9NLwnI,0.369
jnCI2GoRtIw,0.369
tithFjt_x70,0.369
62S8xvkIw2k,0.368
W0jVkPYQjEo,0.368
qSTEOU3Gsic,0.368
gQozRCO8mi8,0.368
4cuIDFw4tIU,0.368
OQA3bnTcDps,0.367
LTs0Slq_2Ek,0.367
4y9IcmAvEno,0.367
zujrrLNetIU,0.366
GgtUjyQjqrg,0.366
yDB68y1V17s,0.366
k6GDALpfH7g,0.366
BGPSGGmHkAg,0.366
knTA-f6eA8s,0.366
xRJvDIZ2mRc,0.366
jII9940XrYc,0.366
mTHkLEufe5s,0.366
pphYvfpK-JI,0.365
vetkka8z8Cg,0.365
NJeqfOuKzQM,0.365
iZjdG91_Plc,0.364
p15H2OFNsNE,0.364
lIS0zPrmqgc,0.364
ZVoaGzaw6tI,0.364
zvZH9nVzLv8,0.364
ZKSg33lX-HM,0.364
EXgiIeWwWMQ,0.363
CSd2YS66la0,0.363
LehdacO3wk4,0.363
fL22LMDDXLA,0.363
SmrQo2pn8uQ,0.363
l8gg_WJOl-c,0.363
UhzrbkEmkSk,0.363
z7hQYzQu70U,0.362
K2_kPOQx8Oc,0.361
avgYlArVY3M,0.361
3whg_RKTdkg,0.361
q6jaQq1_izY,0.360
M4o1RyPVT70,0.360
B2w31aLaF2I,0.360
kxPo8mM8tnc,0.360
LMrG69gxfa4,0.360
gh1j-fO6a8Y,0.360
S96AcNKAjhc,0.360
IlO8z4ZfRDA,0.360
F6kO5k8o6a0,0.359
-XD52rQj6Mc,0.359
rukIjvi1aFY,0.358
7-tNZTWCXUM,0.358
pr5d39zzLxE,0.358
RD-dOr4Xytk,0.358
aHpAr4hH0UU,0.358
Tr7C8gddrAk,0.358
4PIig3B-Ybg,0.358
Hyg8aZon_x4,0.357
zzPOEjxshZk,0.357
frGl_F_VzLs,0.357
glo5xW8hsXo,0.357
FawUBvUS-fw,0.356
j9kKN8z9KUQ,0.356
q1_NIwQFCx0,0.356
vFE1DSYjVTc,0.356
K0TMCngmEq8,0.356
rqotckZV1cs,0.355
OURy5_pIuUA,0.355
EpDh87ey9QI,0.355
vDLlQtodsfA,0.354
G5RjWvaKs6w,0.354
_Po-CTw6isA,0.354
aoLs3082ZBg,0.354
BiKf-1f-MO8,0.353
Y2A6NCSTO9A,0.353
_hG4HQFfJvY,0.353
_jUm0svLuWQ,0.353
enOB7-dB10I,0.353
fx3rINat5Yc,0.352
SaYWhEjyXDQ,0.352
XxSvc9xaTA4,0.352
s6DcjPpss8g,0.351
LNTRXFdnIUU,0.351
8nkL2YoAeYw,0.351
S8wAR8_c8vs,0.351
OknHoNZsEMA,0.350
PwHnmtZgIhg,0.350
V-3wXcP7nlM,0.350
pa68WP4m3lc,0.350
jLJJ5lJBhLk,0.350
SIcJ9tXO6ME,0.350
1UI35Sluz-o,0.349
eNObfbeJdc4,0.349
bhSa38NzYnA,0.349
-_p5V519dg8,0.348
cwEboqPQodM,0.348
5ZPfBIDdyxs,0.348
T2P3auEe_bU,0.347
m4Ma3EXiVzQ,0.347
O3r-KRzCnw0,0.347
ZHp-VmvqLQk,0.346
4lqCy5Kocpo,0.346
tk7LIRxbfeE,0.346
bJF8t8ZiVc8,0.346
lz-IV2Z16j0,0.346
6RXOcUXlPao,0.345
Nm0MeRrPtdA,0.345
6ExJrfgJ8zU,0.345
pMSKODcVtJE,0.345
biJajMAr8ys,0.345
UF_DZAZjCHE,0.345
AUy2jN5IxPw,0.345
GoaF94LPjSs,0.344
h-oCYuFKtNs,0.344
-d9fhAw_nd4,0.344
7xJKrHmM80U,0.344
BQIZ52EL14U,0.343
t9VdGGa6KYQ,0.343
Qm371M6K0Bg,0.342
2AwKTAPK10Q,0.342
SNfq9aTRmpk,0.342
dONw5tDpigE,0.342
fU4v5MZYhi8,0.342
Ie7Q9ckir1k,0.342
zBwHH9BSrKE,0.342
XfTJyA643IE,0.341
xvQWa2ZcUeQ,0.341
IuRq8PRDSNY,0.340
Ej09Z4vcPJE,0.340
CPAzptRZ1tU,0.340
rq-nNfUrgNc,0.340
GPuE6Lg0pP0,0.339
eECAXx4dU7o,0.339
PHK2YKLl5sc,0.339
zz1Cb-i0Zn0,0.339
1sKsfHvJ_Ho,0.338
_X5lluRwru4,0.338
EB49PcL1ATE,0.338
HzDSTAvU4-0,0.338
yVo-vbIkkXU,0.337
UjPxDOEdsX8,0.337
Wx8np929Y_8,0.337
L3ag_Y-MX_Q,0.336
oHfiCCPmZb4,0.336
WjUKv4drNwE,0.336
O4sMkMA5qk4,0.335
vvSw0l3kKaQ,0.335
6N0hj2gAzSg,0.334
6nkDq29pv74,0.334
49odE5CAaMA,0.333
aJ1WmT5Bx0Y,0.333
I3I8p4tlJtk,0.333
QA1xYoHLYX4,0.333
EY6dss94U2U,0.333
aico5tDtVfI,0.332
BLBPXYQVses,0.332
UDSWRpmykdk,0.332
mZ0_ZRr0EtY,0.331
QykeC-v_T9Y,0.331
MNzjVX-i8Rw,0.331
i5r3j7xO71c,0.330
fJZ7-5bZoh8,0.330
kQj6bq_igVI,0.330
xkFNzOk2Nrs,0.330
qDHxkoIzBYw,0.329
clvbfP5ak2g,0.329
-ltvhYmX2dI,0.329
QQjB1i8ZOmo,0.329
Ri2YG8jLy8c,0.328
xB_g_FoAMoU,0.328
WfJ8RmGeoGI,0.328
T8H5ZXJc8uU,0.328
5E_yI-ACqrI,0.327
diqdlChdqOg,0.326
wuJWwgJ_56g,0.326
IHRXmqb4LzA,0.326
ezXMv-lxpAw,0.326
OBFDq838lEw,0.325
gNwbMRw4KMk,0.325
g0qrPYUNg94,0.325
sIzeyONg3Xw,0.325
4P6KUf7b1PE,0.325
8pHHum2DpwQ,0.324
j8j3sRo1MuQ,0.324
cotOHKUDjKA,0.323
_Fcmbhb89ts,0.323
73BYERY-GXM,0.323
BwM2CXcwXQE,0.322
Xm1qgl1breU,0.322
NHkfFxySKmk,0.322
RZpGg0AjxXY,0.322
nidaQ9BvfnA,0.321
97DQ66gnUBI,0.321
1bjvj5FjUPE,0.321
yT3YU-kr9ek,0.321
BzJvKX80ehI,0.321
oBXUERrs1T8,0.320
N19tUsCS7eQ,0.320
zOr4XOK2Pk0,0.319
r85Ktsdovfo,0.319
fqvsNYJSMmM,0.319
-1ElCQgZlSQ,0.318
nsKUOqLzwn0,0.318
JvzpsThsO8s,0.318
XpEeUqorKEQ,0.318
qORzRiapFHY,0.317
ZRC46-UCmsI,0.317
tR8UzrOa_hg,0.317
SdaR3WpRYK4,0.316
F2NIkpwry8o,0.316
ViN6PdSL4kM,0.316
IL66AN-zSFQ,0.316
qiIOvnMCsGE,0.316
jWEQuuquAIY,0.315
vCYam5TPn6o,0.315
_sJ9xH-dCIE,0.314
ILnUJzJSAPk,0.314
kipZEhH7EDM,0.314
ex-LKvVD9dk,0.313
SxjpFCjU6QM,0.313
YhufRwsNy_M,0.312
ECTyA58VCCM,0.312
thPl1_KqAKk,0.312
UWPhe5PEDvo,0.312
SCd16ZxcZww,0.312
A25BZ4ATXmE,0.311
Nn9Z4NsIGmQ,0.311
ks4rEbvoihI,0.310
i5SsM_10Uxc,0.310
Ms-VwslO9Kg,0.310
pK2tw3lFtAQ,0.309
KgfPhOBVzJk,0.309
PLBY75Ccyqg,0.309
Gs40AQ7nmw0,0.309
psMyuaFvhFU,0.308
opLjqsPDNUw,0.308
uATkwVzihWs,0.307
kOz6rjoFqaA,0.307
lF6uZIIuoCI,0.306
NCtW9nzjeaU,0.306
R_-aHHY1T7I,0.306
KTLGhCmobwk,0.304
OSeQpge__ws,0.304
8RXixY2Yloo,0.303
h0hFHoKDaCc,0.303
CHov4X5bQuw,0.303
0640x_zGdq8,0.302
Z8xkSIRnS44,0.301
73uIeW-IvvU,0.301
H-wVf_UVjac,0.301
t-BdQGyawHE,0.300
dHUlORs-H6E,0.300
3wmjWY9pLaA,0.300
dotVkW9wQBw,0.298
bQkaRaxMZVk,0.298
0bpaCpAIB10,0.298
wX6N9EuLO0g,0.298
3MjYjA63DvQ,0.298
2Ic2fQonAn8,0.297
5pdNK4mIGh0,0.296
JTjw5tmFI1A,0.296
iG0Fhiwf-SI,0.296
q1HPpHxATk0,0.295
-PWJjWdnVTw,0.295
PkQAvfnyBbU,0.295
3vwyza0VCSM,0.294
fMESmYskDeU,0.293
P9nAKem5hDM,0.293
BrNiBrrqXu0,0.293
l9ocJbl__Mg,0.292
Q5z0tDKKzYQ,0.291
YvRGu0P_0OY,0.289
pLL9dId6E2o,0.289
dnh_jON6K2w,0.288
O3U3faUzh5M,0.288
N9LC6L5l6lg,0.288
Xj5ZTu81l50,0.288
4IyrDtIydh4,0.287
XQXKq6VbiB0,0.286
QhLIh-KYsmM,0.286
GdETaKn9Xak,0.284
BKGyHmPHCKU,0.284
1wO0XPFkomo,0.283
xuIL0t67FYk,0.283
xC8dOPmgLoE,0.282
BWLxsyVbsQ0,0.281
ELi_K64CVOE,0.281
Cm56fhqYWec,0.280
ZLpv-VoYDmE,0.280
bKj7IqL9xFs,0.280
Z7Tymu7VLo0,0.280
KJ-1IvmM0ys,0.280
PKiyXMQlbMg,0.279
NFgdFIcbEV4,0.279
mzoFdDANLRg,0.278
KB_opsGd8Zc,0.278
6kvyxWg4AUE,0.277
H684QERwexQ,0.277
4e38XhqFnZc,0.277
0_TimWCOxkI,0.276
oyqYanhddms,0.276
9I0V1FD90vY,0.276
_iyeaL1ln2s,0.276
nYa8GdQbwMA,0.275
oEgWUu5gtQM,0.275
RCWTpQbBkb0,0.274
jVsPYMKiwpw,0.274
BDImNfn_pYo,0.273
6r0rJuMGV6g,0.272
8YUziic32Ck,0.272
EW0vun4MG9A,0.272
qsmgdZlSwuw,0.269
mpDhUssEgP0,0.269
QnEmmGm1nCc,0.267
A949_XQJCxU,0.267
DtrI2iZ744o,0.266
Vog8gXhKTGc,0.266
rR4qQBK3E6w,0.266
-ECvDShbYiE,0.266
LEyjIMMc1XU,0.264
2Zyapk8Lh_A,0.264
CALJM5_p2nY,0.263
xAfMuZLUqfg,0.263
ZrzVRx8yUis,0.263
870iRMUM7Eo,0.261
kLFrQc8Z74w,0.261
EGcO52Q-pzM,0.261
LaNYYvrj82Y,0.261
XGVu05-PrGs,0.259
xbBwXOiagTA,0.258
Q9jfFuhtjAE,0.258
aLe5mdSpeOs,0.257
f_NGw0GIRD0,0.257
yrGCQIPqUco,0.256
Un33GKeE-Wc,0.255
_TJb0tZzG54,0.255
_Ca21yGgDhE,0.255
EWQ3UW3gH6Y,0.254
6AvEueKKlao,0.253
DZ1ILkrdPBQ,0.253
CGIooLFjdes,0.252
7ShY_3pK1jU,0.252
541l-RdA8II,0.251
xBtB_dv-SMU,0.251
1P8bJOodcKY,0.249
hqf_SIQ3JAk,0.249
bO-b6VyZNis,0.249
FBUt5MZhHao,0.248
SU7OYh181tI,0.248
GeRB1p9PVDY,0.248
YEPUe-fS8Tw,0.246
sOAKmuqAQGE,0.245
geN_qM1mWp8,0.245
69VoLCTq5F8,0.243
QDMRjQJkQPI,0.243
m3fqqWVG0-I,0.242
ErtYdlWR0pQ,0.242
gQ_iaW9FW5c,0.242
XUKUuZI6S1s,0.240
BBYbNiwIN6A,0.240
ozvMizJnyYw,0.240
Cidgf7BbMV4,0.238
8aDya5SifD0,0.237
4Ur0NloHsx4,0.237
nvv0G5968a0,0.235
08EfD9q0Heg,0.235
X0dwK4DGhN4,0.235
3_dq2OduR1s,0.235
fsdCYfXBWwo,0.234
ROlN1PDmFGY,0.233
QrPOoCE-Sec,0.231
Af9Ux_4zZUA,0.230
R4t_mCkqe-U,0.230
lHPLZc1imuo,0.230
CbUkowpUl7g,0.230
QRfKHQ6t4IU,0.230
kEfHPI8Yo18,0.229
XFXOhI5xQEE,0.228
U5_MKtXWpWg,0.228
24_zyb9yHYQ,0.227
dC6F1oPg1AA,0.226
EQl7SAmtJPg,0.224
nnhE22R5P_I,0.223
0y5IAsD-D6Q,0.222
U7dcAFu1zJI,0.222
wVmafCl0t2g,0.222
aBCTEXPKoLE,0.221
FYoi2Qfg4WE,0.221
JeKSmVOGkfY,0.220
jcqkhMQezbg,0.219
4VaouDUvv24,0.218
JR6i_n3Jsfc,0.218
4uZ5QwQE3O8,0.217
OJeaG_Su76o,0.217
DOaZzCNz_vM,0.216
q2qgOvAuig8,0.214
mHAKHJajtMI,0.213
d_4PhK1q7GU,0.213
6q_HRO-WJMs,0.212
0CBwQm-88w4,0.211
ar455szkHEU,0.211
2o1mMxSfWt4,0.210
ZZAjQjfWAeU,0.209
Fxk2SrPnoLc,0.209
t8LHmismD3o,0.209
1OMESud7PX4,0.208
KEI8ZzrtUPc,0.207
vwSf83W9yhw,0.204
-03YNKnzrjs,0.203
OeNtSZrPSiw,0.201
l0TE76LknC4,0.200
yVCpy5DphVA,0.197
mah4fv9sKGw,0.196
Fix0lu1IES4,0.196
4K2KY71_Bxc,0.194
egj8bUC4HPc,0.192
pHluUNl8PDY,0.191
r2PX8EZTNdI,0.191
_lteMudwTBk,0.191
14vobqIv4vw,0.189
3712RMd3dbo,0.188
wrWJIip2-Jc,0.185
XE8oMmQ6PNc,0.184
Txe5DhTo5kQ,0.180
KfT84Vlp4lQ,0.180
mozgcvNjcps,0.179
PEliTIuzXuA,0.179
cRTOP_vJihU,0.178
XGVdEMJQhs4,0.174
N0lYaLpV-uc,0.173
JPbphXpVkNA,0.170
vKDhCUbkIOY,0.169
cB6_eo-k1Cg,0.169
WPsuRtoZH-Q,0.166
1pw5S4b--F4,0.166
DpsMuwqwJgc,0.160
qK8yPslwtj0,0.159
V_RLZpR7MeM,0.159
dyRsYk0LyA8,0.147
wFUq-R8OZ-0,0.144
sNiOVc1Se2g,0.117
sCglbFCl0EI,0.085