0pQePy9xsE4,0.504
0jYIVSrUqZo,0.479
rKETfQzqoFg,0.472
xcP3ys7Sq8Y,0.470
v9C8NizN488,0.465
0AgnTJXyPBY,0.463
I0u_QiYnT-s,0.461
lob0L_pgeNU,0.455
TJfwQAiZASk,0.450
YKmbPXIdXk4,0.449
5L2bd7bZ180,0.448
2QxQi2ynwZA,0.444
ENwO3nj6KT0,0.442
Q1-NWR3fcSw,0.438
7AbdpnwwY88,0.436
RzG9bsbzohY,0.436
I5Zut_v80wE,0.431
2sBTfRJeGHI,0.427
yKsycS2Z6cM,0.427
lJpdKOisrLY,0.426
p0uGkreaLuk,0.424
73M0BjlRJpo,0.422
lI5x7XQJ1YQ,0.418
CmR8zQHbMfw,0.418
qQ3KD1zAQpc,0.418
AP0qvemAyUk,0.416
ZY-Hwq7YGYw,0.414
Oz_BcBxn9bA,0.411
DwqfS_6WYMs,0.409
W4vc-NS0q74,0.409
zBhmxsGKNHc,0.407
sfcoJiDP2ds,0.406
evZ6NWngRiM,0.405
melBn7jrKO4,0.405
62lHSlqHOXg,0.404
_wsyUUUMbS4,0.404
NJeA7NJ-UYE,0.399
do8yD6bfskw,0.398
fX8HuVTyosY,0.397
IkGzPjXbVM0,0.396
Az89yrkpYpw,0.394
yWqeVizZzeg,0.392
lXIML9vVNXw,0.392
n1GTqTUODZU,0.391
bKfpwE6gWNI,0.390
l8l9hFnSqbA,0.389
cB0KD5vPpyo,0.387
0Ej_Qt57HbA,0.385
Wf5bosPxvOE,0.383
BrvRs2Y5duI,0.381
4SEND0vRLVM,0.380
kN1p5NnmWDI,0.379
YMU5gv_BcaM,0.378
jU22hHEOa6Y,0.375
c2v9wEtxZvM,0.373
aTyYWaLoMBE,0.373
S3y8nAek3QI,0.373
Z_ysB5tddt0,0.372
NnEwHvMIvfw,0.372
oJhRNMGbRTE,0.371
cfQM8yL_Ojg,0.370
3D86FIyC8BM,0.370
GlioPD8apAs,0.368
N1esfv4M_Vw,0.367
Ht2pBHb6LzA,0.367
_c0qqGl9Mqs,0.366
HMPR6L8kfGE,0.365
iRV_2yoXwGU,0.365
RPaOwxCp7lM,0.364
zFCF054b-L8,0.363
9Gm_Ty8hqvM,0.363
l4FCsB3gKvo,0.360
OofP-WCjeWk,0.359
z_8Vvb6v3zM,0.359
0OD6gxbeAtA,0.359
efML54-deOU,0.359
OuK0CBtgUJo,0.357
wc87JszGpsI,0.355
5YfnkHhRIGY,0.355
4p8By46uN-A,0.354
vLYCmgxu1oc,0.353
m7vqsGVaQ-g,0.353
Ym6jpNoLyKI,0.352
fRa4vGyyjEU,0.352
x0FyQQ1RZhA,0.351
DecqfU51snw,0.350
i61ylKcblQo,0.349
a-d4qkY9JFk,0.347
rGxYZjTFkrY,0.346
BH_KD3oMKqw,0.346
bXGVepZZrO8,0.345
a1okaYDF_yU,0.344
zNNDB6gMftQ,0.344
yI5liI8-oGc,0.344
eP8hrUGSKbM,0.344
MP89lTX4GMQ,0.343
QbomlxoGIR8,0.343
qWSYOO8mtmE,0.343
lto6RdPEbRk,0.342
534Hh52BJDc,0.342
pjOnz8Fb_3s,0.341
j6sed-ApzHs,0.340
rLiNTl_s4Fk,0.339
Zu77p-efcD0,0.338
3tKoZpjnwLw,0.337
145WlH4OO04,0.335
9GBxlhgVOBw,0.334
37AHzsmRfYs,0.332
5DQ0qujTvYI,0.331
J6OPGsOj3Mk,0.331
qaYLPaXnokU,0.330
TjfmjSVNr-g,0.329
ho2e4HMeJMU,0.328
LcBqZdcqwU0,0.328
77Hw6wq67wI,0.327
gXKvUYCkDw8,0.326
3Qe_Gi9rkyA,0.325
FU5jHwA3Ek0,0.325
E8FjfrhnFCU,0.325
pUTTYuZsBTo,0.325
SeXXXcVv_SA,0.325
51z0acG7SGQ,0.324
7XGS5I7MMKY,0.323
6mTRitFttN4,0.321
u7Ouk70iOaQ,0.320
m_Qgc18C4Ic,0.320
sZ96HFfEMSw,0.320
vWpIIcSc61Y,0.319
xrQ4WUIH2o0,0.319
llcGKcL4DJI,0.318
22YF7y3P54s,0.317
kDM3ElxdFeM,0.317
wnDSM3FZBtA,0.316
zqJhnyOr8Ws,0.313
NILjjkiPYXY,0.313
t0HHWCSNZ_M,0.312
0vhfSPFgTMc,0.311
JITY0ykCtJ4,0.311
NpadHwnGYAY,0.309
pa9WPUqlEto,0.308
EM5TawrIsRQ,0.308
9xgwGgkmPsU,0.308
zR4TNXCrrGk,0.307
UP9ao_vscS4,0.305
8OZ6-p97oyk,0.304
U9nSjwSVKbI,0.304
o5oAMQyzjpo,0.304
1oquoMP7VcY,0.304
cGaYn5fWBAc,0.304
wKEUHloT8Nc,0.304
noTSlzshvrA,0.301
0x489LmZ9P8,0.300
2uHqN-06GpA,0.299
aPlRmWChzNU,0.298
wEJkjSrWBOM,0.298
GHxOd81u_qg,0.298
CK2iZhW_nv4,0.297
fh_gVjpO7VU,0.297
ydEV-M6xvFQ,0.295
CLP4G-PyhU8,0.295
6l0pK1w0XJY,0.293
KkJYgvm-Jh4,0.292
gj6LZcGGtqE,0.292
I_pwxkgKe84,0.291
ud1Kic9p-AU,0.290
m_5VVfyqQ9k,0.285
XzxuK4F9clc,0.283
KBhSvkJ6FFA,0.281
cNz9UioPeOg,0.279
tEffisT_1YU,0.278
V19yr6zmC_4,0.276
5Mu_hjZLmMM,0.275
G5EqcbYEIPc,0.275
7drxceooAA0,0.275
O5-EgBwG4-A,0.275
0mABX-Rn2tk,0.274
7598948Lmww,0.273
p9v4SRpM46g,0.272
omv0qIFLuSs,0.271
bt15LoW_yPc,0.267
20wBgtBNpng,0.264
fXLTc04rH-I,0.260
ukeKhOBrWL0,0.260
u6YmXQ8QQws,0.259
9hfzg-FYz7Q,0.259
WPkksWBHgbo,0.257
N0nX131wupQ,0.257
k7bTnnwijjI,0.256
et-_7TLmjHc,0.255
bm-eKJAa8yc,0.254
WFzD41YpCD8,0.253
5sUBusqPzO0,0.253
xxjJzlJVNZY,0.251
5V3mRpypLjA,0.249
-jLrqpjQR84,0.246
9r2uWsHbg0A,0.245
3tyYsfl4DlA,0.244
GDFYPnIg3t4,0.243
0-hWaxe0EnA,0.241
IviRDmLpmtQ,0.241
TA2iO9ABMAU,0.240
mA7kM7yr5p8,0.237
JByBksVrx5I,0.237
t9JZ4TXHNNE,0.231
tyqntfTRj00,0.231
d_GxLkZDRfM,0.229
6DEDfCqa_Qg,0.229
Yn_546wApik,0.228
8GdJtLf1_AA,0.228
rzguxtPRltw,0.227
N3dovYyARks,0.226
polzWynyG0M,0.225
oUcJsg23srI,0.223
L-K0sx3dfts,0.221
i1Bu2eqBl7A,0.220
larGjF0--qo,0.220
izJVVnaTUsI,0.219
lvP8NH1SU58,0.218
uSiJOxDUXCU,0.214
iVceJTvlVXk,0.211
AnYdbGjv2Ug,0.210
gTjUiQkxQdI,0.210
iUcq8qgfH6E,0.210
9p97_gBnuh8,0.208
UqzbBewKnTM,0.207
QV790ZF7iNE,0.207
ADYFF1LAxaw,0.207
E1aHTCNxD-k,0.204
cq3huey37ZY,0.202
KidV7kS6u6k,0.200
UM3ruWLIpBs,0.199
FgO50tljHVA,0.198
kJpPZpZ66rg,0.196
QSZ2SkA8mt8,0.191
hmEO5O6UxZE,0.191
LD12AL-ev2s,0.190
yI5p9Px64x0,0.187
4Zz97MHUQuI,0.184
V5eiCxIpw6o,0.184
XaCrQL_8eMY,0.183
fh8wkXE0J0c,0.182
eeYfLA3M5yM,0.182
7aIS-SLQmOk,0.182
AazKIFt251k,0.178
iEZTn9EZAc0,0.175
cdx5oRtGBMg,0.173
9HOVuN9Zsu0,0.173
NbZZKB9ZOds,0.170
v932bnvVrtM,0.169
stKe4Gy5vsA,0.168
Iu_RwFwgIJ0,0.168
53QkZ0xR5LU,0.167
Re8kFm1voHM,0.164
zYsrze5v5Jw,0.163
kLk36nn71zY,0.157
8fDoSw6a4Mc,0.151
88eeHDCP68Q,0.147
Ida-VBCjQaw,0.145
qsoYgRknejA,0.145
dCWgBK1yNes,0.145
jXYEPC3eXbk,0.134
YjPy4axgbXM,0.118
VXV_UooUMz8,0.112
pFhw7IQiUXQ,0.102
MavWgZJiROg,0.099