ut8JAIekmKc,0.584
ZzypsDiBuHc,0.581
i-5DYeWBHzI,0.572
b702O20X-Wg,0.571
pogmVFLScfU,0.567
yo2mNeuwq-g,0.566
W2PKERlQ2cY,0.565
aQqYOKJTwWA,0.563
fCjolU0XP2Q,0.561
jKAlIsR_1HQ,0.558
b891xmoibiQ,0.558
Pg-a7uPBiOw,0.558
bPt4UKPLD30,0.557
1NwmczW_xI4,0.557
-1N_Go3vdBc,0.556
5dThMb9m6cU,0.551
IGMBIiXDtxo,0.549
9k9tlpkcmhY,0.547
XXDuCviu0XM,0.546
OBOxjcfyCpY,0.546
o-b3C_XWDbs,0.544
K0pJsgmM6Mo,0.543
ZDN9sgiKX9E,0.543
Pe7V-qAPlzs,0.542
b35hX795Vkk,0.540
1iQy09Oo_FU,0.540
CO6SJhiDNFI,0.540
010q-kqNooc,0.539
MzAlZeN0Hwc,0.539
-iL77go90R4,0.538
YpPKISnQqxA,0.538
HQvdq_lvyWk,0.537
qp1xgv3Uoqw,0.537
UR0CedRJEH4,0.536
TGK3W8yVnto,0.536
VPx6_5LKLew,0.535
DAn0Hc3amGY,0.535
aQUSU9iLGDI,0.535
q30vHabA74I,0.535
jpcFDWwxMcg,0.535
xwCeW5SYJNs,0.535
JMW4zGcHG54,0.535
vGeHJSRrfEk,0.533
d2x7eh6dbKw,0.533
sBqCpPuerjI,0.532
ewtElvbP0MA,0.532
o1Hs0Zem00A,0.531
UH2jTVwsmnk,0.531
8UA3WK1rXSo,0.530
cfLLcZv9Sao,0.530
Y6o7inSvato,0.529
iP76kWMgfgQ,0.529
npya1Ju-0fo,0.528
I8pwHyaU1FU,0.528
8PMbgP1jk-s,0.528
eHLTncv0IaU,0.527
nw8e2KFNMfY,0.527
-L8YghxyWL8,0.527
e1YAJyg-jrg,0.527
kv3r3DknJDQ,0.526
s1dVf1spDSc,0.526
PPzxpvnMboM,0.526
lpMSI3Km7lE,0.525
N_o6i-6eaq8,0.524
PqSEy8OFs3U,0.524
ylNgOjaz-M8,0.524
W-rUNZjGwUU,0.524
Wk2qPMda58A,0.523
3Sj-hp5XISQ,0.523
htVSvpsMVTs,0.523
nxJTRI79kys,0.523
y9g_W39mMqY,0.523
DdKDdvNrNGI,0.523
Tws7jr6T53k,0.523
ZEXPCFowj0g,0.522
Wdh5gSiAMIY,0.522
IrBPg0Ymq-4,0.522
lCyUT28qq_8,0.522
upJBx555v3I,0.522
Vs2w5W_E9-c,0.521
eT-GIKhP87Y,0.521
yYXAKC9Mp_o,0.521
3NprUtyoQjk,0.520
fGv5hjYV6x0,0.520
KSm919lVXag,0.519
eHsUHFjSqGo,0.519
VQlZ8ypQvj0,0.519
xjvvhy8m7tI,0.518
vvveVxk-hTI,0.518
ansyhfNh4hE,0.518
bnyAa8NkJrg,0.517
5bTDwi-ddjM,0.517
DFMFefoctGs,0.515
eSyQDnv0BPQ,0.515
PAjZVQBj6H4,0.515
-6SgFurCrMk,0.514
6a_Xx8-reoM,0.514
OU--jEmTQLU,0.514
U1BHyL1vLeg,0.513
ro0Y7KjIcoM,0.513
RPTOmqJrPRc,0.513
P5Qcryf3Hg8,0.512
Sqp3ezmErCs,0.512
SfHEKnGPSYM,0.512
dj7fyyOcjL0,0.512
Kpoa1JcJe6I,0.511
z7QbO9tm9Tc,0.511
x2fCTmqrN20,0.511
nZ1q7oQMM2I,0.511
94SP5wV9Y64,0.510
dbdGi-dQ1MI,0.510
UTmH5bcjd5M,0.510
i9AMcRvNaLI,0.510
RHvkEXauxVY,0.509
Dlo6T8lMICI,0.509
17Gq9HKSK9k,0.509
FOIdSKDf4YE,0.508
BT2coYtaXu4,0.508
ySzBSgDFb4w,0.508
xSjVrR7KPqA,0.508
4FR3EPqoSXk,0.508
YQmaPYJeU-4,0.507
1V8QCNqXL0k,0.507
2ZsZ2D9uKaY,0.507
WXxUvXVHd4M,0.507
UFDkYwK8Tgc,0.507
VrJSyvMtTfE,0.507
h6zV37Ulloc,0.505
7JPyUYbdS5k,0.505
p-vhKsObslM,0.505
sNcuMQNUfso,0.505
ynfbmlthcN4,0.505
QWJ4grOzpiQ,0.504
MlQ3kvHxVXU,0.504
RxoEPCGrku8,0.504
D0hJBGq1OZA,0.504
J5QHe3h3az8,0.503
Plgc3xqTxV0,0.503
MQH-f7jOzS4,0.503
QyHhZraMhqs,0.503
wjHzGPCcJZI,0.503
3aCga91tjyc,0.502
VjwhphQG8Pc,0.502
Lzv6tsN0sIg,0.502
_izrRm-vfHE,0.502
KbPM7CK41xs,0.502
VgBTuKqjmqU,0.501
Yfj7lIKxMA0,0.501
riVlAiwkCtk,0.501
K7dZyo3LhTE,0.501
hVqTO1-Ptws,0.500
KRNci3JPN8U,0.500
qXjxj2Lqt_U,0.499
IP7CFYsL43Q,0.499
73il-NB8c3c,0.499
-zDQsJM7KZA,0.499
wm7Mj9QgYkA,0.499
ZRsW1A6Er14,0.499
sr3JESnm1_I,0.498
oZsvvq6EP3Q,0.498
Rn-rdUPsFz4,0.498
_Hj2BmAfnpc,0.498
dLkTqudGqSs,0.497
rRZMXZfcol8,0.497
gZDQlz2SCqw,0.496
mH_qGs1UkNQ,0.496
X5JeZgGW3tU,0.496
XvbcwksUihE,0.495
digNELTRIbY,0.495
rOIORFWUfOs,0.495
WAXzILwt2_o,0.495
Dg8jbfO86i4,0.495
GxhwuI3L4EQ,0.495
oqLoYTeiSA0,0.495
LjP5VKgjxUU,0.495
aPrUiRcMxZo,0.494
EGGeHUayhkc,0.494
aeKU1-0AoVQ,0.494
Vxhr9km5VzQ,0.494
s4hOlf7-Ds8,0.493
MHicZXM6B7Q,0.493
vdOwEAXLye4,0.493
7LMI4i7xstg,0.493
2JCqC4WWIKQ,0.493
CSqu-gWRUYk,0.493
5h5t18vImzs,0.492
4VSHxW4Bepo,0.492
WY7AVIbIBuM,0.492
dMF-aIHP8sA,0.491
6p22Kii7Zp0,0.491
BRZ7z0tPa_Q,0.491
Kt9LTgOnano,0.491
S2wxc92jdFw,0.490
Ir7uKpgf5Do,0.490
K8n6Bqa7bSI,0.490
o7Ratku2N88,0.490
1eGw6CgT1Ag,0.490
8Kbkf1L44Xk,0.490
Ysv_4YeRq-g,0.490
Ay_X3hXBpZM,0.489
PDTCgxvmShc,0.489
eQKp1y88ZIM,0.489
HjYpOaHdOkc,0.489
F0YDWmNPIIw,0.489
tCzec4vtjJQ,0.488
iAH38ZlQM38,0.487
0bDojmBQ__0,0.487
UOmOMRmMhXw,0.487
ZYXF1PHpitU,0.486
a5NbQwzwUTw,0.486
JZmJu3FuE3E,0.486
cR7RR_rsWVI,0.486
rA_mx0k8FV8,0.486
JN5d2bvePyQ,0.486
OwfSdHvKWWE,0.486
AWBJZZhZeC8,0.486
upuuvGzDEtE,0.486
sit9ojflMXs,0.485
32g6lBxEL9g,0.485
YwjSRfbxcao,0.485
hzSl681t7UQ,0.484
W7ecWEMzP2w,0.484
lC-awFGCgrs,0.484
kHm726t8iww,0.483
wOGm_8f52NI,0.483
-QdlzSiKulM,0.483
8xfc4FKuCmo,0.483
eCrHOHSCFt8,0.482
2e7seTLdrxk,0.482
CJjMubHoly0,0.482
dLk0RUFf5bk,0.482
n5ec24O49m4,0.481
V6bJOG7E490,0.481
7bzwj9wHSPo,0.481
usOlNfoLP4Y,0.481
BPUJ7E2Ut4w,0.481
bJtzVaRcWIA,0.480
21Ski4YQiqI,0.480
ErNP6gWCQHs,0.480
unfxVRkeyik,0.480
cgaGKjA51-k,0.480
JOzbI-2-QuQ,0.479
ph4QvPZ6PSg,0.479
Tx7ZyLLSSQA,0.478
RxhPmhKohMc,0.478
KPmbP3KZ1PU,0.478
z8cVnib3lLs,0.478
O8Gy-dkFR3Y,0.478
f30O4ZB66GM,0.478
jGlKeBRid-w,0.478
g3224DONrRE,0.478
kzyNqD30vHs,0.477
1pt8SxWFi6o,0.477
QJr8klGCsQI,0.476
46nRKacPWPs,0.476
a6FPbriUOss,0.476
jcRmqw1ouJk,0.476
17nTjAVLiRU,0.476
TlDO_RYc5Fs,0.476
bqvmG-ecP3A,0.475
S4PxZGo5ORY,0.475
GI5WdcfYBvc,0.475
u1zKG0D7GKo,0.475
83G3J8dldOc,0.475
hVLtZSDysng,0.475
RlMjBVajilc,0.475
vhmwiDpNyGY,0.474
4Q8t_vSisYM,0.474
i_jbunwiPUo,0.474
bEMnuza6QOE,0.474
pj3T8D5v27o,0.474
PpQB2BxZCic,0.473
pwGo9LhU6nI,0.473
8a7Q74KlSmw,0.472
Hr-7Qz1_iHQ,0.471
vSfv2ks6TfU,0.471
OXK750fhh8Q,0.471
DDrdfVHFLp0,0.471
FDe38oUTD7o,0.471
OosqUhHYnBY,0.471
wGJjVurPlMo,0.471
ruQlIpthDdY,0.470
ht7lyQdpHEk,0.470
h-05PD2cMGE,0.470
XR261SKHNZs,0.470
iJ2bNnfmuPE,0.469
Z8wG4LceTHg,0.469
u8UptMyE_Sk,0.469
-sRR3Z4xKbY,0.469
jrWRJv_VQdo,0.468
0dNYxGmioeQ,0.468
MR5XjyQp8WU,0.468
Ns3g7E7sNWk,0.468
JZ4p6anpy0s,0.467
SS0yEOjZXNA,0.467
N3Hbd7fL1xc,0.467
oEB51DZ5EwQ,0.467
PVxFD-2QxRc,0.467
eEE1To4nU2Q,0.466
RublDB8Prkc,0.466
jAElKzdf7C0,0.466
asWuaNbsPt4,0.466
uFizKDe0VWQ,0.466
a2o4YXp7JPo,0.466
nse2WZoc2Rw,0.466
xOBwp5ECkKg,0.466
UKOUoRNwCdQ,0.465
bKBktrTh9Ns,0.465
AefDKZ1ArnQ,0.465
c9PaPt_lfiA,0.464
QVGhCU-nbCY,0.464
-KMdIhZExIQ,0.464
0uATfA_WoTA,0.463
n33KRf3O9Ys,0.463
OrD2HQhQDck,0.463
MtAF7CHI6yU,0.463
27ZFkEOLwKI,0.462
JtJ-yapTvX4,0.461
AFHYl0bBqRQ,0.461
_SUq8NFh2Uk,0.461
FaPK7667mYc,0.461
H_9sWyTx0CI,0.460
dnwE0G72DBk,0.460
ljSQrSoSYAE,0.460
_K1Zh52IzvY,0.460
qzF1Y5jMrSQ,0.460
92aiBq3mEoo,0.460
mcyfdcxvA4o,0.460
p9EQsUqUZiQ,0.460
0a3d-zVrBP0,0.459
8LJBPUJ_RY0,0.459
oB_IVPgLQZ0,0.459
Gijgyq9UB0M,0.459
bEbpcA525xI,0.459
1LG1tUyeRcs,0.459
aUaYbKRRLDg,0.459
NomnxwcHUYs,0.458
t8v1uShFTr4,0.458
3z5-G5JXou4,0.458
hTEZfL_DA0s,0.458
5xzzfL4gf0o,0.457
ikN6XX0KnMc,0.457
h9uz-uA0FNY,0.457
sNvnyKoPrPg,0.457
3r03gX3mZns,0.457
1rKNYnj2fyU,0.457
LnSc_uD9h1k,0.456
aHBs8oVHNc0,0.456
oGEF1b9wzH0,0.455
pGy8jb-PQJw,0.455
PJc7n1gs8lE,0.455
ffovAKhiQJk,0.455
mhZTBO67IXw,0.454
gCePEY9x9H0,0.453
ud7OuXvgHJk,0.453
45ybR8R6SUk,0.453
b69csRxnJfo,0.452
poe3np8433Y,0.452
OfRrephwyXI,0.452
UCqGfVGjyzE,0.451
BbpOovUX_Ws,0.451
Fb7m7v-1qV8,0.451
UPFEuTYpx44,0.450
vihjlKvIUIU,0.450
bcMDKunF-JY,0.449
9qmhPDK_uJE,0.449
J-QQyOdDcs8,0.448
ibshUdBi2lI,0.448
nHBlznkcy-E,0.448
60IUlcpWi0Y,0.447
WBufcgtQiXI,0.447
ZMjRMZseMBU,0.447
U8-oNjsykIg,0.447
Orlyjc3DM2I,0.447
dMPClL_AEzk,0.446
1n_EQ_z2FC0,0.446
IN_B2RPBPhM,0.446
M8NgsOw1DP0,0.446
pO5XRwlz83E,0.445
n9hn7XbulY8,0.445
gTv2zg76zSQ,0.445
X9dRhzK88qE,0.445
WljHEhdqIU4,0.444
59Me94L1g1I,0.444
4K1YS-_Kj24,0.444
eWqtLOCyEL8,0.443
Zvu5FUnbd1E,0.443
KWKWZkT2eHo,0.443
KxtYxjOa-04,0.443
B0GZhlT7zgM,0.442
3rCEdHzX5p8,0.442
aGrLb6tTxD0,0.441
23yhnJHNDaM,0.441
nWNnznyxScE,0.441
0lI60ty8Mr0,0.441
ssxLZQWB_fc,0.440
dONrB8GWn48,0.440
O3t6ZrwyfSk,0.439
d_Qw5EpeniM,0.439
HZzheK9ZdGk,0.439
RFtZXVVFLiY,0.438
OPzhLxoPUXs,0.438
KNrCJ7OUcnE,0.438
lae-5cGkBsg,0.438
g8qkyAuUfR0,0.437
e3IB3SK4iNA,0.437
7hZeB1sENA0,0.436
bo_AYYdjMDM,0.436
Tc_xC06pLL8,0.436
ERJ1ZcP36pM,0.435
2peSIgPnSZY,0.435
4zoovZ-15MQ,0.434
ADPJVUqVMfo,0.434
0jpfhFhVyNE,0.433
BjLfCZSrcDQ,0.433
sOYLQ86IdUk,0.433
OWo-xvK5F5w,0.432
XQhSaW_szto,0.431
eRXukGgBbUg,0.431
InpMDM2fqFs,0.430
3RGCrCXUu10,0.430
0g6aBQErARc,0.430
kJoB8UkYEwg,0.430
47Pjy6m6f_M,0.430
VxnGt4Qu9mo,0.430
6jE5o1NgPbg,0.430
5xTZ7NUh1AY,0.429
GXsmQ_8_SXM,0.429
kJo7TPIgqgw,0.428
OGKOMkYefQM,0.428
PcrIzbd66Wc,0.427
NKppSoqwoek,0.427
jPc8RP7lyj4,0.426
gA7cUyGVS3o,0.426
e6mUt8GZji0,0.426
0zy4cyZEvGI,0.426
E-IlRy0HbCg,0.425
c6f8j82b7j8,0.425
SfJAzl4JRyY,0.425
dA26oQU_6xg,0.423
ZlIsUPM_dx4,0.423
XeI-PCoPF3k,0.423
hxX9I64ljLI,0.423
_NfR-tIP79c,0.423
vkzJmr-nGyw,0.423
Wb-dLvaqjuU,0.423
rRQmEcgIzBs,0.422
136tuGk12z4,0.422
v9p--N9lMd8,0.422
0rtDYCkmXys,0.422
lLXEhnZMHQU,0.422
eczwvgZGNE4,0.422
Ku1ztP8Xwls,0.421
oDawnafMYc8,0.421
oPIxe_E_b7s,0.420
UyF2fPjNvhQ,0.420
8iMZecQ9RAU,0.420
22Kc77xucgQ,0.420
dzCeixzXwfM,0.420
hqS3O9uZasc,0.419
v2g0FfUEffw,0.419
6IUJqG-XiwM,0.419
auYBJ80WXiU,0.419
ckXHbz5GU4A,0.418
OeTB9bh21fI,0.418
6K97acFwHUU,0.418
WLvr56BY1VE,0.418
LxNRcOTCG_8,0.418
ayS9JyxxlW0,0.417
ob42SJ7XC_A,0.417
0vLrkXOYTsI,0.417
fHfobHEm0VM,0.416
OtbJRv-EFaw,0.416
HZ74glI2_1I,0.416
G-t2jGeyy2Q,0.416
BXxoDbFOBXA,0.416
uXXWORlqRLs,0.415
9scrBQoXgPU,0.414
hJ1eBerbOg4,0.414
Fo5fQ6Fl18U,0.413
StZ6OU89Ffk,0.413
3KyCycM2Vto,0.412
KLOAJNP4Giw,0.412
NLdWGPycKfo,0.411
ZBWabmAlL5w,0.411
EaUC0ID91Oc,0.410
2gK5VpM_cGY,0.410
3FsM6VqWPJ8,0.410
0qqTd_ZP3b4,0.410
HGpAiX5mhjs,0.410
LqQO41sR4zA,0.410
1VgBNqI0f2E,0.409
fBj93ZGXFUU,0.409
5I_92dVVLzA,0.408
ym8YuCoZ8A4,0.408
Z1evHshw8zM,0.407
93U27EMj7pk,0.407
ZOuQMeid2GQ,0.406
uQkeMjm0Oho,0.406
lWzdNQy8Cx4,0.405
HdgM9Bs8AUQ,0.405
x6hmx531b1U,0.404
koRWDrO40Fs,0.402
tCeIh0UYgTg,0.402
xLSwoEyBzgg,0.402
uy3mQkThwyY,0.399
jLxkXbAfR6g,0.399
2ypQuZnfpJU,0.399
z4ydP5koC0Y,0.399
syfM10gqIzs,0.399
aod9-rMpagI,0.398
jPqdyE3udiw,0.397
mHNzsfFY_nA,0.396
ZHD42fF76us,0.395
9rU9lVXyeVg,0.395
UMlHxLGSYLg,0.394
t_7xx_isc5Q,0.393
P7rAWPugwjk,0.393
WyIDFMSCtfY,0.393
YKjwOKCOZJ8,0.393
YviECi1Rbx0,0.393
nUMdea1RMII,0.393
8HK7a6u56-Y,0.392
jgs4fa680zk,0.390
N-GJC3tASzo,0.389
FNAd4jnm3XU,0.389
sXjjPlYBi2g,0.389
r_t0fk9aiNU,0.389
ilguNikD4XY,0.389
rV2jBdr_5lo,0.388
7rnn4YimUkE,0.388
6xBn53BR3-0,0.388
vhUGW5PZl60,0.387
fjnuSGBTuXI,0.387
HNFMGhn4R00,0.386
7KDQa8IWGXw,0.386
KaBihbVz3xM,0.385
gDNIEnkPhLY,0.385
9miR_S-DxiA,0.385
0DcLFSrehJU,0.385
2a9KoXmBwfQ,0.384
FSFyIvGHnMk,0.382
-wPKTzAdPNU,0.382
cwqX3rr_ZUI,0.381
ciQMzHQjYiE,0.379
-ZdBTPdFQuA,0.379
5ZKEQDVJ1LA,0.378
7SFVTSMxSnQ,0.378
B3vHjSAciJ4,0.378
MnvBrMehn_k,0.378
_-MKgFgtxWY,0.378
n08LoaXjtNE,0.377
-OF0-7l3FL4,0.377
KBCKpowy4-s,0.377
8BQkmKuyI5I,0.376
rZGOS-76v3k,0.376
n3w06ecG0MM,0.376
Gg6S6vWyPH8,0.376
MRP_h34pbQk,0.376
GrDxTZQcJok,0.375
nzpwfHdlijY,0.374
1BHwFAIor8M,0.374
eBf6yNehNfM,0.373
0TSJKrR8W4w,0.373
b4YajHzp96g,0.371
Rffl7s3S-bg,0.370
qpApMaHbfKc,0.369
I5FsdbcrhXU,0.369
RUezuMNVDlE,0.368
MNfkBn16NOw,0.367
Zyux9qqd0WM,0.367
baQFNE6ZeMs,0.366
Tq1Lz9Kcu7Q,0.365
ibDAxQLQiac,0.365
HGsuMRjKACQ,0.364
gfx60waiMqU,0.363
zmGVxBEhpuc,0.363
AkxEhAyCjCg,0.363
TnqqRDk7Edk,0.362
rm6UpWViEg4,0.362
U8sRDwbYra8,0.361
BFNMiMLgaC0,0.360
QiVXN3wSjrU,0.359
GwP2Fh5JyYY,0.359
v-y-L6WrmpI,0.358
qW-6w48SDqc,0.356
2hsHHOIkLOQ,0.355
z2NL_9mOBvg,0.355
CvnbZLVSfgA,0.355
NXkWgI9Fm9Q,0.355
ZutkPWwd8ko,0.354
BE8iBBKdwP4,0.353
BE3-0MvA5qY,0.352
3C09V_8vbGo,0.352
p8CY_9I4bVk,0.352
96l-agyk9Cg,0.351
FN3FAl94CVM,0.351
ki-_Xmi5NnE,0.350
R6_p4RX1AUQ,0.350
a_Xy5MJdXKo,0.349
ijBsuTscwCI,0.348
LisWTnwyBj8,0.347
tTa0EKH_WNw,0.346
RtBXLJpslII,0.345
sM8RRcz9H1s,0.344
0XlsNucmbiE,0.344
TLDiiVfehlM,0.344
phMr7SY7VwA,0.342
IxblI36MeR0,0.342
NAJD8aKkVdU,0.341
b7PODb-fR3A,0.341
tbS4jTA8hME,0.339
aJRMKr8JmPc,0.338
sxK0zoDW0_Q,0.338
Jo8Qlz49-tw,0.338
9t6MgyGtRCE,0.337
tBB6ebIT1nk,0.337
a7SlVy4-mEc,0.337
DvBYF_Z2fCA,0.337
_dhroXqBNjM,0.336
65wHf8TGrP0,0.335
96GWUS2ywys,0.334
-nkTTAjX_G8,0.334
fpdtEO3vCSk,0.334
TYyAeHO1-s0,0.333
CUbw2niw9OE,0.331
SqozXPR6RUo,0.330
oAW1OwKuVY8,0.330
FCAbsuFLvLU,0.329
mm6uqvjyUIk,0.329
IlkAXSlQNNg,0.328
6Q2ZabOfvoo,0.328
E2TpKr3fyY0,0.328
DUdxePZhr8c,0.327
yfnJdOHayMM,0.327
ws4qyJ6cbaw,0.324
Cf04pTSoVBA,0.323
d8mEvCoxTNI,0.323
xKZYGUXicfc,0.322
8TnDY4AGB58,0.322
BNWGUqrxaRI,0.322
aWXHMtcNf0g,0.322
QR2_20pam6E,0.321
UadGX-QJW5w,0.321
d5vZdhB9HcY,0.320
Q0IkDKziMNk,0.320
M8mB_NohZcA,0.320
SEwt1pFis2U,0.317
UQyoDMx6d3E,0.315
WGFN24gP35o,0.315
FxKBG44krpk,0.312
F_QRMmbQoJI,0.311
qL3OLMV_LGI,0.311
e9MVfA9-6tA,0.310
qm8NSYhRhbI,0.309
hXEMg0Lwy8g,0.309
8ReY3Rj-Bwk,0.309
CJ8TZshMaNs,0.308
1bupxg6xafY,0.308
AEXSo9lWyK0,0.307
FAwCM61792E,0.307
YXMHuGo9O4o,0.307
ySv7ovvGBMQ,0.306
8CUWh7UOutI,0.306
As-klVMqOHE,0.306
OyzxNy1fNA0,0.305
kwITse5F_yI,0.305
KeLfcSp73mU,0.305
kXvmUU9YzbU,0.304
BrFoic1yBdk,0.304
Nx032OgRurU,0.304
gDch_l_ZkY4,0.304
pGN8YNtWgyQ,0.303
-z5Be60MYv4,0.301
NR89F65wHx4,0.300
rDw3u5PwBpQ,0.299
Vc4ViPGwnYQ,0.296
8D2XrMMyK4g,0.294
gfN_DwSXegU,0.293
NrakRI73VTk,0.289
0cve6VnIdV8,0.288
qo7M47NyN_4,0.288
bk6b5Jt2LUo,0.287
dUcRf0KKXX8,0.286
E_BfGQj87k8,0.286
lNYpMWWFaAc,0.281
IXR6Ib075l0,0.278
MZHkrwHOR1g,0.277
tI8wfzroO94,0.275
eJY_4zhhNPA,0.275
I2UTduFtsHQ,0.271
TPEhYkKCwWg,0.270
tL0ofrq8grM,0.268
4sR7qPgYiSk,0.266
T0DprmoMyRY,0.264
LRqln06YxD0,0.263
Dsv6FjAjJHs,0.262
Fr5T_H-WKis,0.262
fnxYWVU-MN0,0.260
fdgPKLiphHM,0.260
Shpb3VcWD50,0.255
9z3AidHqEDg,0.255
31wy4Cg6nDQ,0.253
E8-OX3xkj10,0.251
oWl6C90e8fY,0.250
mlC1e3IkXwg,0.247
xLFTcFlkpMM,0.246
vStzu9I17Bg,0.246
OJaI1-t83Hg,0.244
2o7SK-9x57M,0.241
3Mz4HsKP5PQ,0.238
98q9WOdKeWw,0.234
h9KOMdCzNCE,0.233
Px6jqcYFdFs,0.232
LOffS0M4jZE,0.231
ldB4pObNfNU,0.231
ZyO-BuSgO3k,0.229
lFjtyfAJ2l8,0.226
aIzEPB6dx20,0.225
h1L0LzPcJrs,0.219
3JwfXaKFJ4I,0.214
JaepFPsL5dM,0.209
vFVR3VueGPY,0.209
4bTH7zg86t0,0.207
N4p9VSwRI1Q,0.206
3hOjVtrF_EM,0.205
DqYAkjvhCek,0.194
3kvs0CPguo4,0.189
B-Hqvk8HabY,0.187
RbbkJpVwmto,0.186
Uw5gMHuVMYk,0.185
aiNeCLzPEjA,0.183
x4bAYu1e1rE,0.181
oksQosmI8J0,0.178
zUrXtyEz-gQ,0.177
qytos4XIlPE,0.175
U_6Uc_ilYjg,0.174
glW3VffZL4g,0.163
_o1sGrcou6A,0.163
FHQoa8DyY_Q,0.158
qMnbLVUPJDQ,0.158
l9SXlMnT7_s,0.152
3MJInTHlP6M,0.140
cNAfTjrgMCI,0.135
6l0OiOgPvRY,0.133
a_EEfcx0l6Q,0.120
LuAHQM1e0g0,0.119
9eu3FY3vkZY,0.117
B3S0o7M_jrw,0.098
x7byzeyMhzc,0.072