4oBbXuizwdI,0.642
IY5ykPd3coo,0.637
Qzl5IbVZi_c,0.636
-5lQvlTqGxk,0.632
Kx7ygcqiRX0,0.630
FsZaV_m-qKQ,0.630
Z6-Zqcnlsik,0.629
N0mbt4G35Z8,0.628
MbuDDLH4g-g,0.627
j9QCa-97hxY,0.624
yEV4Fmo2f54,0.623
lDG-j3FdtZM,0.622
YvWvTnqfEAY,0.621
nWraEuHycig,0.621
f0baY567ZRc,0.621
ZIcio2fR328,0.621
tjIVUPZIv9U,0.620
fHE-bczwgZU,0.617
-jaBrlL2vLU,0.616
yyYFYvaNqvc,0.616
wIAorDNGdRk,0.615
bX6ghyT6Ig0,0.615
V_okk5pOLp4,0.614
MD883W2up74,0.614
b6YEzQXa3yA,0.614
zt4Kp1NLHCQ,0.613
-PYlUSdXDwg,0.612
QswjjkqH5rI,0.611
yCbhuGyFev4,0.611
uA4KRfE_MNM,0.610
wme5AktYkt0,0.607
-fPmEbph3Zo,0.606
23WPNyq8Mh8,0.605
SA3nnFyHVFU,0.605
CPwgXVknnEA,0.605
OaP112PUy1U,0.604
j6P5CUpzcmE,0.603
YeuN9CcmMyw,0.602
-HPOxgHmGl8,0.602
J9KmpqpiDVs,0.600
PIdEpiLIH7o,0.600
oKm0wdVU4Uw,0.598
96ePpBIYucw,0.597
cAMmhALtd3E,0.596
9FJtpte1Gd4,0.596
wpVfSFkCUn8,0.594
L4nWz4Aryww,0.589
Q1pDbv5GwXI,0.588
Iq1Sn9vERcU,0.588
adITFw3MYq8,0.588
5xICMff1pCw,0.587
WMj7G-U3LW8,0.586
dez8wq_UKTM,0.586
f9pdUo8PwBw,0.585
OpwKIpqAC3E,0.584
2BenWKVkOsQ,0.583
Xw7pl852gtc,0.583
NrCglV44JZQ,0.583
wWIXT60Zu50,0.582
_RgaZElN7po,0.582
tPLVNKgs8Lk,0.581
RnLb2QUVetE,0.581
UXC8ep_PN3A,0.580
P5kfp4PDoDg,0.580
uP691ATdRZY,0.580
nCv0sk4ZIO8,0.579
fV6oDtbD2LI,0.578
GsF8ugpWPrQ,0.578
mTsXuPCZbRY,0.577
PHnlXnrQjsk,0.577
aNN4j-njBes,0.577
zCaRFJHY3aw,0.576
jnxf5Uur_ic,0.576
WUu6Isue-6o,0.576
AmuPwrHQKoQ,0.576
NRIUoinoK6E,0.575
ABfDv9OJuCI,0.575
0n7u0QB2sUE,0.574
hCs9FnTWAQQ,0.574
rFluc5lQTfw,0.573
lmV7EpSwYPY,0.572
uPdAU9ZsBDY,0.571
NQppa5tpwNU,0.571
LfnpbTpGM6M,0.571
2aafCdCFPAI,0.571
C4sHlXcQddw,0.570
sjHEpl6uUW0,0.570
4WlSIr_YZ2U,0.569
tQvJjQ6JSjo,0.569
SMnJLwUuvgs,0.569
ENdZvP1IePg,0.569
e7irpbGVzTo,0.568
tPgP0QgHYf0,0.567
dn4D2rEGm2g,0.567
nzTonggW-wQ,0.565
j0DXNlZ0qpg,0.564
_QW10iOoX8Q,0.564
EtzNyuuTZYM,0.564
AstLM-DUbqk,0.564
S5HGYrACKrY,0.563
_ZSX_dxK4RY,0.563
3Jfnnivau3A,0.560
Pt3VxBxsois,0.560
gZUgFUPHyV4,0.558
yMQoZJ7Qmgs,0.558
Z1ajYx0UIxo,0.557
cB_-0qvPqHg,0.556
UW4C1r47CWM,0.556
hvbckHeyjXc,0.555
UOKJCwyUJGU,0.555
0LF6HD4jPjA,0.555
oSH7L-sj0us,0.555
FTyfMt2bEks,0.554
Xgiac-b44vA,0.554
OA2Qry4VcU4,0.553
Izy4dXBkyIU,0.553
CgnfXMWc5h8,0.552
ZS7LbNXhdcg,0.552
yoCYPG5bOJ4,0.551
o5E3eGX-dHc,0.551
dd0pm-Q_rTs,0.551
aUUm5fOAdGY,0.551
pqtkUkBXxMU,0.549
ozPSCfVH7NE,0.549
z-NKGF1CTDM,0.549
DiFXFeOU1nI,0.548
LWuuCndtJr0,0.548
vk6I25ruV5Y,0.547
sr0Th_p5zYY,0.546
IBA8lKA3ArE,0.546
4elNNWh5EaQ,0.546
j3UW1GRMi_o,0.546
U7XL9_0dSJs,0.545
8JQJxuAOMK8,0.545
yb4-l-ouAb8,0.544
DM58UjTlaIw,0.544
ZJj-OUzpct4,0.543
J2E7M9pznIA,0.543
BZ-Hf682aAo,0.543
WeUz0KlkzX8,0.543
3rh3uvU9dek,0.542
Cqh-KKlauMI,0.541
iBgkqEl0rHE,0.541
__JrVgVzTkM,0.541
c5rFSwBuPvs,0.540
BanqwWgLqt8,0.539
7OncryKrhhs,0.539
-7nvbzLCM_Q,0.538
2Go356IpcJ4,0.538
TYJftulEvM0,0.538
PsUgzgwgKCI,0.536
P1YZRAzEFRQ,0.535
uBWwKbdoUGg,0.535
eMzmoLZQ5RI,0.534
qtqgKg-67x8,0.533
ne-Eboeeeqo,0.532
AJJBfHim9F4,0.532
828EvqBLvVk,0.531
sJzhriY1C70,0.531
QbAyhlY5iUo,0.531
dONdpLAB1K4,0.531
2G_IAim-SgQ,0.530
TToUMBEmsIk,0.528
VqY_8MNAcP0,0.528
Gq5dwYRuY1s,0.527
sF85j67jy5s,0.526
UQRuLp5HGaQ,0.525
n7jPHMi4wE0,0.525
CWhMrnOAG50,0.525
7TYY-UkbHK4,0.522
EzAT8vLnoAo,0.521
pnIXrA-HpRQ,0.520
278ylLmcH7A,0.520
M0N-EWjVVzA,0.519
ccasC-uhfx0,0.519
wHBckq1HLh0,0.518
fca1778o4sk,0.518
3i-IA302hg8,0.517
CWxVyunehTo,0.515
7kTzqvslu2w,0.515
7Fcp27DY-x8,0.514
6hF6u6oides,0.514
kBogRhy_6D0,0.514
831fBkoJaQk,0.514
qg3g37Rc1vk,0.513
AfsbG4zC4Tk,0.513
rMq67F_JrHw,0.512
sUyw_31Yyi8,0.512
knniuFXItTA,0.512
4QmfUZlRPOE,0.511
l6tqBlk0Q0w,0.510
57nPA-Ob2ug,0.510
GU-nHgK9XdQ,0.510
4MRHOEAIdzs,0.508
W5RVM9Ykvfk,0.507
xccrJv18Zkw,0.505
E9V1pHZ52sA,0.504
05SSlcjIsWM,0.502
RqotJLBiOko,0.501
xp998tfr5IQ,0.501
CMvdSojCiuA,0.501
VHJcuDWn8WE,0.500
z8JDaPSILHk,0.500
OgXMB7zb9dg,0.500
svkX6tJVKE0,0.499
zFc0MtrpKhY,0.498
7qqMmp73msM,0.497
RXcsHj1l-Pc,0.497
CZW-36FFnvo,0.496
Hg90qTS0tlU,0.496
vfUu0eedUYI,0.496
lkMvjOSKNo8,0.496
JbJAImM38H8,0.495
eINC0xnzla4,0.495
2OI6CLXG8sg,0.495
O_JP0N8qxek,0.493
8oWYHcBFvc0,0.493
s77xNChnkWE,0.493
knxgR5esJu4,0.492
waHR4IPA4nw,0.491
h1_yHgKlnUw,0.491
Iy4FkcNoEWg,0.491
i6ePJksZ-B4,0.490
r6yQBREB38U,0.490
JgRC6eDkz5Y,0.489
_Ms2D3l2334,0.488
pXPO17XRwKE,0.488
rSy2pvakQ2s,0.488
5r71_CuH-A0,0.486
m3drS_8BpU0,0.485
TxAbBzinE_w,0.483
GxZSwPNF43Q,0.483
BRJqSF1Y_C0,0.483
OQyRuOEKfVk,0.483
NS1LSWKA2c8,0.481
F1ztJC6eDpc,0.481
ru9AUoS98cE,0.480
_fk1HK4uNuw,0.480
YbLHCGFwMtc,0.479
ZufLKY_Iykg,0.477
suZoVmBHwXU,0.476
NHv1bOpTYH8,0.476
oOwN2qdmsYk,0.476
29IHdH9IaUo,0.474
WS8lZ6dyYE4,0.473
jIIgFTYxc_Q,0.470
vt7O8KcPPCc,0.469
0YiAG1opSWQ,0.467
_rofBywGZKI,0.467
bpi3k9ldKcs,0.467
weuO29kUzpg,0.466
k-2BnAjJi7U,0.465
iuEG-3Wnv0c,0.464
P5utCp_EhXA,0.464
TOCdC2VHuUk,0.462
gLAO_5sRUTk,0.460
wEMaPnYEjNM,0.459
GqWYXigi3dk,0.458
c9dZeGZcCVE,0.456
3GjYE6QMngo,0.455
TbIgUyooeYM,0.455
ZyJbz8tLgi0,0.454
Vp5XDbzUfHo,0.453
z8vXJkk_PMA,0.453
jVj60npJwTo,0.452
ouxROidyf6Y,0.452
HX5pMyzeS5c,0.451
n2dzPKygqD8,0.450
NlLlQBhsPU4,0.445
vFNqDEhv8Ik,0.444
rir1m-rj-KE,0.443
KoJqbjLMvDs,0.442
Oh0yCRorgkM,0.442
gE8BfrKIYfQ,0.442
RLHjdhP7waU,0.441
9YzCibDwzko,0.438
ty71TOGnfZg,0.436
UXvpn57XVyA,0.436
RdugDvStwf8,0.434
BpyEcB7tVxQ,0.434
hy5qRg5jsHg,0.433
l6BHhRO-75E,0.431
Km4DAtmTQyE,0.430
3hNo14q0wAw,0.429
rLAhLm8XSsM,0.427
xm-lYAqRJYk,0.426
-G38UlvRN-w,0.425
zoOvpgBsxRw,0.425
2VOnNNm-K6s,0.424
ZDrEHcOYFRA,0.424
Z_aaR4zgc0g,0.424
hph-o63wlEo,0.424
OMZMrsxKSNA,0.422
kV0pftZBRvE,0.421
yhZl0NW8248,0.416
P-Kq9edwyDs,0.412
wRtGM3f-UBc,0.411
-25a3bIYJZY,0.409
9MJhVk4Z1Zc,0.407
ZWIKknNkP8Y,0.407
LvTb00XdMLY,0.407
q4OR2kTvbow,0.405
u2dmdt8d8Ko,0.402
ywPzcxZkuTU,0.396
sxcpUJOJ3NY,0.394
CrAPoohAxbs,0.394
Wj2i46dDPU0,0.394
mf0xP-cepYU,0.393
t9JJ-HdODOg,0.393
Tx58iwN2p6s,0.389
6v5ziB8hmJc,0.388
jOSJSQKFp9w,0.388
itI-T-o7XHY,0.388
UANzVgsnEV8,0.385
eaM8H4nNmAg,0.382
q0O5Ntqso3Y,0.379
n7OX5rUSYto,0.378
FEvB9d_AbRQ,0.377
3tpWGSy5_5I,0.376
OPeNqxvQldY,0.375
r2c2xSk2EkY,0.371
PSpuGlKu_Yg,0.370
FPb-Xjf3GlM,0.369
YdGdz3O0eeE,0.368
h1cF__j34ys,0.368
uUvAH-MHoDM,0.365
5iMQo-0ttQo,0.364
1NnM_pu9u6c,0.364
PNaoFDziAPM,0.364
FjZr-VhILhg,0.361
ugSX2drelBs,0.360
LxK4ExclFSA,0.359
0_CWf77eW1A,0.358
sQXSS3R7tZA,0.358
hC2XftAqLNI,0.357
SNmV3aZRhcw,0.351
k6s6rVAkFrE,0.349
2fX0nGoLvoA,0.348
o1xMzpiUpfo,0.345
k8efTdhktOQ,0.344
6QmAo9-YiMs,0.344
D7KKCvgGNjI,0.344
p6cpAm8M7aI,0.344
duyF705b3uw,0.341
LUkhUSkVxRQ,0.334
DCCn2JqZnJs,0.331
IA6yurIt5NY,0.330
JfA1c5vzUBk,0.330
3dUXt_5SbPw,0.325
FbqNeqvBLx4,0.325
ZOZslTEUt7M,0.325
kf1J6QAkXsE,0.322
eOhvQcOUSsw,0.318
e0zAsefseH4,0.317
iTVJ5EcP_1s,0.315
k-NctIPefUA,0.315
nOtUeRL9G10,0.310
6r_x8ibWz9A,0.308
SOuGl3aT-Rw,0.308
yuG9EewNznM,0.307
gjr282Z4ols,0.304
8Tuw5Z0z8Q0,0.302
eO5KEcf9atc,0.302
TFZF_Z6HpJY,0.302
y-o3wGGesrM,0.301
zAdOoUpedag,0.296
CE6FxFuZZQg,0.294
qgUuELN_sQc,0.292
d_swRgopQDA,0.290
zWxFC05vgpw,0.289
DuLYid_pNYM,0.288
o1iOkNDGkFA,0.288
WPfYMDxTLwg,0.281
vCcZL8xCCxM,0.275
bynmJ-V-a4M,0.274
74WEymj0OX8,0.274
v5h4OpAGd_o,0.272
xvm4porK4cU,0.263
AIIbsRjgtLM,0.262
y-VO6bllKUU,0.255
jhoT42I4tT0,0.255
rDPfSPDznV0,0.255
hwuKlpPln_M,0.252
2KETPR_XLv8,0.243
YwWy0sMj1tk,0.240
KQ2zGKDFWXo,0.237
4rvNDRJIgZ4,0.235
SyhGui62Rlo,0.231
oDzauRFiWFU,0.221
SzxsjDQujv4,0.220
keTZe6YQMN4,0.217
yJW8-OdDJ7M,0.211
yoZ01VzIwo8,0.204
SyQ-qOZxnM8,0.202
bxtPyJqVrmk,0.199
BnZDYFgsQV8,0.196
iZON421BfzM,0.194
EiGf4Q65zjQ,0.192
3Fq8Jw-xkm0,0.191
ohDtHOpaTVQ,0.189
yqVS6BS2wCA,0.188
HwTm8VZjcvc,0.186
Axeisc9T1iw,0.186
ucvK30RfLYE,0.184
09JjWK46whs,0.181
eSSs6sy-sfQ,0.178
Om09cjYzJjs,0.177
JOF9EONBo28,0.171
qhOjqV8bpG8,0.169
WJOooOjEBIY,0.164
ws3vO9N4Qq4,0.163
_GgcikggdR0,0.163
SCxcb79LnYo,0.162
7c8-zhyP7-c,0.159
_Q-O3K05P90,0.156
jJupyI9Ml50,0.156
etGP2rjsqIw,0.148
1D0QiOMKB3s,0.148
i8NhjUzRODA,0.147
iHCh2p5Ccgc,0.147
lr2Ets7YjcQ,0.142
tJ7ybc-qQYg,0.142
2pVFhgAguc0,0.139
RB9hlDDWQY0,0.139
YusxDOUVzUM,0.137
hdkXL55lBpA,0.135
vzyZn2SSgMo,0.135
qn2wS6pLgCE,0.134
SDaiNPvX5R8,0.134
9PKX0oCSYoc,0.134
ls1koNTN0R4,0.132
DecxF1zQUdc,0.131
4Ftyegg3M-0,0.130
Y_Bc30jY8Qo,0.126
b0f3M2BG5ec,0.124
HFgOZanEzp0,0.123
B-yxNkiF-N0,0.122
d6PsjGdMN4g,0.119
OVOS2bmoj7Q,0.116
C5TQ9zKzrr4,0.115
7aJK4d5DGaA,0.115
Dg5ICVwPjns,0.112
9MR7k2KwLJg,0.111
-tHXihZbQk8,0.110
4WQouWU9XXE,0.110
PxCAWx7yw3g,0.109
NwKxtI3X5PQ,0.102
kk-_DDgoXfk,0.101
eemzO_VOmVo,0.101
ariTM_A5g4k,0.100
wUmppwYrNjc,0.098
PcKm_xRxMVs,0.087