SvKfxGHevFw,0.577
Gn8EdoCwtys,0.573
i_DDXyoe28M,0.569
D2XDKz7woRA,0.568
lxCvFalpouE,0.564
fJx65x3GInQ,0.560
eGqjEzIJEMY,0.559
IH7nfHbfHBY,0.558
mSb2aq2-U6c,0.558
GqIj_81O5IU,0.558
_WKR1rFzFrc,0.552
D9dZpfososc,0.552
a1Y47RqlWkY,0.551
jX-wd13HKp8,0.550
QPkErrPT9o8,0.549
5w-EWpImXYA,0.549
xlgSN_pPKPg,0.548
ROLE9p-k7lw,0.547
Kld8iY74oYk,0.547
AQOZQEbrUjs,0.546
XF-4NSyTec0,0.545
1er9uLIK8L8,0.545
gO8fAQsH2V8,0.543
dluDTRxVgJk,0.543
XXj0ie7pKio,0.543
DTAwFnNUdZY,0.543
SsTLiOb5hVM,0.542
RvbvuKk0bUE,0.542
EfrxZo499hk,0.542
6QPhdjkGStg,0.540
AgfA11oI2Pc,0.540
ETIUK15L2l0,0.540
WtPvFaA1fXk,0.539
OSGvJIWmWl4,0.539
2HG3vWdmvBk,0.539
v43vQ0AMwZ4,0.539
RK3l73lp7S0,0.538
GqY5HUN7mOE,0.538
5a0gwLxTBOE,0.538
PpDp9jA_nUs,0.537
LjFOIjjmJ9Q,0.537
v0yNieYk0lY,0.537
dDxBF26KE78,0.537
3vhXrLyH9ak,0.536
xROb6AJtaE0,0.536
3LPb-rBG_dE,0.536
SolmHc7BGBY,0.535
ewEM7H4Fh24,0.535
70L7zjW04LI,0.535
zZWVH1EwB5E,0.534
ID9IOVqLWi0,0.534
Sar_dit78Us,0.534
3ucDolsrSYc,0.534
miro6vOCjBw,0.534
pE04mssXOmw,0.534
MKjXLk8PJUI,0.533
CoUYP8IQUfg,0.532
XIdpBimDhc4,0.532
-NMa6_fE9aE,0.532
17W_dBxVj7Y,0.532
wiz9TzYPhVs,0.531
MqEwiveyJAQ,0.531
AJJ-iQkbRNE,0.531
_XF6jd-ehPY,0.531
6mUG6GyqYEw,0.530
Cw10Zeyd9Ds,0.530
MxA6k-YLzWc,0.530
EYeUUG4dhEU,0.529
R_uGZS-6WhY,0.528
9-mgRx9RSLA,0.528
0sl2pJzbvWE,0.528
ylgO7YPgC7c,0.528
uQhEgguvF7o,0.526
AiAWVlaT-lI,0.526
bOZ5qUvhjmc,0.526
EV9ESCWgD_A,0.526
3DQxj0EoN1M,0.526
7J03iHeg-xo,0.525
ERVh8iCUg1g,0.525
EsvctqR6sjk,0.524
KWNzxkNXfsU,0.524
s7MJJ92nWNc,0.524
Vspdvel77e0,0.524
6L6-BkHvQQA,0.523
bqwIGQkecoc,0.523
_GOzVRBqO5c,0.523
WzN_RYMExEw,0.523
TnrwGvZNFOs,0.523
u6SgJJ9eygo,0.522
4qGUes1r4zU,0.522
lskA3NAODYM,0.521
jHOzfcW7iAE,0.521
PcwrwNSf6rQ,0.521
VAri6waCQj0,0.521
IPeQYHKcav0,0.520
0wKfU6wVBeY,0.520
QQPUka0qivs,0.520
bf9MfSwtjqk,0.520
cZ0x9cF6B-Q,0.520
4ZOmxPeh2J0,0.520
F6DesqINoRs,0.519
5X8KBX-LtAs,0.519
uis9zy-xumU,0.519
hwyNyKqg5q8,0.518
vJreFg5TkYk,0.518
z_4xEmVahQo,0.518
OMFswjmxXDc,0.517
_zHZPn804dA,0.516
f3NgUOUDjYE,0.516
-I0P3wqFIqg,0.516
g7CdENmNIrs,0.515
wYL3bSnW82I,0.515
oosgyROkl6Y,0.515
HC1o8HldTLs,0.515
OQ-Qac7dD2g,0.515
r3-3DVplKds,0.515
tkLZC9IKRYo,0.515
E54-7cuc6ig,0.514
kSp24JVZJUY,0.514
A17K9QjC2EY,0.514
MX6QI92jrfE,0.514
Nk4EIrcPu74,0.514
HfoFHnnfw8Y,0.514
-8HR3OKj3Io,0.514
qc2_FUa83j4,0.514
dRlPG-9Y9aw,0.513
dWFt2HmtMss,0.513
qEbpjlHB7R0,0.513
czoVvtYaFUE,0.513
8dHNmfLJeR8,0.513
u3B-xHFpHF4,0.513
JZbffAUAh-s,0.512
azozM2D9Mws,0.512
UcAmJavJLAQ,0.512
K0DOqOk-b0c,0.512
UPyvaCNF62A,0.512
MMf9i3PwDzQ,0.512
_DJF6EhUDi4,0.512
CzoFE1TOjnU,0.511
xRuHTJ0nLlA,0.510
MH2ftBUl0cc,0.510
8oh5HlBlRfg,0.510
ulxxsfVM0sk,0.510
Y8g4qr2I8ys,0.509
VR1Xfx1_GFY,0.509
x5E_JtEFwuA,0.508
DRyo120oneI,0.508
zjgk-gMivOA,0.508
lq9UkFrLkrU,0.507
8tnwagptAAg,0.507
Wgul1bM5poY,0.507
TYooP_PukrI,0.506
E5lS-k0qR6w,0.506
CcupO4e9CJg,0.506
6WHT7JWqSrg,0.506
_Kjdzdqb4qQ,0.506
8cKpmN8BtbE,0.506
tB1UElR-yWc,0.506
_h1u5Wg3DHs,0.505
v0zpQ7khBNA,0.505
Ur5uAHu9KM4,0.505
6CEEnA7Imz0,0.505
pGcKts7CCA8,0.505
7myGgsJL-Zw,0.505
R0BeY7tw4tk,0.505
pjsz2_kHsDo,0.505
fxPI7wASdBQ,0.505
hS2cP9CPMXg,0.504
3F3l_rPjGBk,0.503
z_ZESi-A8XU,0.503
03f7ifpQIuE,0.503
yzE-6I7wal4,0.503
bD_psaoHEls,0.502
KLJVJtXuPvg,0.502
GnA_DYmSkKM,0.502
ksTHpRsdUp4,0.502
88Z0u7c5yPA,0.501
DVWPsJgZYCk,0.501
t5sGSqe5PAo,0.501
MWoR-wbbcxQ,0.500
qKgVeoWB7oo,0.500
MngKSfq-xjY,0.500
wlQWBOaaYL4,0.500
8n9WXvrltfw,0.500
DOq3NfMc4U8,0.500
w4ty8viXIvc,0.500
q_6ij16OODA,0.499
u507ztx5iw0,0.499
jGDfeIDJLMI,0.499
AfedPsf9r7U,0.499
rER8Haa0H5s,0.499
rluHxypexPQ,0.498
pnKWqXrSOu4,0.498
V6IcyaCPcAM,0.498
VZhY1rxTtQw,0.498
mIz5ufqRUDs,0.498
SKZJJTedKrY,0.498
OnZNBkpS5VM,0.498
7gHqYaYDsSY,0.498
Y_iz16sa-cg,0.497
pPG3tQXlhCM,0.497
J1_QDOcwo2w,0.497
l82gRH0ROQ0,0.497
aTZBzLdnXeo,0.496
j-i0OfWINBU,0.496
onCnn3-jKkY,0.496
MYO-61vYvMs,0.496
GeGgUgYqB_4,0.496
4VU2ylt5cTM,0.496
B9hn6kiZ7uI,0.496
loPukLaTwH4,0.496
uMi75YHHX-E,0.496
j-ixRWlzE_U,0.496
r4yT2Qit4Wc,0.495
fSetDVDjFb4,0.495
amRsqiNCEJU,0.495
8UoMcN6yTC0,0.494
VU_PZqOxmJ0,0.494
I6gKpWdgOSY,0.494
sH8irtEph58,0.494
r-zjFbCqz-s,0.493
JXmMJl-aVq0,0.493
P72uGz4LHdo,0.493
9ixq5KkltVY,0.492
vsWRBcSR4wg,0.492
qyDhN3G4f-Q,0.492
3iEVt278TU4,0.492
qGbgPSbjp5I,0.492
oUWF2M1-I-g,0.492
ICEtxAvD4YM,0.492
a9Wi2ELcWHw,0.491
toQukMyD9JI,0.491
kcPRa5CU8hA,0.491
jVroXbj-c58,0.491
nHJVeigRYDU,0.491
JFEC1w3u7Mo,0.491
FDDIIq3ZSF4,0.491
2wLuTshD2xE,0.491
Xb7_GbviZdQ,0.491
AbBbzw6E5Ms,0.491
JkZojOnTV_Q,0.491
PL5XcWmw8bM,0.490
dsX_xPXNCqs,0.490
7g2BKkRcdHk,0.490
SYUBae45iLI,0.490
cPebZBJgQkk,0.490
SL6Za-1afwA,0.490
zHFj4A2EGKg,0.490
-rX22cUzLv0,0.490
vJS-sDahdkE,0.489
GAgI6GmNU9A,0.489
1txJT1y9CeQ,0.489
7adkBM-VKhc,0.488
pmtGNybUxaw,0.487
o2etvQjD7_s,0.487
2_fo-DeCasQ,0.486
MF5cvdmq4ZU,0.486
SJLHkVY4ZHg,0.486
vapGUIbA9GU,0.486
nmWPiNTjZnE,0.485
WDb85KkMl7E,0.485
be8xvW7OXC0,0.485
q0Evf1uHHkg,0.485
UbX6DyA73-M,0.485
1My-zjDnwFo,0.485
Xgd_TuwVgSQ,0.484
6a64Kk4bo-0,0.484
95mcC_YcNFE,0.484
LAOQlgSwAs8,0.484
pyi4u-pX2IQ,0.483
qn-ClCGhH64,0.483
u_JCek952JQ,0.483
IDaT35Mxsjc,0.483
MMP7EOwF9hI,0.483
hEB07Q3Gt6k,0.483
sjYZ4amkdr4,0.483
sLJT0SmOVd0,0.482
NFKOkvXa_CE,0.482
jqbY7PqGYIo,0.482
M-WnTv1NYdA,0.482
0m7IOS9slH8,0.482
KnnENR-vvQk,0.482
Je2sqpb-Uyw,0.482
q66pc-Z255w,0.482
VbkJ9tfJN6o,0.481
NcFKpcneEXk,0.481
t9YDx78-eAE,0.481
X8ZWxSr5Bak,0.480
7avtNkUzmq0,0.480
brUjgEGkGDY,0.480
NUgeiJ0Xo64,0.480
X-pQxAc38-o,0.479
cKjaEP6LsaE,0.479
fG5RF8uz64w,0.479
JpiB7ct2I5E,0.479
qlbI2O2kiUA,0.478
RawZexE30AI,0.478
k58OySqGsgA,0.478
zvSY9DFYILo,0.478
Pu4bkQQ-b34,0.478
UwNvXOw1ydk,0.477
8le-hYt7EmU,0.477
tPGzZ-SkMJE,0.477
jJZsy-Y3c5M,0.477
iJ4sdYLHraM,0.477
POVstmyuQUs,0.477
7kECIEhLowQ,0.476
_EUDDIET-1Q,0.476
GwKs1U5eRqM,0.476
Cc7FyLC0zf4,0.476
QKQ7Ekgd4K8,0.476
IH4XbIdtMMs,0.476
1_KCs6W4iNA,0.476
on7BRMxznxo,0.476
_FASr4MAq00,0.476
DwXPJSWjffw,0.475
zrMs0TQNDoQ,0.475
n2EIK9UFO0E,0.475
g94k3RvUcQw,0.475
TdIGVpYi3Nk,0.474
tq3QDKCquhc,0.474
Z4DUMtBIPyY,0.474
U1BbahPn6-Y,0.474
3wCZyUpXf1g,0.474
9WN7MKl5U0Y,0.474
Umy6dt1-3lA,0.474
PCDZHvTzDvU,0.473
y9P6NoB426Y,0.473
87QXnUilc3A,0.473
vbd8QJnhGQc,0.472
99xmDErz2yc,0.472
EyTfsNCBWWA,0.471
SklR9KQgZaI,0.471
3o5TKzk-rcE,0.471
y4qNb1gmxQc,0.471
eNL5XN_VmVQ,0.471
AqYBy0CED8w,0.470
2K4AWhvhtDk,0.470
mIi0uVYPDA0,0.470
eqcy6-dwh00,0.470
Oa5rek3CkP0,0.470
GbLT5zclKjo,0.469
JQ39Ur8tj5c,0.469
m5u-FXdNtao,0.469
CHamN9peF_Y,0.468
VagckI6w9OI,0.468
lZ-MJAqmEoc,0.468
JExdYxlWdzA,0.467
pySncQCYmpg,0.467
_0_gS7S9-4Y,0.467
n3cALtHRyMg,0.467
rAsf2h6y8hU,0.467
QsJbC8toDm0,0.467
ouRvU9ntZhk,0.467
36IjqXClOz8,0.467
_CxciGDO6Is,0.466
nY179NQ5hOg,0.466
BenasXdpw4M,0.466
4xatE6JSKSU,0.466
3hkZ9alEk5I,0.466
58jHVAUXADI,0.465
sTfq4E1_rhA,0.465
6XTic1DJMD8,0.465
EQiiL2Cq83w,0.465
h-iVlUeevZ4,0.464
Z-Oqr3KfAXM,0.464
NpHJpZK5GKc,0.464
KnFE3PUsi9w,0.464
7_Z8Zqe-Nlw,0.464
Z6LqM0oGj64,0.464
WWprZBP3d1w,0.463
MKHZyDZdZDE,0.463
TsLS8GacpSE,0.463
ufOUVb9APaM,0.463
cKZM5J5W31w,0.463
G-t8Wx6Lt04,0.463
e5LOkGUNGGU,0.463
IFngDSQPSxo,0.462
qEY9vYa5dF4,0.462
2wjTg7ebUA8,0.462
8vtirs-KVlw,0.461
7ZgaBDdTzaE,0.461
5RnEPj5FTyM,0.461
X3Dv7jJePwY,0.461
1I0jymOZW5k,0.461
MiB-ok4RWN0,0.461
rHnh3PLLxgY,0.461
4kLr4gm_5PU,0.461
4Ia5AvONKVA,0.461
Hyre0xrm0EY,0.461
9YaZV56WmkA,0.460
AxEYSdMYwzY,0.460
1olG_JQzvuo,0.460
cBFFzKRkMZo,0.459
RZvpA0rBla0,0.459
OfL9gsKlfac,0.459
0VPl2bF2pas,0.459
kYF1CxhLmf4,0.459
2o1o6mxediU,0.459
5blCaT2SInY,0.459
z_M22wUrOQQ,0.458
kbVoEzfFYVQ,0.458
CoAV27R5yAw,0.457
klqPso8pi2U,0.457
bd8eusNMq4k,0.457
71uJxhJ9y5s,0.457
_9eebuELDE0,0.457
8fIRyuVrt-Q,0.457
ZktWChYrXjg,0.456
MyCXAzAfwkY,0.456
bfWTqDCwFSc,0.456
wupFDNB38Tw,0.456
SUDOvsoj5bA,0.456
LDVxKqM1iGk,0.456
Hz2XbmO-27k,0.456
iSoNZmY4Rk0,0.456
5P5SxvJ0eEg,0.456
c1sN1FY3zaY,0.456
cV8nbPDG3vE,0.455
T3BGMwZiIE8,0.455
PMXi28Q7oEc,0.455
kRPiIZpvbvM,0.455
N-MnaoxOq_U,0.455
Q_DkTnKJPIM,0.455
k_krVQmSmII,0.455
ZCrC99VsoVI,0.455
gp-AV5trKQs,0.454
sCYLutb73ZM,0.454
gzaH2_Gw1dQ,0.454
PNqjta_VOeY,0.454
ac2QoqZ374U,0.454
UWUZlsDI8Qc,0.454
WCCD9h6j7PE,0.453
rb0RlpxRxR8,0.453
fnTvCv841Ws,0.453
2w5ycFhcF_o,0.452
r6ANym12f7E,0.452
8OAeivm9YZY,0.452
45YUO0sLQYI,0.452
GViaOUTC3rY,0.452
5RGARZsWhfY,0.451
t5iNKWHosjI,0.451
mwYjS50737s,0.451
0f076mcb1U8,0.450
V2K65ekGMhQ,0.450
_VsoWy91PGM,0.450
7lt0oA6IwoI,0.449
aT9muXZacak,0.449
wkeG2XyiiRg,0.449
hhz6gymNDt4,0.449
2gU_K4FrxAQ,0.448
4lBSV1-yCyY,0.448
GqwUfjtPRn4,0.448
m0kWi246gGc,0.448
7dc1P7SJDOs,0.448
tQi_4D0dln4,0.448
5lVfJrShaRE,0.448
SC1czvq4b28,0.448
6rBXWhZqKxA,0.448
dzu6E19sXSg,0.447
D1dQ0h-X5YU,0.447
9kXDkFBZeb0,0.447
YW1ilDaHICs,0.447
MoE8Qh8GAh8,0.447
DgoJ5xOWrhI,0.446
NeL1qZOz1JM,0.446
GkknwAe-0rI,0.446
eFC-MH5wyXI,0.446
Wx7zWTusgFs,0.446
nCtk4FO3Xak,0.445
4UwvmURWTtw,0.445
pkf-5sVpXfA,0.445
E0yL861nQG4,0.445
1FyVpvH3NYo,0.444
qKuwASzBV3Y,0.444
VxjekNlqppI,0.444
O6SgoYK_gQ4,0.444
tVhFUQZjd74,0.444
d4dxeCUkTk8,0.444
Mys-1yfBFKc,0.443
UxnnWlE85u4,0.443
KRZqQcxybsQ,0.443
7B6gj1kWcvw,0.443
pELWlvNUN6o,0.442
2EM0wvKAb24,0.442
t_CArrU26L4,0.441
_YqMudBBzxY,0.441
hEor23pJuOI,0.441
Y38SmpZhpXc,0.440
MD0Qc82VX9I,0.439
mDPkIqKKhtE,0.439
ImkCImGKbIQ,0.438
KEEu-rtwT5w,0.438
KuH8Fear0a4,0.437
tuajY0zfRPc,0.437
3cIILPq8lRo,0.437
b7bOrC0Ws9Q,0.437
Jvv-E6Cohro,0.437
LT8TmD6Oc2s,0.435
gx_dRaLUFdY,0.435
KeITryUqeN4,0.435
a5bOtrGD8YI,0.435
M4C-KeWA2Rg,0.435
PIULYd5hQQM,0.435
baDFB0OihlQ,0.435
PD9Ii-FHbLA,0.434
5-IASdwNKrU,0.434
QUEoPxUbSYI,0.434
kqdwSpwNki4,0.434
wXOnAfPNxJQ,0.433
6FF5fbxAn84,0.433
FrzHQuAZATo,0.433
E5hDFVrXhPQ,0.433
QOnfuh9Z9g4,0.433
_NdAnC-Rmps,0.432
T_b2C2_AJmo,0.432
xC7Dgu0-b_Y,0.432
_SJFaCwUTBs,0.432
4SVbo8u6lOY,0.430
AKsYGTgGEbw,0.430
fafO1JWbwHs,0.430
rmzkpmk96DY,0.430
I4b1a0OdHvo,0.429
GUVGdlvWjdc,0.428
V7OeOBwb7OE,0.428
LvJkuF1fKec,0.428
hIXqhb7d4ZI,0.428
YHrvFa3IWwI,0.428
lSuQFim21jA,0.428
g27rh2n1tOE,0.428
xKeXNgg9lmM,0.428
JW09a4Sy8bA,0.427
13WUP3tzSR8,0.427
Mar90PQLn20,0.427
xHisYCzswpA,0.427
79GMmJJhxnQ,0.426
XRWwK8-pJEo,0.426
rT2d4Be5sLU,0.426
M52luUWHRZw,0.425
LtYAkv07Z1w,0.425
QIT19U-3RWM,0.425
1NmWdE1Ayfw,0.424
6mKQFBzx-n4,0.424
FIbSc7t3VQM,0.423
Ua9V9OXOm-k,0.423
RqWiey5v0eo,0.423
wF8PKExyJKY,0.423
qC86_vlOVNo,0.423
PZ1vdJ-VOVI,0.423
HwcnpjhnTp8,0.423
WhUN-rZhcP8,0.422
VogPFes8pvA,0.422
7VbLbPzqJew,0.422
BfRjH_GM-EM,0.421
k134TNm4Bx8,0.421
530ZznUn2G0,0.421
_7gA4C_Sot8,0.421
c9Uh7agAc-4,0.421
qsy6gpnlWRk,0.420
3Ah-veqDLMg,0.420
iZo9xoqrqNw,0.420
-2-o38MXzus,0.420
xLXuz6P9AtA,0.420
iViP8a7IMf0,0.420
wURCHFz4Fko,0.419
3jJBcB4pXlg,0.419
FhMwfUBO2uo,0.418
VzJK3c3m1Ls,0.418
PPpz9Uk5qn0,0.418
88rp6xA3Pzc,0.418
G2g6x-0-6So,0.417
7xJZhV0qL3c,0.417
PxSw--hLGmI,0.417
xbqOSb5tEYA,0.417
A17cqVX7Usk,0.417
33xjZju4XGk,0.416
dbyh83VGeKA,0.416
rJVZ2bsxpd0,0.416
2lnIaPl13Rc,0.416
4ABoVof3XyU,0.415
0dFigbAVM14,0.415
ExCZ5TyqN4I,0.415
oo_nEBCKOUs,0.415
4J8i332i1NU,0.415
ysJlBG4xlHQ,0.414
h54LwL3TddQ,0.414
SGhev2vhZcg,0.414
bxH9tL78r6g,0.413
9rjHFcyBXIA,0.413
jm5GeytvqF4,0.413
Ft6-kdSY2Mc,0.413
oL_YrgTg2tI,0.413
alCYpGDpyi4,0.413
wcqBCIpD3u4,0.412
kiwry-6m6xo,0.412
OZxHri5-P4g,0.412
P20S7hTmcJM,0.412
EN6St4gXuvQ,0.411
Jm0OaHcmixE,0.411
KhhvpsI8FcM,0.411
9BVFrwQ1bEI,0.411
kUI5ihoHnOc,0.410
0jNj63RH15g,0.410
xlT5FMqNs5s,0.410
PDdOot6bzdM,0.410
FGN5Z5pwVDc,0.410
_sjqEkcFRHE,0.409
wtDbQUm9XeI,0.409
edVO58SKeQ8,0.409
n5-owip_SoE,0.409
QBN7I-gH8-w,0.408
eCccKdRa_lI,0.408
WVJSuyYEAU8,0.408
_D01DFMkqCg,0.408
4A4KE6dZN_8,0.408
8z-jJihY4CM,0.407
2Xq9kV068j0,0.407
eLJNe5zj8aI,0.407
gyw_apkaA6g,0.406
BCftUTz3Noc,0.406
uPfeyUfuHec,0.406
IXm4EPXhpZk,0.406
vCQIvUCyEs8,0.406
MDGJ6HXgTZ0,0.405
GaEoY7C0CNU,0.405
IwXQtXzSrcU,0.405
p0UO3K1Ryik,0.404
7f-DtONd58g,0.404
OXZJzkd5IPg,0.404
IVGBPfBFQ0U,0.404
Vbqdg-P3mHY,0.404
h-iOUU1aFoQ,0.403
2b7KIczP2G4,0.403
RKDwIu34Fy8,0.403
N27RXYCqgOA,0.402
2L49dbrgzBc,0.402
YqLG4DbvF1I,0.402
hKv6fomDMp4,0.401
rOjh1sB1xHU,0.401
DGdqSM1MU3c,0.401
KVsCpvQh_Ok,0.400
zaxZ_SEraEQ,0.399
dLYpLtxBZ_g,0.398
38mT0WmuHNw,0.398
WAH5RvparxU,0.398
-TPR4q3LhEU,0.398
v-v5TDlET_c,0.398
HGzlcQx_Lpw,0.397
fBz8Fnma9pE,0.397
eyC8v7JWbkk,0.397
TDHtA97CUng,0.397
XWwqpxYz_x8,0.397
0aQm9thXEeQ,0.396
uxRpxtbu7_c,0.396
PirbiGwNe9A,0.396
JNcoYLVFCKg,0.396
xdrGLGBys9s,0.396
UKU62OMC3DM,0.395
P_r8FM5GY4I,0.395
3vYWQAATonk,0.395
Snt5twdBWt8,0.394
5ejuNlHP7Yc,0.394
FbeVq02FT3w,0.394
YZUCIvqIf2k,0.393
D1hRq03UWQs,0.393
ZsgDpjwUbMo,0.393
Iy-DHxqmYUQ,0.392
QAJAhuQq18c,0.392
F8P5wKMyKAQ,0.392
Ico8Pk67ncM,0.392
kYUoCnwyTRY,0.391
yiHKnzG5ilo,0.391
xVDPLrdINSE,0.391
GClp0dzuL9w,0.390
O1E5qHQlH5s,0.390
5KzVXkbe9wg,0.390
UFImYCu-BSQ,0.390
bvspI13s9Ys,0.390
UBxd6z-YkzE,0.389
6RCYYtEZLpM,0.389
LfveHd6b1DU,0.388
5-LWnXekL04,0.388
_aGHUC0oqpk,0.388
ealhYWcVywU,0.387
6vi6Qb4RDaA,0.387
y6bMxgd_Su0,0.386
avtUHsLGtS0,0.385
z1Cp1P0KqJ0,0.385
jctE35OZ7Ak,0.385
DJn4QYcVZtk,0.384
xffMZNSvLlk,0.384
3-amWomlUPQ,0.384
ALXLzn6QtaA,0.384
A6ecOhS8Vxc,0.383
0jpT5rfUPjU,0.383
xZsxqGJPqbg,0.383
Tq5E5q4cvys,0.383
sTjlkEC54Yc,0.382
WT1gTyliyCM,0.382
C-5q0iu_RWI,0.382
LCPwMuQP3rE,0.382
ss575T-OG1I,0.382
8RoL6dHG9vA,0.382
idSLMb3MG2A,0.380
flgI6KUHLME,0.380
facJX4HhGMg,0.379
l6BgFnUj-ng,0.378
bnzYTI_IEKk,0.378
JfoxdEEZzNs,0.378
fey88dejQ8s,0.378
ag1ITTKvUOo,0.377
_-vnsA0Giws,0.376
h6qWCvDKe7A,0.375
a-HDfmS_LgQ,0.375
AB3hT17W3JI,0.374
_YzSU6n8Fbc,0.374
ysAYKNO1VjU,0.374
EtQjwKUNCVA,0.373
1nnDfd7EiCE,0.373
LwtMuBEeE0s,0.373
1CmBwtJHpVA,0.372
TFTfn7CYI0g,0.372
_U8KcHkE0-c,0.371
fYyorWtyb10,0.370
hB-eHHWJx-M,0.370
CyswlhUwDQY,0.370
2SBRtNTpupM,0.370
vebHFjD2o3Q,0.370
yGMzV2uKgKU,0.369
1W9r1EDeP9g,0.368
19IEv4z5BHQ,0.368
W5PmSrP0XCU,0.366
o785fZU8wPs,0.366
9EcqYh9VzJ4,0.365
aidwf8sViyI,0.365
_nonUtZj7sE,0.364
4ByWYiafdb4,0.363
rC5nY5CbwqE,0.363
nVdkIcttnYk,0.363
PA4mDCUE6tk,0.362
eNTWuitXt3o,0.362
Zjf1n9ApP8o,0.362
bQ1Fo4O_x_I,0.362
XFh7B2AxAHY,0.362
mchjZmOwixI,0.361
qCil9on-wOQ,0.361
gABYJqXcSNs,0.361
PWAkI-miXA8,0.361
Vgu-_CpNjX4,0.360
RmcM7fF48l8,0.360
kXGJISlRPSs,0.359
bT2Srfaw41s,0.359
mtgMGKUCTQ8,0.358
HQg4kT5zMxU,0.358
3NRg39J8rbw,0.357
R_wlvtNuQKw,0.357
TX36r3E3Zl8,0.353
VxA8LwIeMzA,0.353
oinurNTin1g,0.353
SPFboekXQ2o,0.350
fxsN-ET2XGo,0.350
kRTZJC_OYb0,0.350
3UBRZ43JL2o,0.349
L4oxO_gAvs0,0.348
9G4rlHYnNDo,0.347
7RHMO7Cwl-s,0.347
n5zHr2LbQuw,0.347
KCw4m0kFbtQ,0.347
ANYF1tk7M40,0.346
N-qO5OTyu80,0.344
iGakXat5IGY,0.344
21Ldn9xP8uA,0.344
Gv0JHzH5imk,0.343
CzQb47j-MrM,0.343
3ogddPcfSvY,0.342
EmgJfQa48fU,0.342
vRdUXb9dpvw,0.341
XrJbBBtRx88,0.341
g57UmO_kyD4,0.341
2g4bku2we_k,0.340
MOT0jKOZ7Xk,0.340
r4ziqtCdTU8,0.340
cUmeMZfOLa4,0.339
D0-ueUotQio,0.338
KwuSx2nQBkw,0.338
5ihfil306IU,0.337
4fpZ7TqA_uE,0.337
hKkyD2Srgcg,0.336
XWZLiMuKMBc,0.336
GvFb92id_7I,0.336
zqPL5d3cGGY,0.335
ZrgT3lJy6rc,0.335
xzSFomeg4cQ,0.334
l7qvdnjgWfk,0.334
GLQNF58ZVvs,0.333
aKAfRXSgsI4,0.332
fRvGudC7wa4,0.332
LSFXns-0Mzs,0.331
NvzRvMliqYc,0.330
0wcCx7wUqak,0.329
LE9UC0axIt0,0.329
7AbdpnwwY88,0.329
0pQ-ZjLzSPY,0.329
OTwUIqQsySI,0.328
e5WZ8TKROlI,0.328
vH3Tfz4N2qc,0.327
PAHmLc1Xvho,0.326
Q0NfiYSwSeE,0.326
rUmPOcG9K_c,0.325
EzX4OECiRS4,0.325
OfOZhwwFkvc,0.324
X1pTsy5yWpI,0.324
4jetFyzGcLU,0.321
UMatVWYCZaE,0.317
8zag8l7NalM,0.316
hV4C4VM5NCU,0.316
qRK_5s6u1To,0.316
phKI4A7yZE0,0.314
_nlBY1i4ZIc,0.312
xwKiu4XHhx0,0.310
ecwbRRZlZYc,0.309
TQXg_jcccig,0.309
2OW9JdoF1dw,0.309
7AN5QPFSa8w,0.308
3mk6I8KPuVg,0.308
YFKzrmprCmo,0.307
x5EZj7KrDXY,0.307
YqE14XoxyE4,0.306
eQAshkBFV4A,0.305
BlRRcu88BX8,0.305
3tJddcqVv9A,0.304
0I7RLyb8Vws,0.304
K6yEsNJRzq4,0.303
L4cuExugYcM,0.303
a1kNhHpFTzY,0.303
kXI06Ypu-ZM,0.302
jK5KoIKaOPE,0.301
a7yQyZod9Yw,0.300
VYYo0aTOy1w,0.299
_FTWUSuMK2k,0.299
c-BPqUMbM60,0.298
jNxQvknzYPw,0.297
jH14gMELp0c,0.297
y0WP0qszIIg,0.297
vT70EMywZKo,0.297
zrMjot96KgU,0.296
u6_V3nOuD1U,0.294
VA9CPv6V9RI,0.293
zCa9hq7C2NY,0.292
SKzkw-g2VkI,0.292
VIdvqb2xk4A,0.292
6iyN7lwG3Lo,0.289
HBhJ9ffeggI,0.288
FbuGE8R1VRQ,0.285
yl5-2Jj31ac,0.284
flALXmK5tKY,0.283
i3YDxjbvlbk,0.283
6mBXyftabT8,0.281
loyjIdGbAAc,0.281
ZHnjonO6-k8,0.281
rYHr1bM44Bw,0.281
37RBkRO6Ad0,0.280
3_6GnrMNuao,0.279
VSANNkxWlQk,0.278
zMNZVwxOEiI,0.277
-nvSVhddB8s,0.274
EA-lNs0aLoM,0.273
QPI0LqP6VMQ,0.272
TFr6dKmhMt4,0.272
0ADO6iWj9DQ,0.272
KUFAXfyQo6s,0.272
XH4RDyPU6fA,0.272
ZCXU5W9lxEU,0.271
5pRE_DWExGo,0.267
1SW4JnRsVOE,0.266
w0U9wZISV-4,0.266
Kb-pzp8hxkQ,0.265
Gs-fm6KzraM,0.263
z70r1yWynXo,0.261
yGz-3faPZYE,0.261
5lnyd3_zKN4,0.259
sW7eIctZCd0,0.257
PvzSpkJuq0A,0.256
oSXIuL7XQrk,0.255
2ARq3vGxlUo,0.254
j1STOO9BDXo,0.254
o_XabXTPvis,0.253
-q6BqnPyKpQ,0.250
uipIRgMD87I,0.248
JBLE24uTNdo,0.247
AXtLFg13fS8,0.246
740yLSbKp8s,0.246
-vE5IDar0y0,0.244
5_sYFx7zuOY,0.244
tuEtuKYqJX0,0.242
9wuPPxZbLcU,0.241
2TVXBGrsJuc,0.231
1EPqki7Rdx8,0.231
2bwCrNHaGso,0.228
nhKRrmCi8As,0.227
GF_MaOxo1s0,0.227
4YTLiA_R41g,0.227
HxWN9EHXyjQ,0.222
jiAJ020Z6lE,0.221
d7JJElv2ovc,0.220
2sDllcVqwRQ,0.219
GDsS4MbLkdU,0.218
uWvtLDCzEhg,0.214
YufkXKq85Ds,0.211
QqbULh-RKec,0.210
uJe4ByBbAoY,0.210
5MX5i-tAIVA,0.208
1fARVfcjaSk,0.208
KM6LRgcGC8I,0.205
7qi1LZKBOsE,0.205
Pfpr-ekt8vA,0.197
_rx3EHkHodQ,0.195
SVhpVj4_6rc,0.194
EIU1TVN2z8k,0.193
GsuvUUzGJd4,0.193
hm9ePPwdvg8,0.193
Ncdkf8kqOfY,0.190
PhcMtmC5wPk,0.188
OHkfZWFz_5s,0.185
8emd-y_2TG0,0.183
sJ4ixbwB6VM,0.182
QHHT-BThhcw,0.180
0Z1881SPOEg,0.175
Ct6BUPvE2sM,0.173
S8x8hGVehyc,0.173
j78y2kzuXLY,0.172
JNJsx2NXxMg,0.172
9BJIERy_VUA,0.168
BK3MSK1hYj0,0.162
0yoV-uw30nE,0.159
6mWYs5W5h_8,0.152
sqjhfQmK0EQ,0.138
6S6wamtwx8k,0.128