TeaKGNA5-NA,0.550
L-s6PAUKpPE,0.538
7yyP7RsppDg,0.535
CL2AT5_4-uI,0.535
OgUUc_1yZ9w,0.531
0RmxDFuQIqs,0.530
tpOY3o20Qr4,0.528
9wUfT2fRiOY,0.525
iC0zmS01PW4,0.524
EMsbFx10y_c,0.523
-nG4MDvNceI,0.523
8sNu2ibLJj4,0.523
VEgFX1mevow,0.521
TR2LCYCIgdo,0.521
AxVsFqeWFEQ,0.521
BCFoDfESF3Y,0.520
YplzrD-67Sw,0.519
CIVXrFs7rvc,0.518
79SUY9okM5k,0.518
sSzJWhdhDtg,0.518
RgtwgclU0A0,0.518
dklh4oKifVQ,0.516
l3-IqnM_uy0,0.514
pIBeLGLexWg,0.514
DJlRRLHPfr8,0.511
LY8ei-BF4i0,0.510
s9K0RhMd06U,0.509
UeAwyeUiUwU,0.509
9GVRm8K-iyc,0.509
9mQVblVMkWY,0.508
tYqdq4v1NRs,0.507
iNcb13uJpnw,0.507
ICX6QA9PMMo,0.505
r8mqnq6-D6s,0.504
0n1-s-a_1SY,0.504
LNuIjmEzPlc,0.503
WE9sGNkLEcI,0.503
75cGjP4aAtI,0.503
ZaXRdRDJd7U,0.503
Mr9AahXmqZw,0.502
ULVmsjeSZNs,0.502
EvX2aKVJE2A,0.502
zrimzhvQVp8,0.501
IcydoHSIrVk,0.501
eSODCRmgFRY,0.501
yNlPkOwMP_A,0.501
pwQAq7u-9WE,0.501
Som3EaRbOtc,0.500
_U9y2roP4vM,0.500
bB_u2fnXLhE,0.499
Bo1tBhVwraw,0.499
j3LIh6cIVm0,0.499
LhdveQQp-Q0,0.499
GtFRU1EGSz4,0.499
AZjsks70Kwk,0.499
iKnx636up-4,0.499
oCryzlWJhq4,0.498
vZWaotD5EUU,0.498
rF-iYtL0eUU,0.498
q3Ns9kT_BYA,0.498
eE8D-JF2sXk,0.497
u0acphliJg4,0.497
ah9cyDr0iOc,0.496
C06O7uvIyiE,0.496
Z4-o7utAQuc,0.496
cXpEmuapUNY,0.496
twg0RIkG-rM,0.495
TQaQ0YAlaH4,0.495
mBVhIIhJkJs,0.495
sT6ctlSkfoo,0.494
eomWPr_L5-c,0.494
sSvUs5YUQ_M,0.494
fbZSiO8aZ-k,0.494
KBs2CSEkfIE,0.494
MhRh-q1Q91Y,0.494
n2O22UQOfLE,0.493
gS9Y1sfptOQ,0.493
66RehzPTjsc,0.493
tIu6IJaXMhE,0.493
ibH2fyiGWLg,0.492
C0b6oUkqujk,0.492
9ZnJ47ltlhY,0.492
ulQnPRxkTqs,0.492
NIUc2FAbMdU,0.492
p5ZbYAjeED0,0.492
moaD22jhXo0,0.491
lhm8PYngkgg,0.491
rYAm5aXvy1Y,0.491
fpbblOZpV9Y,0.491
qDwOgbL-TIU,0.491
r7ISND90irw,0.490
8TDGswQSu7Q,0.490
H6aj4kKGFG0,0.490
5O_yUeY4lqA,0.490
hrozhYx_mQE,0.490
haDe6-yjFVQ,0.489
lxici4iOL18,0.489
zLSC82cEpOQ,0.489
sz9UyNZnaGE,0.489
yfton4EHako,0.489
7CeJ47Qs84k,0.488
dCiYbn2gaz8,0.488
kzE1oX8AgKg,0.488
FKLbf394etY,0.488
owPkJWa8K3w,0.487
E7Ap-g2j6T0,0.487
LeYcJDA4yC0,0.487
FiGNL1CnWlk,0.487
8wd5lqtyYaU,0.487
OR8Gmq9GPs8,0.487
asKPNTUTsd0,0.486
AdIRFwcA76g,0.486
bHHfmFdgPPM,0.486
jIUqsbPS7ao,0.486
kWpmdJQN0PY,0.486
ClwnRh7op3I,0.486
VRcSvUVPuTs,0.485
wLd9e5Hv7Nc,0.485
mOycE85q_24,0.484
doar5x8iJCE,0.484
BphBgVlrs7w,0.484
3g2di6iDtUU,0.484
DtijLf7gBpY,0.483
Qmjsu4DLU4M,0.483
-rGDknf0Hb0,0.483
rHhKugZfF_Y,0.483
TA5J-5TG3U0,0.483
BBqXqSSYe2A,0.482
vzTOMMVe7dE,0.482
lIks5L0kIEg,0.482
DYhXVmkLdl8,0.481
WcgwwatGXd8,0.481
5hiRjlho1Og,0.481
9916bvK_6bw,0.481
bUCVH4rnek4,0.480
LPKsTH64dh0,0.480
PcpYY5yWAIM,0.480
OJfxazUkQ84,0.480
0OAGLoB0SYk,0.480
dcd9nje0wUA,0.480
RLpdF9VPRzQ,0.480
wmlLp_FLdc8,0.479
CQVqDBJHZGY,0.479
6wCszlaxH10,0.479
qL7XGtx2xvU,0.479
rm7rh81LoHo,0.478
C3zIBhK-Rlk,0.478
GY0ltUnFcy4,0.478
Bqmo_pT0jJs,0.478
ipAHmXXOmgA,0.478
Dz2ePAwPqew,0.478
_-rrudlgmd0,0.478
sl1vCV50mac,0.477
yWOltV51Ovk,0.477
n2Pfm5iyHLs,0.477
J_fvCwOfcRo,0.477
lGP8lYBhzM8,0.476
uOlJ18p7bt0,0.476
EIqzeb7NGVQ,0.476
hG7dqed19w0,0.475
TAAXCARIl7M,0.475
MHs8-Ktmb60,0.475
WjTFpmP4DAE,0.474
pCoGgrKOs4A,0.474
0LF2Jn3GtZo,0.474
oSuPTfkZ9Q0,0.474
3ZfBCg5bfUE,0.474
dDp6XQF8CQM,0.474
QGkqzELDdc4,0.473
HYzA2gys_NI,0.473
GqGFCIH6VwM,0.473
eGP8SDU13Hk,0.473
OxgvedAyjXM,0.472
G6RdmyLAuJg,0.472
Xi7ooOt1IIc,0.472
UIAJ3HFW8Co,0.472
pD6oPhVzkCY,0.471
k1LWRBWO5to,0.471
wk0eHJiFuus,0.471
1CpzRuWfWAI,0.471
uYi7q3d0TXM,0.471
iUM5Tymq_3U,0.471
pmrxZtxNBO0,0.471
gnsGlTfkxxg,0.471
HToinNNWISU,0.471
kz4TElGD4b0,0.470
n1tSSUwUUcM,0.470
VUZjj9aT0E4,0.470
kPzk7r713aM,0.470
wBHv-tIgaus,0.470
ThqtsKctDIE,0.470
1sffYOXq4Iw,0.469
Ux2o_E3ZhB0,0.469
TEdKVdDbm-o,0.469
tQoBdEEDiCA,0.469
ICGzxruVJyA,0.468
lduLn41uI20,0.468
n_VFkf7mEI8,0.468
2iul0-e84yw,0.468
bJ0I6eG9D3E,0.468
4J3dftx07o0,0.468
lOTorz4GDwE,0.468
0Xe3Ahwc62A,0.468
lJTnudAn02M,0.467
SUgdKGPZzkw,0.467
pCI_orD4q3M,0.467
WDf0qQWh0XU,0.467
ziKzuONCwnA,0.467
3YUFtLdjd-4,0.467
cGDY6e8UwCY,0.467
QcxySkC79zQ,0.466
s9slZyHTKCw,0.466
i5ZWRViXO8c,0.466
wbrGffmGe_c,0.466
4krXTv9rhII,0.465
3cv0mYyJA8I,0.464
T3eivivOW1c,0.464
9jTUSLoyQfs,0.464
ptmqz9ASMyg,0.464
77R4rWtBIfc,0.463
ZAX-2UB8lDE,0.463
hgD9Udzxvr8,0.463
haBuhQUdd0k,0.463
3IhKjd9SVoU,0.463
hsteljy6H54,0.463
kg5JCKd-s4w,0.462
fvMb-soKe3I,0.462
LwhUi21kb1Q,0.462
qR05v8HRHKo,0.462
kvSGjXLocYo,0.462
Y-Uf3Eocbtg,0.462
Zn1TPDkESUg,0.462
uA26CGwAM-0,0.461
YtnzheRO17I,0.461
skJ3p79TZHE,0.461
k4Tu5rzk62A,0.460
JVEJ63DhoZc,0.460
tLuGzm_ZdFQ,0.460
c3p6dPGT73I,0.460
Sgjjdh1HCJs,0.460
JLH0ApYuJJ8,0.460
OCfiZS1gUnw,0.460
ltg4E2dG5YU,0.460
-E_O2PwZpCc,0.458
EPgZ3kR5RZo,0.458
a9dLcqS6eAg,0.458
-aFNHl_Kp04,0.457
t3yxVdb-ZaQ,0.457
00DCuXL20L8,0.457
gZMbc_WGlq8,0.457
Ge3o2xzYAkM,0.457
hZJ739iMYXI,0.457
UE_YsKijZzM,0.457
z2D5lQ_YbtM,0.456
NMQcYS5WvFE,0.456
e2mtz-uIG8E,0.456
ZHqwu6IuSEk,0.456
LOvq0mpqEhY,0.456
s9HBITvbUPQ,0.456
6tqnyHWj8YE,0.455
v6ppawCXLT4,0.455
-hvXhZC25Uk,0.454
PUSLe93r9O8,0.454
XfJqfOU-2-o,0.453
EJ2pvv-zmr4,0.453
y5KPZp2t52U,0.453
1cqCyMcV2A8,0.453
1czbBZ-CJfg,0.452
BYK6iQflKFk,0.452
I1UJZY1fzfc,0.452
3wbBviz_Ufo,0.452
5VPjWD2-HSM,0.451
RKyT90vdV7c,0.451
WQU28Exdmrw,0.451
tf9U6NrbjCE,0.451
EBav5d5exY0,0.451
Gr5O90FMaJw,0.450
w986DwJh8gY,0.450
OKUUKreVIKo,0.450
b7Vs4nI87b0,0.450
XzFB6bipBJ8,0.449
sqN8Isj77io,0.449
n9TvMvsBo-g,0.449
CWF8Qa3xQfM,0.449
9VMrdG885Bs,0.448
IQGYGTMPUrc,0.448
xB0g5H6OmTI,0.448
tqyz0AIfp70,0.448
6qHLW8HmBDo,0.447
b0jQu7rKuLA,0.447
qbG7rMqB9ls,0.447
OcmK7DdXatA,0.446
qt7yatPyi1A,0.446
7IjCGEte3iM,0.446
Nw__QiieK90,0.445
2mF6C9fGqHU,0.445
gVRyWnClItc,0.445
9PETXuWk3Zc,0.445
lXvIaLcFY7A,0.445
LKMgduUGgbc,0.444
JTYYbKnRyRs,0.444
BUnCgwrcSg0,0.444
Q7OCNQ84bgE,0.444
MXWHIgrn_uc,0.444
epUMX4fTRv4,0.444
FdHwKw2Cztc,0.443
EM6_HAiUIlA,0.443
kGPui464bSA,0.443
DB9FtPjVI3Y,0.443
sAa-CEl5Z-k,0.443
jMsc0LSTkeI,0.442
iWjfukK7yHk,0.442
vZDsoFo0vPw,0.442
yPUA6P-UllI,0.442
aBhTKv-kCPQ,0.442
yj5OAXo5sFw,0.441
JxxoQbJMVGw,0.441
yW5Au_OEQJg,0.441
-I45Lp1w3kk,0.440
XKjmVqAC9xA,0.440
6RczgFmGCm8,0.439
TVgO-rlm-GA,0.439
mUPBHpnfR_Q,0.439
dzlISThY0gM,0.438
X6DY-tDqzmg,0.438
iiM8nEULSJo,0.437
C-n_U43TJFc,0.437
dvBD9NhswUs,0.437
gdAbC7Rkj9g,0.437
OKP2_uQe46k,0.436
1pZBgRA3hQQ,0.436
GD7oFY7-LG0,0.435
94ftBQOZxTI,0.435
X2-PkSqFZOc,0.435
bW86E3B3Ruc,0.435
pWFTP0PWr2I,0.435
5vy3PaAClmc,0.434
C3zGQUKYDjo,0.434
T3sbAL-mf9Y,0.434
URmvDKxY0So,0.433
PH1x8DCq4gc,0.432
v_ZyOGclO78,0.432
4OXLXcRIjMY,0.432
ujiOk6BjszY,0.431
2yk-EYy52-0,0.431
jRW1vJtpkXk,0.431
MymPueoGYms,0.430
AvNRFjXYrhY,0.430
l1STWXpVCsM,0.430
VwUAcYQsVXU,0.430
4iYMISyn7gw,0.430
-dnpBnVc0PA,0.429
XGEqyzhTM1w,0.429
q7Kvh1PJZco,0.429
KENohV0ZbQk,0.429
-V4g9b5KJBk,0.428
rOouJ7aZryo,0.428
6x14PPyuD74,0.427
bDqaAd_2a2Y,0.427
0l14fa_015w,0.427
3ft5leuT8Js,0.427
B31WW7oKJIg,0.426
_qIZt4GhZ10,0.426
hOCQyr-3YBc,0.425
0b2TgG3ICdU,0.425
FAHt8a5pZlo,0.425
fFbgzw4Rpc8,0.425
CETKSKaCIrQ,0.424
sNOlBPBMn8s,0.424
zSywpFT-2q8,0.424
wGjS8fLI7eQ,0.424
uVGYudEHLQ4,0.424
Pcvtm7_y63g,0.423
hzh5sOUHO24,0.423
ZsWqJqAs-44,0.423
Io-s5MQITic,0.423
BTNcqEsk-HQ,0.423
-9WBkdJq104,0.423
TCk5VWTdnOQ,0.422
sGjnpfNXFfM,0.422
oUUQH0Rn18g,0.421
SfOYWY1tHYE,0.421
2q4IdyIF__c,0.420
SLstuISWLfg,0.420
BwpnIVvCuoI,0.420
-TxfkiwvyGQ,0.420
HaUUOcej1vI,0.420
tyovcBI9HGo,0.419
PhW0xJp3EPY,0.419
rQiDk4edh0I,0.419
yzV8LGUnYYo,0.419
ETTyVQrUZt8,0.419
iGCgRDMPO4E,0.419
4B6j3gYkvr4,0.419
rPipaOeqxIY,0.418
xwVq-gTIwAY,0.418
23ZXp9e12gs,0.418
6y603vWbTjY,0.418
SdFI6Lw-Mx0,0.417
8Nc_tDLqYC0,0.417
fTiiJbydF8g,0.417
BB3uzHoqaCk,0.417
rbSB8eXe3g0,0.416
pM6iu9azAzw,0.416
9UH2kaP8lqY,0.416
5Xzw5n_sQdA,0.415
cLnjNEmlKvQ,0.415
-t7sMW0CcIM,0.415
Em7uw46zDJY,0.415
Mjb96TV7xVg,0.415
NTwRuUJ7Aw8,0.414
vakjbD1ucXk,0.414
sEcwrlSJXbM,0.414
1HqS2w3Thro,0.413
_r6sJO6YxmQ,0.412
deZ1VKob_Zc,0.412
grL-1P09NRc,0.412
HCrVoOatmf4,0.411
ZwU1GqVdc40,0.411
zR_LDJLjQi0,0.410
2_Ft7YlwN2w,0.410
r9oCPMGHBGI,0.409
_w_r-4bh9yU,0.409
u6Nv0Q3KV5A,0.408
d0sBKRd5Mpw,0.408
ZhtsqRe2vzc,0.408
6m3cw8v0AYo,0.408
n8Z467nGbqE,0.407
fX9TEU22k2I,0.407
uLKbDqk-r4U,0.407
nU60G40wm3s,0.407
kZkU26uhQDM,0.407
XJUxUAiAr54,0.407
AUXYCSbW_oQ,0.406
VbXjoL6bxl0,0.406
JcucwH4jMHc,0.406
nO0VnGtBiFs,0.406
4CThfbLm7uw,0.405
fFikTTKYefI,0.405
XsKBRCVBmgE,0.405
CcnJBjfuFzg,0.404
FHznPUlG5sM,0.404
IP6vgPVkgHI,0.404
VU6aCPQPucM,0.403
gLldCutyk9k,0.403
a1AnDWngCoM,0.403
b9uf8pFtYrc,0.402
7B8GTfg_dqU,0.401
98WMHgnzgSI,0.401
3wj7lWGliE4,0.400
nhPqT2yC3ac,0.400
q8UMyw3i4Po,0.399
pYnwrI6wFZY,0.399
iXE8W_ulfys,0.399
M4GW5ROAp6w,0.399
9E5A2AVJlAo,0.398
Y92EUVy5kdk,0.398
EblglwyyK5A,0.398
t_Xibm_YZCQ,0.398
T8UKFpey0rI,0.397
jbt5xAaTvg8,0.397
QTS4OlryASo,0.397
cnso5PzIS0M,0.397
wl-NLN5hnqk,0.396
Ml1W1trUpJs,0.396
uIYF-vbFmtI,0.395
jAtngS1YOdw,0.394
tx3STjBZE8o,0.394
Tzgigr7CMi4,0.394
yyVpipOmYpY,0.394
YXX_OG3F2gA,0.394
avCx0lri-LE,0.393
3sKq19hdDaw,0.393
5sKlElqLiE0,0.393
-YFJS7cU_gM,0.393
9eSKxkKeSIY,0.393
9ZBK5ysFhCA,0.393
_-lHMU1GNqU,0.393
wnCMtiF-yp0,0.392
_wx__fEyDj0,0.392
R66CIcx7SKk,0.392
4nPIcRVOJvA,0.392
etvO-HS-rDI,0.392
13_239GSf_U,0.392
hxRfe94qNIc,0.392
KkDlqgraCZQ,0.391
NNsRB-ixYfQ,0.391
wykP7sLCb50,0.391
QcafriwQ4L8,0.391
K0mFQqX9HFk,0.390
XR9ThK5U4Ho,0.390
BRv6lRtqsa0,0.390
E4M78W2JIgQ,0.390
7oY-IWIJo4c,0.389
gFGpHL276xQ,0.389
GMdEuj0Ifj8,0.389
6zbxZHN-BR8,0.388
HJOm7zMTRX0,0.388
UiDDAZcv8bE,0.387
UZq602vKGUg,0.387
C19Hn7CBA1c,0.386
sCnvKpdz_yc,0.385
W710sva51fQ,0.385
iMebZcc3kw4,0.385
fcPgAwoREI4,0.385
vnfB3Yy9ylQ,0.384
nhQ00Mcw8Tk,0.383
MCB9jIpNGzY,0.383
H6ZUevg-w6c,0.383
QKEtnjMNTG4,0.382
ii_5q34kUBs,0.382
-rvwvYSQMb8,0.381
1l-mna9m7P8,0.381
WC_upRGlvMs,0.381
pd89fSPq68g,0.380
iiXj0Z_Hq8g,0.380
ERIkVj3-o20,0.380
ordpL5hQDL8,0.380
BisczN8IFSE,0.380
NlJcziwjuDw,0.380
qa98oXtrpXE,0.380
AcgFiOyVo9M,0.379
oyYBhS-UQP0,0.379
oMOjpSrOFEQ,0.379
faga9R3usqU,0.379
ait3BYm1oKk,0.379
N0W95_aKijk,0.379
h4QpKLs9v-4,0.379
lmwonGamRj4,0.379
JXG7xxzYfg4,0.378
4bZqGw5JzL0,0.378
qFo-svjNxUg,0.378
lyx2V1GYPKI,0.378
7q5U6z86MVw,0.378
BBAiHVIdqtI,0.378
HRKb0szU_MM,0.377
2UDAgCIDx5c,0.377
El-ia7fZMx0,0.377
a1NXv8UsfSQ,0.376
R1ccIQNqo3M,0.376
_iMVLoW7pMw,0.376
KTZOtiYvhxk,0.375
MrUpkf_OJkE,0.375
E4lv-od2_Ls,0.374
XMtPT0X1VFs,0.374
0yoUjMd5Eow,0.374
0jzjIKYpn1g,0.373
9yOlA3b40cU,0.373
OGnM59E2xf4,0.373
aUTXUuYtBm0,0.373
Et7zcoqzjUo,0.373
yYAk5wqyHhc,0.373
J75oVKLBX3E,0.372
doi4pPn1Bh8,0.372
tT7_WoW9zuA,0.371
UsDemqXvG3w,0.371
_89RnW7bd0w,0.371
I2gaaNYsdio,0.371
cK34Ho3bny4,0.371
FN4YyZDP0Ag,0.370
PWme4zruzTI,0.370
LFgwFM_BRUg,0.370
V7ntYvJ7RKU,0.370
4XQ8-zGjfz4,0.370
5c5709OVVgs,0.370
Ilhdg9qO0hg,0.370
pkIxd8o9HCE,0.369
hhOWVpSruO0,0.368
BksRw51u9bQ,0.368
ZgqIDlCH3xQ,0.368
vYIioDxVwXk,0.368
WaO-Ec5DNjM,0.368
ywT7xz7wPLI,0.367
2-6E-qv9oic,0.367
BwCK2qfSrTU,0.367
oPnHfGE1LBA,0.367
Lcc_mvghOu0,0.367
ZoUA963D2TQ,0.366
Cnupxzo5EZA,0.366
4i1e5g8md1k,0.366
qlTJm2ScWmo,0.366
IdACN848-oQ,0.366
2iL5qhoE0UY,0.366
--tZvk9H2-0,0.365
cW9YNn-qQpI,0.364
8dyEkuyFEBQ,0.364
qEyCvm0WN4w,0.364
g0bXYtPM3qI,0.364
KxUX7vgNGfM,0.364
3ETN2V-3t4c,0.364
PPG_TT7lbDQ,0.363
-GH4DM6xdjg,0.363
m7oRff8FMGQ,0.363
mwBew_xc-6o,0.363
SnozUYpACOo,0.363
v2P63qtAiaI,0.362
7xDmCLP5mhY,0.361
O8ZQDkPigLE,0.361
RUTFoYmrx6U,0.361
q4l9IK_6jZE,0.361
ZQ_KkAja2L0,0.361
QKkH5V-oPWQ,0.360
ol4DM-BYNrI,0.360
j1momVWeZwU,0.359
YXi_em53M9w,0.359
QRCafkweQOs,0.359
zaiS71tJB-Y,0.359
gVfT7IKk9dA,0.359
Y6bbUb2u6XA,0.358
mVdmAAXFHjU,0.358
uDfYJFTkJKU,0.358
xNmthw6oB7Q,0.357
a7chumuiCUo,0.357
La74RIfdwJ4,0.357
o0G5wRumTnU,0.355
I8ndAhYxq_A,0.355
rJGP86YIdqw,0.355
AnS9JiQyIQ8,0.355
y-YsyMQMUH8,0.355
nBd49BD5ysE,0.355
pbwYJXH9yzY,0.354
EHj73igwc_k,0.354
QAPmGR_K9PM,0.354
gFk0LZi8qr4,0.353
SDRBAGREwoM,0.353
XsCRDi28FRY,0.353
dh4v-tNiw78,0.352
qkn2DVssX_E,0.352
oLxj5y51rec,0.351
BDBlCcr7I2Q,0.351
7wnYtBxwvx0,0.351
iR9RFDCpLV0,0.351
e5iTGRyqAIk,0.350
02ZJ4W_rctM,0.350
Z5gp-GPwLA4,0.348
mU8FxdrRO9s,0.348
NTusm3oR-lY,0.348
XcHTJWvrsHQ,0.347
4nwsssPT6UU,0.346
QvmH1gLKQ-Y,0.346
WC-Tw2WFZPE,0.346
8A-O9T2hzqI,0.345
CXypMR5JNPQ,0.345
rNTaXE8xNs8,0.344
QI8_ZldqGUI,0.344
tOgqBAUoZv0,0.344
IG-AwJYd2E0,0.343
uAOPwxS8W9w,0.343
tKTFCqKVRTM,0.343
gXJLSNpJ6ic,0.343
z9DcQhvMxm4,0.343
Ex_LlYifnzU,0.343
kXjTOenFoNM,0.343
gkbwBV85fFs,0.343
bXHMxpApszU,0.342
IWuj_wpiEGA,0.342
HOj74Adf14c,0.342
sJ1d5000j3c,0.342
4WrqbDFGiuc,0.342
1UUU9nIXaYE,0.341
kqG5SpuCdKs,0.341
Gy4Z2SI1o9I,0.340
KTFhPLC4B_4,0.340
0N7du9B-xbg,0.339
cdiNmxkugLk,0.339
8Fd_jhi2zmc,0.339
4z2shUNcw18,0.338
8Ub450Reo6Q,0.338
PMU0nbWe0Ag,0.338
06pCK1R2Eyk,0.338
noD-r09OML0,0.338
i1djfV9uigc,0.338
vegZJR8gh3g,0.338
XS6iHqr8_Vs,0.337
XbkKrBI1zhc,0.337
bCoSVI2vgis,0.336
qOoWo-UPWT4,0.336
9mJ_zsUFqCk,0.336
h8ZpsBSujBA,0.335
nygWVvpWwPo,0.335
Wj-lxtfCja0,0.335
jEhWaCionDw,0.334
kes2ATvT4SU,0.334
uQjR9Uy8-c4,0.333
0i5JaZkRPlk,0.333
XGAoWpsnZwI,0.333
sCftY1zrB7Q,0.332
Z3DfeHnmgto,0.332
Rv1dPrs812I,0.331
19lE1mMqURw,0.331
PRv5PD8X2Q4,0.328
QKTQRHeFZz8,0.327
cq3qzaTgqJ8,0.327
Vs5CyWuSOfk,0.327
Z_cIMZCeRmY,0.327
rTI6-OVqHuE,0.327
otWLFewPCZA,0.326
bVPWAT0W8GM,0.325
RBHZLwxID2M,0.324
WtOouDr0WWU,0.324
b_2YJPgMEZ4,0.324
eZ_xinN6zzg,0.324
Fkjs0lLoJ1o,0.324
oeDyfE9SETU,0.323
gbb3230oHBE,0.323
EmYNpsV5f9U,0.323
f6hctHM5x08,0.323
9UM5Iup_2Fs,0.322
atj_WlIfzZg,0.322
yU0g0ENbfSQ,0.321
WPZMd0gUv_M,0.321
iVX_nS5fj-4,0.320
wHuLqZUYuX4,0.320
JihdOvkxQC8,0.319
0QTU5QVOVLs,0.319
5wd_FZFmP4Y,0.319
vqqpZZ5IN-Q,0.318
rYlndqOgPck,0.318
PHO1wUnvtAA,0.317
85FVzyzBkH8,0.317
NZR_-Yrq_WI,0.317
luPoQBKwU-A,0.316
e8sNvrIG1XE,0.316
mHHxjZOVdFY,0.315
IyxNRO-TLNs,0.314
URDQGu1s59Q,0.314
WJgG0iqOo5I,0.313
Db91ovjqnuc,0.312
jR1FDr-wZRI,0.312
acZIjoEhJ_0,0.312
nHZsE7T7hwI,0.311
41Bs-XhWXU8,0.311
7_DETe0Hb8I,0.310
7AWWzT3Vcpw,0.310
hYa-55lZsVE,0.309
JpoE-1eF8ZA,0.309
yOnFBoIF8f8,0.308
OU4gSlChUhU,0.308
R4NEfi1rZ_0,0.307
2s39kUsXFPM,0.306
_k3v-MjfK5M,0.306
DN_taKCncY0,0.305
vP96EuVFmIg,0.305
S4T6LZI7rKs,0.305
zVo3DAx0tJg,0.304
TdiNGqO3mdA,0.302
jREgeIDz9NE,0.301
tXxnLVpYL_E,0.301
7DyPpUQQuHA,0.301
mJp0XFbknIs,0.300
OQrxJTnFerE,0.299
xUh1GjlkjdY,0.299
gnB1J3ext-A,0.299
fXiYPgT5ahw,0.298
k4szNW0e8hA,0.297
eWn6wJ3MQiE,0.296
P6xgwhfT4JY,0.295
zEv6If31PMU,0.294
-mRyjDLlujM,0.294
e2rmEsJKH9E,0.294
x-NRti3UH28,0.294
8WTOlT9nHKs,0.293
ma_XzTNIujs,0.293
MSluLnWBnSM,0.291
39UMkGnRQ0I,0.291
eONjbhTO7pI,0.290
x9J9COIy0gY,0.289
7pONxQS_z7E,0.289
Iw1Jktd_ecE,0.289
3Irx5PsCn_E,0.289
_LxYYW0vLME,0.287
jEbpp5JFIg4,0.287
9tMFMJLbRXM,0.287
-YEFpBFZYVg,0.287
SuacWnEfUg0,0.286
4U4kRZfNTg0,0.285
LqcTsJN-ykM,0.281
EBExoHOjOso,0.281
xVLIkhfG0KU,0.280
GTPD1JlKCyc,0.280
fxxZvN7dOlU,0.279
NB9RLKkUNw8,0.276
n2sdEZ-buyw,0.275
AH1do3qeaDc,0.274
4eZ9LJm04nM,0.270
QGI3QLuuEb8,0.270
VTY2NDEA3M8,0.270
fhSJYj_i7v4,0.269
pV79NeECg-s,0.266
m1D6kxvpCHg,0.266
hKmnu8DnAQo,0.266
TsRyo5wkknY,0.264
BFVu7kEwt08,0.264
qpvTdHxnMQ4,0.262
YmGyJutl1iE,0.262
1SqhHP4yQXU,0.262
ipngvalNdyk,0.261
qryNzfpbJ_o,0.260
4WBd_2CLeg4,0.260
9mlZFp8Vemk,0.259
UDTlp4oCm2A,0.258
kAHRPESl1Wo,0.257
pMS44eGYpFo,0.256
o5G5DWfiahc,0.254
DelzJyCcetw,0.254
Wny90V6818Y,0.253
HdRskEInvQs,0.249
IMNEFG9ZrAQ,0.246
HmewgNatm-s,0.244
kNltNp56mOI,0.242
lRKCEKWpPec,0.239
R0CiNko6noI,0.237
ysFwiVHTkR4,0.232
y1dALhOPM68,0.224
XEPuvD80VNo,0.222
PU8SRVD4QbU,0.217
qKLCvfVYtpQ,0.216
IxJYCH7KP2w,0.213
hyPlHY7oZSw,0.198
1uwbS-zsqfo,0.184