j5qiRsEzMD8,0.539
k2MD7rmATxc,0.531
zpkF7QYQhak,0.530
PLN8tfLqeKI,0.528
IYCudzfCmH0,0.523
N973pTxWRyw,0.523
e1eqzflyxo0,0.523
vX1dO1dP2I0,0.522
0sOUuZph3pY,0.522
SKHun1HP6rM,0.520
hSUuhAcfJLs,0.516
vyIcvNkJd8A,0.513
MJjg5iHpz8w,0.511
u37d6dwOUKc,0.510
_vnUhYJ-UBQ,0.510
RGWI0A2jUZ8,0.510
Y7tlCrNIOLM,0.510
sQ3702g8-hw,0.509
PqkbT0XozkU,0.509
hYqJBP9DrrU,0.508
2KG6Ab4SFgc,0.508
plijXdDS-g4,0.507
M5OguoC7Q6M,0.507
pnKUZ7PFSbA,0.507
xZFV6HKiYxw,0.505
Ol_ZOq-8wKI,0.504
J8p_6W_UAy4,0.504
IjS2fqm9DTM,0.504
zhk-IhqhD6w,0.504
9sa8aQhYaXo,0.503
M_FDRv56DLI,0.503
T87NLTwW_QA,0.502
kT42RXjJpDk,0.502
zfe_HWsH4No,0.502
2sMPbF7bPZA,0.502
9aLShorqgXE,0.501
qlw1CkV5g0E,0.501
ONIqbZbanTk,0.500
yrjCur7TukM,0.499
e3StC_4qemI,0.499
90yED-bgeyc,0.499
GnWpT2mPUTA,0.498
URJvcRIA3v4,0.498
kOxZK7gO9ZQ,0.498
u77bTsCqyNw,0.498
JDedtQA_pxk,0.497
scZqEnnA8Mo,0.497
erVLBUcjqPA,0.495
AQdNQARG5IA,0.495
8wYpEz9IJ4k,0.495
P-gQAOmfB_E,0.495
Hb9QXCUngQc,0.495
0kRtLFXIKpM,0.495
2LOoNvj4Ey0,0.493
wtnNYvfIlSI,0.493
nh0JB4cyY0I,0.493
k3GjaTgcx5o,0.492
O4HteHXmWds,0.491
Mdr0qpnqKxI,0.491
6W7dAXH6VlA,0.491
YbPhk_s8mrE,0.491
c5j-SFltXzg,0.490
kyWwOvc6Bxs,0.490
xcODnG9BbA8,0.490
v3kHxkb8S3Y,0.490
2G9ZfX7MBnY,0.490
iIv4dQOCj-k,0.489
c-nTDeXwess,0.489
b9mgKAEmAQs,0.489
g53cNbaLk-k,0.489
MPMt7Wsi5cc,0.489
YyfowX3ar8c,0.489
uDijyAU-7xs,0.489
dxuS8gS16xs,0.489
kkr1zxqZHqQ,0.489
qtUTTCtgKi0,0.489
7FUCzXAWJzU,0.488
1MX3F6YGiak,0.488
gfJyJ8WrLlc,0.488
NFUu0qV9Z3A,0.488
BgNa7hRKm3M,0.487
KkRtNKIZoY8,0.487
D9waEKxaN5s,0.487
SdDwJGjXvTg,0.487
RQklompa3Qs,0.487
3uX_xI6Nfo4,0.487
8tYIQ24NQNw,0.487
Qd97OMnNohk,0.487
SWSYYtmNhmI,0.486
0NULYASvVu4,0.486
wjkEJKLpbKU,0.486
V3Zc2zLDkjk,0.485
dPr7VbshTSs,0.485
N2GKFGNnJyk,0.485
EgsQPl_wKo8,0.484
vynHOsRf31A,0.484
fhulKmhpIcY,0.484
O_004ZDi7cI,0.484
w1Wyk6iTT_w,0.484
yfPGe3qeec0,0.484
teQlPdd_Zmg,0.483
75OlgOD0W_c,0.483
Hm0hlAj8jkA,0.483
GQcNbk2b_uA,0.483
1vqKnogKDTE,0.483
WY-7uInRa5s,0.483
EPl42z_yDiU,0.483
YGgPWC8T9Pg,0.483
bpqPCnxle1E,0.483
_EUQsHNFSRU,0.482
tevT7MiDioE,0.482
xfALpFJ7hBw,0.482
aoxZBFxu48w,0.482
zVMwITo569Y,0.481
Pk-ue_kb_UY,0.481
3s87Qf_Wrcc,0.481
Lrqwfw1h70k,0.481
LxmBF3EEiUc,0.481
nujiNgE3BGI,0.481
34agFV2lR4A,0.480
-6vBcvmCRYc,0.480
9wW1WKkpUSo,0.480
_H7eRZwKKlM,0.480
jbNiJeK92tA,0.480
UhmKVg-7D7k,0.480
S1YEP2oHipU,0.480
xwoBAYyDl3Q,0.480
-8XLHaBj8Lc,0.479
QkubmaMWL34,0.479
tM2WkJh3p6E,0.478
zF_DpeI3FSw,0.478
P9ZoBq7DVVE,0.478
iGhI4prPhTQ,0.478
dSRMiAJPPdw,0.478
8Vsv5wg4G3I,0.478
p_m99FajSyg,0.477
VbD2lJCm5h4,0.477
d1BylEwVHRc,0.477
jr80CdLzsCE,0.477
EmO-DcJJE_c,0.477
dThZg6EG_pc,0.476
05SzdB8CpAo,0.476
fRAetNp_gCo,0.476
GRzOEE8x2fw,0.476
iBb9CQWUQu8,0.476
woIQlck0aQ8,0.476
FWELny-bTXU,0.475
LScZbuKMamQ,0.475
wAr8uqdzWZA,0.475
sh4eRAXlm6s,0.475
W6pgEW1Yrgw,0.475
6vU4HsbdsOg,0.475
fVvosXAHruU,0.475
pqMopWuf2e4,0.475
jgGojxchseQ,0.475
JcXIT-EvDB8,0.475
xRGRjlKsZpA,0.474
sx1QcH60Xf8,0.474
pphKrLjrB5s,0.474
adxGdv8wUwA,0.474
A--6xbL1mqk,0.474
EGK7MFvALhU,0.474
7fCbPmGxz-Y,0.474
iPSA8ClTWXg,0.473
46DKLL59QC0,0.473
yfTYrKRfuOg,0.473
punIfuKrcDI,0.473
TWSy10jtAjU,0.473
vlP4fLsBeiw,0.473
RgvKqC6pUaw,0.473
vrlYCtqfnKs,0.472
QU_XrA8ShlQ,0.472
3VTHql7Mgtw,0.472
qyD-TfcgrQ4,0.472
D_25vUHL8BA,0.472
1Bi0QDfmsQQ,0.472
tTdSyhSHIEc,0.472
emKE1FzENro,0.472
UIJpkperP3o,0.472
WRLyDpa8rbM,0.471
IeViAFPZFv0,0.471
TS2KdLu9X78,0.471
o2ravJg-0oo,0.471
KoQNrb1eiLk,0.471
fJR7anf4D8c,0.471
hloRMSIzqLM,0.470
qGJEg9HM7qM,0.470
RKJOsr7UClQ,0.470
ypHyq1-TMSM,0.470
3tmhEFSfyKM,0.470
bbseX4qdnxc,0.470
nK20LzVfG_g,0.470
GiZIMUbMZDc,0.469
oUg741T4VN0,0.469
GLK-Foh4i5g,0.469
MhvJIFUI_PM,0.469
QguMOQ9Vt8s,0.469
yFkALRPkqXo,0.469
DkRIvs2xH2Y,0.469
JTO7wVPQcb4,0.469
-wCOKuQjGEk,0.469
refk7J6vUCI,0.468
qRGLs_HEikg,0.468
xWU2MX4qWQY,0.468
8XcOyWGP8Bo,0.468
J9j1_bCKwMI,0.468
6Q14N-KVgP8,0.468
pxygU2CPhRQ,0.467
BTxZEbtE0T8,0.467
OQ1Knowyqoc,0.467
8_xaKl6zapU,0.467
05iRxotIc9U,0.467
ZB1Hv1iVsso,0.467
9QlV9zJby-Q,0.467
DWUwStbBdq4,0.467
xGVe52R6dJc,0.466
sp0RMjg61WQ,0.466
vR45Ykjgffo,0.466
yR8unC5yj2o,0.466
vwVuVyH9AeQ,0.466
RK5JURZmNOo,0.466
_fIJm0SLPQs,0.466
-rmUuqlbtt0,0.466
VdE-bUImmck,0.466
rNcCcFi0k-k,0.466
DuZyNa2Xta4,0.465
Y9TPHLy7GFQ,0.465
dN_EwxHqcao,0.465
kyGR47nDrus,0.465
k4v8v9raIj8,0.465
aWYzdNdAsLA,0.465
fr_jsl7xD4Q,0.465
Gf5z0qHVfOE,0.465
jkBn0LKtkHM,0.465
0jsbYt2C8fk,0.465
DqmxI-IiOVo,0.465
BHdJxrAjsII,0.465
68xA9k1Q-7A,0.465
A1dMvd4ADCs,0.465
xXk4kclQJpM,0.464
D9c9H6yEgzQ,0.464
GllbT9If7kA,0.464
VoOBaIn9xeI,0.464
4dbHBu_8pas,0.464
Hcu4SEyjQ4k,0.464
R2k7r4uYzXk,0.464
ZJXby5uL_fw,0.464
8MUyBU9QyQ4,0.464
lmh-IcziWfs,0.464
yfBDUWabh38,0.464
x0gWN84mCe0,0.464
nlNgbtkuhjc,0.464
f80d5Pg9QtU,0.464
14bzpV64Bzk,0.463
gphLXDI_E_Y,0.463
pB0k2hzh6Ow,0.463
VH1lhoxj2FY,0.462
qXd_OR4w32U,0.462
nX1AS1q3DkA,0.462
l11_gV0l5SY,0.462
Nw8KFhxEcpM,0.462
IbIdi9wBr9M,0.462
IuVdJLP9MSc,0.462
o4hLOYGXA9o,0.462
fip6EHeppvI,0.461
Bm8SMKDQitM,0.461
f6mqNp7BPHQ,0.461
U-OfthLgp10,0.461
F6vbC3QaPgg,0.461
JQ3mObvro1s,0.461
HIxP2eRUvag,0.461
sxeeDaVcZs8,0.460
ntYwKXN82QU,0.460
tghS4UnuWzk,0.460
nVCJgHxXtDU,0.460
QJRfCVVkooI,0.460
JN27ehD-0Ps,0.460
Z2Eb6gvYX0M,0.460
zMPiEkr06Ug,0.460
Sq85-QaXj-o,0.460
GKow7HEv59k,0.460
qyTYJSH9VPc,0.459
TesNonlzcJQ,0.459
A8voNrUhWgE,0.459
_n1KyAsIx7c,0.459
axMoVCsBalw,0.459
heV-N_cZzS0,0.459
MxVj2oET3BE,0.459
80d05YLgXV8,0.459
_9QVJcCCHog,0.459
x7dl2j-nnag,0.459
dKuJVW2LGoI,0.459
C_Tg5Hzu7do,0.458
g_Ua42vH-GQ,0.458
YpQ-x96-v7w,0.458
X-dYSJ1Wz3Y,0.458
cxqu9uVU2F8,0.458
JewUTtqHKMk,0.458
tWZTVVVaLnE,0.458
YFcSasMbyxk,0.458
AOLZY9yIKv0,0.458
4Vm06Ft7mvo,0.457
Wpnlm-3TCuY,0.457
91u1aBgwQZ0,0.457
UyECnvyYlL8,0.457
u2dQfUwtFyE,0.457
0Up_pd6T3As,0.457
25KfIwZvKy0,0.457
cEzAtqIz4SA,0.457
e42-fZxUDWE,0.457
fR2KnAZ2cys,0.457
E31jQubACXw,0.456
hPVHYCX2E2I,0.456
IflmA6zdAPA,0.456
UFT6IScwhvs,0.456
dYPQVfNwlOk,0.456
r9Mh3itGcgM,0.456
NRQKrwPFDSE,0.456
Lsd7qg-abiU,0.456
c8ItHp8AzPA,0.456
pCMPxeMvXm0,0.455
vBx2sI1H2QY,0.455
76mGf0-_hQ0,0.455
aA318i4US44,0.455
uZKMSA_pyFs,0.455
wGiUYnvSaC0,0.455
odaC-DUJilQ,0.455
DjbL-71-XUo,0.455
X2uZed_gGi0,0.455
HQfv1nN0FFI,0.455
ZLcp_VSKjJM,0.454
FcPKyrseymM,0.454
nNFU2ifEq4I,0.454
G4JuxrXfWZ8,0.454
l7QTXSDTtsQ,0.454
OvPx6Gulu_s,0.454
4V4K6J2oKmA,0.454
8kuw7AKV91Y,0.454
Evj3_x5xEho,0.454
j9BW6grKP3s,0.453
JuEN5nAS7wY,0.453
m4p5UnsXSu0,0.453
8gmogQG7xpg,0.453
gHUxjAOC5rM,0.453
Dt8Vgrync1c,0.453
wZUPQCnColg,0.453
v2e6lMy72qM,0.453
mMOE_TVKkTc,0.453
emgEQF_p3-A,0.453
aF1I50cVUas,0.453
6kPEkGFClyw,0.453
EHVLIKIy_rQ,0.452
Tf8NzfAC2Ck,0.452
E9QwIlIVUf0,0.452
NLKAIh7CrE8,0.452
bzVX4jkLldU,0.452
D3PXxWjnNlU,0.451
kF5HyP97hgY,0.451
cNjZPSrlXng,0.451
OvU5r5kHWU0,0.451
t2IpFSm20kM,0.451
6e85_yseDQw,0.450
6spqRGARArU,0.450
yjKmaEqIEAI,0.450
cU-m_twQp1U,0.450
qFQMI0Qqhk4,0.450
zsheSmeevic,0.449
YD4aoKX2pYI,0.449
axbQyq_khR0,0.449
-gXVJpRXu-s,0.449
KNi2vseW73A,0.449
AjGpdrU8-2w,0.449
KAELK505SFA,0.449
jddG8_4o8zE,0.449
gBjrMtRnu1o,0.448
7EbTHC9W4TQ,0.448
yvu2ycIPh-4,0.448
M5KlEyl0e10,0.448
vjsST8_4S0Y,0.448
yrPLro2TXP0,0.448
zJPhEibiyRo,0.448
x7rT6_gRCy8,0.448
9mlszL3WTLg,0.448
mwW7sKannL4,0.448
o8n_qVuiFi8,0.447
Wxfu4pSA2zA,0.447
4mEu8xrRGng,0.447
JG-6iSNj85Q,0.447
-uAaepF5I0c,0.447
N6nrdQbc1z0,0.447
nQy2XN-u9jE,0.447
W_JcxoDAEpQ,0.447
75ShquIJfh4,0.447
Hl_gWVibahM,0.447
qY86TOYnQAs,0.446
3cWM7W9vMJ4,0.446
F7tNRFGaiyg,0.446
u2cHitYLz28,0.446
cQDGk1DBChU,0.446
1Pmp1iQgZxU,0.446
9rEq6MTV5Cg,0.446
jedA3jn9C6o,0.446
dgp5UKbXIro,0.446
Elb2pw75vFs,0.445
w2e2nsBQdcc,0.445
kpTBzNNVqyQ,0.445
DeSO6GUcOAA,0.445
J7Zw8CCJBD0,0.445
zwAcd2onVpM,0.445
q_T8twE_f58,0.445
eMmAM-UfSQk,0.445
Nr708tNrz_o,0.445
ASWGcyRFris,0.445
T61S-8Z5BIM,0.445
7vS1Ggsuhcs,0.445
La_znAoGq_Q,0.444
VIMQogwda9Q,0.444
6CEeNHXcHUg,0.444
qQBYJpnp1E4,0.444
zdQLoYFVWlM,0.444
CshEYr2QRZI,0.444
9-RMrsHbl9g,0.444
_Z7GCkyttk8,0.444
eRs8dchSQkQ,0.444
OND6zsvH47A,0.444
fCyKDmwCzY8,0.444
dROXyRrmkug,0.444
izW9LMHJXvE,0.443
yq4FlLiCe88,0.443
eSSJvCejbcM,0.443
ebQ7S7Kw0Qo,0.443
nFkzsCsobCg,0.443
FLByAug1FV8,0.443
_D6R7uAE3ec,0.443
vUnWNWewlJg,0.442
MxIWKRWDR4w,0.442
QtoB3gvemWE,0.442
_HHB3BGSftI,0.442
YL1FXG7EyfQ,0.442
R9TLQZWVd84,0.442
fhnSy_9pqrw,0.442
USP2vDh-bCk,0.442
vnq-v2KJCbU,0.441
FeDzfXF1R2I,0.441
0QXFckEIhAM,0.441
acQni-BMmf8,0.441
GzXHqp1dO0o,0.441
ezHs8IMkEys,0.440
4KgYQpm4ufM,0.440
_JMma1YGP5s,0.440
OOc3378rD_0,0.440
I2-x3GVV5r0,0.439
QhjuFZHDz-Y,0.439
e3h3x0AxoIg,0.439
HrjcvO4GG8U,0.439
o4IJr941AZg,0.439
d76jGv6OyCo,0.439
I8GSzbUvcTc,0.439
6h_P7CR-nEk,0.439
aU4pT95Ua_Y,0.439
t3sNd8mtUiw,0.438
OiFqo3fw9ME,0.438
-6xg-YJ9IJQ,0.438
AKixJmTYvpE,0.438
4ZdgWPCy0pc,0.437
30GPlzQLW4I,0.437
LOUkov93qf0,0.437
7bdHI1qLMkU,0.437
LsoPlVzlbJE,0.437
2_qFd1G1Ly4,0.437
dvefH9h51N4,0.437
B-B92APP_Dc,0.437
4V8RU13doYw,0.436
vMpkcOFgI5A,0.436
982-uEGjF7s,0.436
ODw1aIDHpFU,0.436
CweDPagRwLg,0.436
qGY82LOkAls,0.435
sTc_yhpfAjc,0.435
daGvI5HyQKo,0.435
UvfkxTSfgKY,0.435
x3-y5DLi1Rc,0.435
OSHwJHrOGro,0.435
A5lxicuEJrA,0.435
8pbMM_dhKjU,0.435
zuZorR6JJOg,0.435
n3DaN6nF12o,0.435
x08lOAK7waQ,0.435
hSRc3qm4UAE,0.435
UFGGTwKSv70,0.435
7YawyVZFazU,0.435
aJk9JpM5cpw,0.435
VsAukSgFfCo,0.434
Dv1Y6_QalWM,0.434
ys7I1-C9RW4,0.434
lzkYM_TOReA,0.434
xJ7J1DC2-5c,0.434
q7Geslbd88k,0.434
MuX79uES2lQ,0.434
NCR0adneyGU,0.434
gpfnFvSd2X8,0.434
6GZMJY3xONA,0.433
fFSGdSfkRx4,0.433
c2pVjFdhXe8,0.433
9Ol484h5S-0,0.433
1Hp2J77PQ7c,0.432
ub2CwLo-kCU,0.432
PR9hBz0MbnY,0.432
tvTFp3Rghf4,0.432
zoqvRRfekyI,0.432
t1B5pmibr10,0.432
-rClQNJwifo,0.431
LxbfUv_gb2w,0.431
pMFGN73tUC4,0.431
jjAG75QRCvA,0.431
RTul_AX5sYw,0.431
eIFYH3lO10s,0.431
8pXSSg7g7W8,0.431
uMi1-wnc5yE,0.431
5CR-vRJS7zw,0.431
0teeSYVFnmQ,0.430
RU0VS45nx6c,0.430
h0b2w5tBTBQ,0.430
JtbbPqvdZ4Q,0.430
Q0mtCMe0abI,0.430
IbfF9Vg5UZE,0.430
HoI6-kRWk0Y,0.430
M5FdO1LfJLQ,0.430
EW9Ex-JQP0I,0.430
zfKSqZkCFTY,0.430
g-262aPUqgs,0.429
JcUX3DeEkG0,0.429
3F9XjsgE6D4,0.429
hSG21ZxeAiU,0.429
JRyykAvmyj8,0.429
HvcaOpKJJfg,0.429
2CdRlszLiFo,0.429
N8OHK2yyz8I,0.429
w_3FZrcIwkA,0.429
hyHw1xOscx4,0.429
mV8dd9cmljY,0.428
J9-XR-MO3Bc,0.428
Uy_fcUsV4cA,0.428
dtjY-pZTL5c,0.428
MFzP5efi73A,0.428
sH_z6KG24xE,0.428
wCoNlqjzHpY,0.427
VW5gGqt4yDc,0.427
C9ye-owwZGM,0.427
kDx_jCyJcms,0.427
xTtsJjxaeWo,0.427
ml_dFyQ4jkI,0.426
RlDE0ZMW2EI,0.426
RgMNEPrMD8k,0.426
XFEgXgSotOo,0.426
zfKd_Q0cI58,0.426
4kVkXqkq9NA,0.426
SE3NK1_xkj4,0.425
0ZHMETWPqm0,0.425
ND9_6GkmbuI,0.425
33v5P4rEar8,0.425
Onz84R4Nqmc,0.425
wEaZIKesxz4,0.425
FdwWvFRepBs,0.424
x2nHDDAPWTA,0.424
GzYq0S8mj1k,0.424
Akn40pZnRuM,0.424
VVJJgYfDiF0,0.424
PzPdBks6AFc,0.424
6EETX8UUni0,0.424
OOzhIN9KNn8,0.424
Vr01zGZkLLc,0.424
gW77I_055IA,0.423
EanGyfDkbfw,0.423
ypsJo748-NI,0.423
zCSShOmfTY4,0.423
7Sf33pEw7t0,0.423
jB81it-p_DU,0.423
CqwgaFHC9FY,0.423
Wf07avFmt-E,0.423
9pZr5BTM4R8,0.422
VtIMPJjcdn4,0.422
q5jFpzca0Lg,0.422
W3gFIWDilds,0.422
sUIhOkkqz-8,0.422
tApRBNunr8I,0.422
Ec4kJC5zDFs,0.422
oenourt9m88,0.422
GycZJqd2pA4,0.422
Bx9Xa9uFclg,0.422
VVdILFbbjJ8,0.422
qI5jZpR1730,0.422
dXL0SgoFzf0,0.421
ew1S-tJ2hLg,0.421
szkvwr2TGTk,0.421
Y0FFW0RNQpY,0.421
uMLsAHyjvGQ,0.421
mc1FVymmFXg,0.421
YaWra8hi8wg,0.421
unHtGMUB8EE,0.421
mbN0i8qH8f0,0.420
zNppil6T34o,0.420
ELG36jlK4wE,0.420
bBOsh26CsnM,0.420
QkwREboQi-s,0.420
qUB6vZ_TnIQ,0.420
_GXuSrsGCgg,0.420
w8rTULZCkzk,0.420
Cm8hWFFA16I,0.419
I65SKouwEpw,0.419
ou7JQL-UDQU,0.419
a3a5CurtnMY,0.419
dhrsoAOjTk4,0.419
zIdQfMmS6BQ,0.419
-hw4MKacrNc,0.419
VYf5GZUsEuU,0.418
w4X4vs0qu2Q,0.418
AFpD0VMepv0,0.418
3pihUjoNOA8,0.418
vE5f_kEMKRg,0.418
uH0WYoj-IQY,0.418
LLfj1ImM3Z8,0.417
gf2BqVknWb4,0.417
9fBaVWB2yMk,0.417
vM0AU3xkkSo,0.417
j3EwWRS70XY,0.417
Wbr7YLnTR_c,0.416
OylpaCXjcfs,0.416
3Ltcaf3lq_U,0.416
6-KNGA6Cy0o,0.416
sK7J0aAu1Eo,0.416
ZNrYDMB7zG4,0.416
VDyGb-jLPiA,0.416
Z6nADTTYcc8,0.416
MFfnenquOaA,0.416
ojau50OI1u4,0.416
RqOQxLjXddo,0.416
DZ15QDhvHAQ,0.415
DhA9CG8aaAs,0.415
1m0AqB7QT9k,0.415
5GmaJFiDQKY,0.415
NL6t6_2J7ug,0.415
huRwOBEewVo,0.415
Gp_6cIhlh7I,0.414
a8iOZPrwzXU,0.414
jrHYXF2NQpI,0.414
nD93hjQPWNk,0.414
0JVFZGwDP4A,0.414
vRBb1WEwtmA,0.414
4pCxaPcgf30,0.414
0a_uv0S3rcw,0.414
D9rjlU9y3YQ,0.414
IDPvSHrBUIw,0.413
LvkkriswTCs,0.413
K7ROCOt_r2M,0.413
rxXkd2oMZi0,0.413
Ma0qAauqO_A,0.413
wB4DcThWWio,0.413
j61abIAgkaU,0.413
Dk8ZtrM4ciM,0.413
O0jOEl18QJI,0.412
TumnK_EwSuM,0.412
ORPSGEN6aIg,0.412
BxJSYCBOAw4,0.412
HTiqKrsG2h0,0.412
K4MWmt8hEDU,0.412
Ppg86PX3_Gc,0.412
JD34eM-NhsM,0.412
9fmoON8VdmY,0.412
3PkAEwLP2eM,0.412
UFVlQ3ee3_Q,0.411
ZeHtbE72jPg,0.411
bXpJHcSXRSI,0.411
bIzNSgQ-WDA,0.411
EA6MdMRD1Vs,0.411
hSYAS_vL6rw,0.410
P87-27di8qg,0.410
ckxI124oaTc,0.410
NJqnRkO70xs,0.410
XGuXHNuaqcw,0.410
xSP_ajdPP8Y,0.410
q2EP8LdX1zI,0.410
QCvs3ygzudw,0.410
puyWNLX0DBw,0.409
HmP9U5rYO9o,0.409
TIIrySiv59Q,0.409
2jXkHkSJRf8,0.409
e-Q_gxDWvg4,0.409
dm5NF9x7kqw,0.409
vsTWgcpvXfI,0.408
sRGYpEb-hW4,0.408
uJdhG4H_MnQ,0.408
q2KQiKN-lhk,0.408
MQFAOmyRyb8,0.408
W5GcZoZns4A,0.408
mGlUfo4KzuY,0.408
3-aJ7MNK_rA,0.408
XXvfuuD2lLs,0.408
KaKlaY-GhLY,0.408
sbRBNAfMdMQ,0.408
8JHMm7BHE2U,0.407
KlhZr266F7E,0.407
TnlVmefzJvE,0.407
yPVSd0FYUy4,0.407
-nLSNdoO_Ow,0.407
OGHZWyQL4mw,0.407
tdD6DZP_I-w,0.406
0PK3GRPS1Wk,0.406
QhHjwUlYgaM,0.406
SMkpZjz8IE0,0.406
dT2qTzhpTgM,0.406
dmNh6-yBnzQ,0.406
vXEoMcHw6Vo,0.405
KeNozigpQBU,0.405
sRFhkXO9vmA,0.405
ETqjd_yS-XE,0.405
0xgXqX_oTnQ,0.405
-Y8gjelou_c,0.405
gRsQMmsfZ_0,0.404
MDmrwHZ74RQ,0.403
Ry2d6z5yDM0,0.403
pJBRqespiOA,0.403
9MY74DfO-Ds,0.403
q55lxcFYcqw,0.403
JPfmIHN32h4,0.402
u6MaPJiU4ew,0.402
gKE5PYkhXuw,0.402
V6I0wp_zg50,0.402
EFDboSv-kMk,0.402
MWiC_nGBKRc,0.402
0VlQVIklFYs,0.401
e5l901bMIXM,0.401
H6lDr__B3GM,0.401
rK5r90PJSEQ,0.401
WO_O74SPUbY,0.401
BjbHxQXOU14,0.401
8g8ogTRci9k,0.400
Sn6w4obiKFA,0.400
p_-6jqYyXAc,0.399
el3d2Mh8lPo,0.399
1d4_jRMAPgs,0.399
kv3LdmtTOUM,0.399
5M_9MmrWfL8,0.399
UXWnjxVHah0,0.398
MSaNoMNrZxU,0.398
3qyS8j4WUbA,0.398
SjHONIuKclQ,0.398
tAmZ4C1qBOo,0.398
phQ_-7c7TKI,0.398
UqbbAypyybE,0.398
lOphHA693Co,0.397
BkA-jZWHUCI,0.397
ha3oXQWj7Do,0.397
FlW86VmJ0nM,0.397
me_4qcrSUtc,0.397
R5bD1cbAPoE,0.397
E6bxuaDyr48,0.396
fRRNp6uiDUg,0.396
gxNwCqpvEDE,0.395
yMz3COGGDWA,0.395
NnVc4S7syzU,0.395
tvMAGaIxgwg,0.395
QBnmHVm8zlc,0.395
HAsG3fTegCE,0.395
U1e0QoMvlUw,0.394
tyalNqhusjc,0.394
8TCMTdv3UmA,0.394
Gscf2_id9L8,0.393
mU07zq5ginw,0.393
QwclzWIADqc,0.393
02hfH0lWt-Q,0.393
a9K1-7T8Ghw,0.393
BZrGNfiPXag,0.393
4uRzqSV5wpM,0.392
kEqe0h-RCRA,0.392
HnoFv04CNUc,0.392
eQ-yyKBzO4M,0.392
nEBt9cqIHXo,0.392
m9RtKQW5JyE,0.392
yaScujWX4uQ,0.392
-4XWO_3uKpk,0.391
MotE0ieEJ1I,0.391
bfAw7JveCds,0.391
BWefZBzR3Rw,0.391
46T2FFHUPXA,0.391
AiGKBNGlzHo,0.390
wAv_hVMCI3A,0.390
kEdU9elCLb8,0.390
37H_CwIGwNk,0.390
KXOcevcTHVU,0.390
PDxqv5PypyI,0.390
4nXUIU2Vk6o,0.390
MPsQvxwaok4,0.390
RY7sd72PqTo,0.390
qEk0ngzf7u4,0.390
cdAyKMy5hjc,0.390
04dz9TqBL-4,0.390
HM3xmHWmuyY,0.389
V8z2QQFTaTI,0.389
fr-ysng57t0,0.389
z-iG8N2WXNk,0.389
3DkidpkOgiM,0.389
aTZKWwTh9yI,0.389
O59a6jJ4QKw,0.389
ZcFfWDTRHkQ,0.388
jKiLRoC4sCs,0.388
zpt6nX2XvWM,0.388
nfzbDz0jXsM,0.388
fKFca2-66O0,0.387
KSRyzDZvAQI,0.387
PJtkna7hJeA,0.387
iXUgtKM94as,0.387
89Wt15qAw2A,0.387
W6h07iMn6f0,0.386
_BQbQAgySqA,0.386
oT8DEUEQ4bU,0.386
rjBwza4t8OE,0.386
9g61Afi9le0,0.386
lanx8iwjrag,0.385
xDL6C2wK234,0.385
3KzXC8-Jc-Q,0.384
MJtbDLRLoVc,0.384
luXzY84A0iY,0.384
Ba5k6Ii70kY,0.384
cnkdnaS1xy0,0.383
q36heHZy31U,0.383
lv8bPaSSvTw,0.383
285KqibHe1s,0.383
6jZLXNnHfLY,0.383
cfwtyEJmVW8,0.383
2oktobBBVkE,0.382
jgb91vpIS7Y,0.382
BSAtSRNVjW0,0.382
ejxL-21bk_4,0.382
X4uy1R4gnqI,0.382
3sa2tmhmC7Y,0.382
srtj-NAy094,0.381
cjrbZyptRnk,0.381
1TsKrJuPGPM,0.381
4HNlSQJ3Ju4,0.381
-9acXHXdF4Q,0.381
8UQEQMk96Y8,0.381
4Zlk76ztfoA,0.381
VR_pgkUOQOI,0.381
YgnH8xdP4ok,0.380
FMdgPJSlAQ4,0.380
VQV_CojQvK8,0.380
GLNxAVDsA3w,0.379
IuzMuzKJMO0,0.378
g0PAMxwhv84,0.378
c64MhQHyaxo,0.378
FNJpMhbhOMo,0.378
aq6Bs0aKbkc,0.377
v7VOoo5VRdY,0.377
IdwNo4rff7s,0.376
x7YUBDqbong,0.376
P_bonTnN9HI,0.376
0mpNZW3Wkuk,0.376
Mx2RZjNepZM,0.376
1VTWrLwol5U,0.376
20Motb54GJI,0.376
eG8G7M6fDks,0.376
axdJWD_LfpU,0.376
6ZtEVO_yZrs,0.376
OYMGPkucZYI,0.375
v9EBBCMeVKA,0.375
5CuNpFUglzg,0.375
iXgx0tDdUyg,0.375
oivEnMbe3pU,0.374
DAxKFCkSUBc,0.374
0akDWYITJpU,0.374
yfQDyx3noOM,0.373
qb9WMQ46cuI,0.373
E0yLRRR2Yvk,0.373
tiwPGScQqOY,0.373
o3m5Nn0qFt4,0.373
GNfTEq5P6vE,0.372
6tWxzJPheDs,0.372
0TgTAv94cAk,0.372
WRXAa62LG3M,0.372
tTEXi6eqBGw,0.371
J1TeMhLH6KU,0.371
WrEa-YKu5WY,0.370
u5vw_INhwis,0.370
HwfBSVBB7vM,0.370
PJt5Bc8XMgI,0.370
ITiyKmYnL-0,0.370
XoO53CfBvfc,0.370
pgyfXnVTI08,0.369
EQiKF--fJxA,0.369
psPJk7c-ph4,0.368
2vsnyFckG6s,0.368
ONYaUnJOWnQ,0.367
4nxAGwXArog,0.367
GYwzXH-0yhM,0.367
c-3fZu-ghyE,0.366
6ALbHTBdgc4,0.366
cNgj9GEq4EQ,0.366
yLayDygtcCw,0.366
W5XTnw1Wum8,0.366
tWI87axnWJs,0.365
sffVO_KTQkQ,0.365
RGMP9iFVBvc,0.365
tLTFojoV2Ik,0.365
nct8d2DdduE,0.364
me_7pjdp9tY,0.364
l8xGb5oD3e0,0.364
qnBiEWG6NJQ,0.363
PNZ0SsVy7jQ,0.363
5qb8w0kFVL0,0.362
C2PLROZa7w8,0.362
Pv3Bea_oA5A,0.362
FvzYeufHBqU,0.362
tTl0iFBJpZg,0.360
epFkIpkPUMk,0.360
3fTB7BJJdpM,0.360
ie0ZAOPc7t8,0.360
dMDWs2Z0g7M,0.360
H1Ix7XqX1t8,0.359
iMoKejezy2s,0.359
iyGliIUo1CE,0.359
hIA0NGx5vr8,0.358
SRA4C-xGUoI,0.358
aHQkSu2WrHE,0.358
vBJp3VKl7_M,0.357
8xX2xlu2890,0.357
Dxb3i3nnfpg,0.356
myLl8_2FQnw,0.356
9yvaqLy4La8,0.355
bqv7MKi1-YU,0.355
vvqpUOqz38c,0.355
rCSpGxY71RY,0.354
yqaMzuE7Y88,0.354
rxusroaBhdg,0.354
LXfcygppB4A,0.354
eUvvxpAK3_8,0.353
NJI0QblVTfw,0.353
wDzyuQs3QOQ,0.353
GbzyfytVlkM,0.352
bU0yUkXIMyQ,0.352
5r6VhM7xYD8,0.351
sq6fDCwzz6o,0.351
ywlMUsL1_PA,0.350
Qz-r140Lm_o,0.350
B2hpaJbVY3Y,0.350
H97jcQcmdNo,0.349
2d_X2escZ7w,0.348
6CgKzaQqaC4,0.348
LVjtDxNLwyU,0.348
mvJyiWVzsV8,0.347
i3mUdylBz9k,0.346
KV43im4RC6s,0.346
O6XmLEgOZcc,0.346
NuikogQHXD8,0.346
N70a-T1vTZ8,0.345
TO9UAopy-BI,0.345
MoqJ9pyj6i4,0.344
-OISMGcYBig,0.343
meqSNVS2Tfw,0.343
2w0DzBuc6kY,0.343
S8UmPvKiao4,0.343
eoBk-MPopo0,0.341
-jn6i2QhxiU,0.341
uRjm02J8AuE,0.341
gaBHxc06fZ8,0.341
BRG1OiO75kg,0.340
nMUA-vKPOO8,0.340
3x2e6kYmHSc,0.339
wOLVQtDxTkw,0.338
vPi7jOtYY8k,0.338
iAOVr3huVIw,0.338
zHNbm61yHk0,0.338
SgGHazlRFWw,0.336
YsLJ5lIwXBY,0.336
Ue6Fw1UDFkI,0.336
UqlJ28cSswE,0.336
bnQVFmXUx_U,0.335
8X5if4fVEWo,0.335
O0Q9O1o-O0Y,0.335
Mn65zbSQhro,0.335
2aeQjR5zSq4,0.334
iV1loZrmUPM,0.334
bCyXg8LXctk,0.333
tRmR1_vzpQs,0.333
DFOuWWW6fMs,0.332
dJJGl8X-qUQ,0.331
SoxGlQGyV3g,0.331
XZSqxV0H18Q,0.330
miNJWx6AY1I,0.330
VZSGfaug96k,0.330
PP7nLmZ5GgA,0.329
aaMZGRvoyKI,0.329
ewZ2L6fyqBM,0.329
c-zeqS7Qsjs,0.328
GdW72a8D5CU,0.328
xUkqXGVSDRw,0.327
OyFSODMTZa8,0.326
YR4gWYOZqx0,0.325
SW-7c6VRRlE,0.325
lpHT7ONFdr4,0.325
rYibCnHQooU,0.325
dFVX_2UQ2WY,0.324
uhuBnc3V4V8,0.324
b7v9o-qB8yk,0.323
WtrYdkmSh4I,0.321
raA0i7j96pg,0.321
DnVljRDpneE,0.320
8ShkAhUJAbc,0.318
061qq8evBM8,0.318
NnQgBr3e3Zo,0.317
tTzuhm2Vje4,0.317
iUbxX1WJ2fA,0.317
g4bYaX4gH7w,0.317
iI8d_JmVPcE,0.315
u2lJcX7IIi8,0.312
QvVqASvCGv0,0.311
wBoGDfak9ls,0.310
43KQ3ccyUrw,0.308
BMh_u34knsI,0.308
6jK47-iOn1s,0.308
HtwaJ3oWqxU,0.306
p6F3BgCz-0k,0.305
LyMiuGZQlC4,0.305
ZBoGW2-4--U,0.305
uEg3dWDLaeo,0.303
Hgb6QSKiLZM,0.302
GH4SJNn4T9I,0.302
iG7_XVE_b5M,0.301
331FIS-APxM,0.301
zRjVHahetoU,0.301
AZlChK7384c,0.297
rqrdBU5E7WQ,0.297
OFRp62HiVOQ,0.297
UzTG7nIhzC4,0.296
kIXg2wvkGA4,0.294
HeFuY9rbts4,0.294
-1BsYWf298A,0.293
eSzTy1GIDB4,0.293
RFHvcqCjOfM,0.293
tZIRYslTuNQ,0.292
yWhflRIAgYA,0.292
SqG-AJq1M4M,0.291
s3RCQEAV3ws,0.290
XCl5AfyLzuQ,0.289
eTuYY9udZ4k,0.289
82dBvuMQkL0,0.288
ib5u1_VAbag,0.284
bLmQWh_gI5U,0.284
DWO2zYWSgLY,0.284
oe0sszVnat8,0.283
RXzk7OdZ0Hs,0.283
sRJT9LF-JtY,0.282
WADpdgC7QXE,0.282
zOpXHiamLBI,0.281
GOAIo5qOAbc,0.279
9TzHEbLmrP4,0.278
sXbHmTgO2cg,0.278
yhF2wHwBB-M,0.276
IDCVT5ln9xM,0.275
09G6PvM5q9Y,0.274
rKMv7ub2tnQ,0.273
VV1IgHcNJj0,0.272
MIMvdipVfl4,0.272
6GE3D4pqX00,0.272
mK6iXuEqzuM,0.270
CIya2rlP-Y8,0.270
pFB9E0OeaBM,0.269
DHPGhp_0Q9g,0.269
b10X4red8cM,0.269
iTNuLXsTSGY,0.267
gErsAnhzcHU,0.267
MTYnq2NV_OI,0.266
H8JFLeFcZx8,0.266
romG2ippU3I,0.264
aavC8M-JwbQ,0.264
daovdHcryx0,0.264
VfEGUllrjcQ,0.263
7LApW3SCaVg,0.263
xajm7yx7628,0.261
QAYy99rqMDU,0.258
Lq28wBTVd-o,0.258
a2QqhuSOGLk,0.252
hsYK-SGE7bw,0.252
l9Bl3hNV068,0.251
bfvGDegt5L0,0.251
_9UgC95B-U4,0.250
rnpPuKfv6Xo,0.250
Ir1Vn7iiCS0,0.249
ZHNIpAtxTag,0.248
GemOkI6nomM,0.248
2mLrT1QEdTo,0.247
_j0Dk28eSic,0.246
gwv9rj-ikRw,0.246
2NUr6y3R7Mg,0.246
CWOtz_DQMME,0.245
AJNbJRfDVFE,0.244
IIFlA5xauBo,0.243
zY_1IszHsw4,0.242
QUApvjAjUFo,0.242
eOmYOhjJ5AM,0.241
sw-UcgvCH88,0.238
hpFzPXqkk7Y,0.237
Mx2DG5Dgmpw,0.236
x99VnoxxVFI,0.235
Xy_3qjc-F0U,0.234
QTl3mJn8-LI,0.234
fFupvuLTqlI,0.233
ZfK7ipaA9AU,0.232
AiupBf55ZwY,0.232
TqsQsKi1YC0,0.230
9TUOPjykpWo,0.228
zjzcykX4w6M,0.226
AWeHZU2Y1f4,0.225
v03PdAFa3ig,0.225
ZnB5MW1cKUI,0.224
ERxi8-r-v_I,0.224
OfpU-cqHBFM,0.224
qTuY_jb5CdU,0.223
9hpaLG4Ivjs,0.223
Cia-3TsARUU,0.222
g2i8CPp0EmE,0.222
V-6aKkchXTU,0.220
sjHzf6kG1wY,0.217
5Fx9rw-Rbf4,0.216
R7P_DkRFMuM,0.215
3owNawtFsvE,0.211
SpZKj6yhoSY,0.211
0X50pUI1uds,0.210
a465BNRqFeY,0.210
75Fp7E9YWT8,0.204
AvjaYvEv8o8,0.198
AoPoqXQIjoc,0.196
1IyLTFZuLck,0.196
9QJiRuweGN8,0.191
Z67QMJD_9Zg,0.191
E_bI0pomwqk,0.191
zY4jlBhU_SE,0.190
spq12jSQMPg,0.188
Yhb2Cb1m_Dg,0.187
6V7O4z-tHyk,0.184
ftG_r34-RtI,0.182
UE_4zvxT14w,0.181
t6v3pPEcROY,0.179
JzJh6_8APLo,0.178
OY7oj3LYQO4,0.174
AXeakSgQF8Q,0.171
924jA69v7u0,0.156
T-ReC1JGMzM,0.156
VQEX89IbNPI,0.143