pEp5ztD3ix4,0.548
8GwqbahZi2I,0.541
ueWzg_8yUEQ,0.535
ZDZ8twT_gCY,0.535
STdWY5NYj8s,0.530
mpDwz42YtYc,0.528
nU6pA42x3gI,0.526
rvnNUgmqIxc,0.525
qfexmhtNyAs,0.523
l7R9urSs358,0.521
6hU0OI5r2CA,0.521
x-f8GqYIwss,0.521
eKWiIZLx_Ik,0.513
vP1A7bqHyI4,0.512
b-pSwxg6_u8,0.511
z4WkrKgZ7Vo,0.511
80jH7ml0uIA,0.510
yCbwZ0zI-lw,0.508
le6vodQGeVI,0.507
stQh3noEIgs,0.506
JmrKeJjxIWA,0.506
yGr89ajwcPM,0.505
H1uLv_NtKgg,0.505
t8HPQNH3lO4,0.504
tXXvOYLDADY,0.501
Y-kx8JEDgnE,0.501
YMjLdVcplC8,0.500
U7CNZ4Rzaiw,0.500
bh5dS96tn7o,0.500
p4eJRxTDtEA,0.499
nkaxbmP-Kow,0.498
IkhG82LE8SE,0.498
uWjCJl2xCaU,0.498
9fZKhKUtLwc,0.496
rXW5YjEJHSg,0.496
eqNGd9D7Jsw,0.495
MM0iXyot958,0.493
rkh5vSwaxAs,0.493
jg3yR2594p8,0.493
laxE_HvBM_Q,0.492
EFNvZN_tfcU,0.492
_QQ_ogX2RI0,0.490
CLgr__uA_Ao,0.490
WJcxBW9DkSs,0.489
ZttG1g6O7vo,0.489
UMy4MsJXgKg,0.489
Wg-f_ofsOO8,0.488
2jZDBz0qVtM,0.487
q6R3ZRhtK_Q,0.487
FDj3PSXa-eQ,0.486
t_jB9xOKxkI,0.486
702H0J-mfcU,0.486
3uaHkFMslds,0.484
J2KGqljzrFs,0.484
337TCc0H_5A,0.484
QNi4O0Jg3Lk,0.484
woczOnkz7BE,0.483
EOZGmH36D4k,0.483
Blw5rquSkwc,0.483
pFiMbIoGFkA,0.483
zrX5TsNvjcY,0.482
lebSVjEXhRI,0.482
jZgd9B7CujU,0.482
AzqW965Dz64,0.482
IMF_P-bUlQE,0.481
VxDFi-EY2Jw,0.481
k7sdhilnhqk,0.480
F8FMHudkfU0,0.480
QhO3q7G-6-Q,0.479
n9IrcmiEXCs,0.479
_OP0NPyWMwo,0.478
a7RxWSXkpRg,0.477
wziqKyRIelI,0.477
QgJN9gJx4Tk,0.476
uoueuGd0SDE,0.475
LFWfJpgM8GU,0.474
P6fbdGeDENw,0.474
m_4Sqbk4RAE,0.473
OYa8sXCdM8w,0.473
5IwmuaKE7tA,0.472
GSr2RlZzIc4,0.471
SIO9Ui58WvQ,0.471
czHRzfKHJfE,0.470
entSIX_judU,0.470
iGCOar4p8LE,0.470
EeX2H3X3e4Y,0.470
wPkaD8mheEU,0.470
iesbqT19W0A,0.470
_Lnf3pBgbKY,0.469
8yYzxfX5y4U,0.469
R4gvvMWb7ns,0.469
e-SKTr_57ys,0.469
3dObh-JKk-w,0.468
IXp_Bso7lo4,0.468
fU7gUSuhIPA,0.468
XlLqJwJHjp0,0.467
e4QT8eRA0Bw,0.467
ShZLMAyiSw4,0.467
Q7UZbZZB_d8,0.466
e56auJofg-8,0.466
Jtsu-w4qcAU,0.466
qveIGwMhAaE,0.466
Qd3NPNSAmtY,0.465
N8Fa6aJQ_Ug,0.465
zjwppULzvs4,0.463
vKA7b7Zxi7A,0.463
dCk6Eg5tJdI,0.461
blZ30Y-nKnE,0.460
80fu5CQ3n7s,0.460
fdxlVNHOnqs,0.460
gUvRDAKVKd0,0.459
MqUcuZujSCo,0.459
NnZX4cPJ2YA,0.459
DjoQcFqLlCM,0.459
s8QsBMpVKUk,0.459
qgkO9Rp7XsY,0.458
gQ5IxtnHh7o,0.458
k-zmjLd67k0,0.458
2AmIPhqx7ZM,0.458
aVVglnnRRdI,0.458
xerwiLhbdJ4,0.458
CrkxGobkcDU,0.457
ilwaXikbIn4,0.457
uRF8F_1wBqM,0.457
7RQyyXFFUNU,0.457
9ia-AQdkJzM,0.455
nrNPwytgLHc,0.455
eYi1VHsTlbU,0.455
xzZn_CJJMH8,0.454
PjDFi4_x_M8,0.454
h1A7wNGYIss,0.454
NkCRS_3E9eA,0.454
uuV65XfGTCQ,0.453
MEFrkPZ6EUc,0.453
Xnt2fRUtrwY,0.452
8Kwv5-tOcEc,0.451
TM7t5oV2Ugk,0.449
cNeGKdILr7c,0.449
Gc_k7886RPk,0.449
gy3d9BRNu34,0.449
XImeSFSLj0o,0.448
ZlCJ_trDICY,0.448
xabABQnYfEw,0.448
x61YdY8Vd4A,0.447
Rc_N-5SQNSo,0.447
ZG2ZvtSmfTk,0.447
OybhNfjbgzc,0.446
AnFg5cPNwjQ,0.446
m5zIz4uhMac,0.446
3CtQLVzwNSk,0.446
RMkGFkVSNjs,0.446
qHCPzOHt13w,0.445
EBbekHOwitQ,0.445
qygmYPzpub4,0.444
AZyR87APR2M,0.444
dzDW4xd5N0s,0.443
UzWFpG4MDfE,0.443
uoUokthnZrk,0.442
b3pVahLZgAM,0.442
i28odG-O5us,0.442
s10n2Bj-Sug,0.442
nLB6PrDs9Bc,0.442
5-5uLMDNHDc,0.440
MY0umlgvjWs,0.440
F898rbUvzV4,0.440
daSyezArFK8,0.440
n9PxQWhA20c,0.439
gGnI9jvaewc,0.439
85I_ekLlBQU,0.438
yfgtJ1L3O1M,0.438
As1OWrNPSoo,0.438
edHzv4AwI0M,0.438
gqP3lFPd1bw,0.438
oO9n23wVNJw,0.438
Z50xGDn_n78,0.437
XnCntK1ks80,0.437
X3fDmdW6QOg,0.437
_4sMJ77wMu4,0.437
P4KSBdt3_Uw,0.436
IgvKLKLV3nU,0.436
4Dw27CXqWXY,0.435
nnCqJ26VPcE,0.435
jrKBUcWcQcM,0.435
sr1L4nGmXT8,0.435
l1LAjtMnBMQ,0.435
M25biwgCGRU,0.435
Sesa2Auxjjw,0.435
EN38BSWFz3Q,0.435
o0dLsRhwTWU,0.434
qvXWrZKm0QM,0.434
5NKMZgqhYPY,0.433
_ozR3txTer0,0.433
3nqqUxDhoE8,0.433
miIz-Z1RSLw,0.433
cIEGFP4ZhL8,0.433
aYKaJYbiHVs,0.433
BKBFNno6v5I,0.433
5Z65jH-RjTE,0.432
yN_5WCZ4Wc4,0.432
tNw9A10xXok,0.432
Yu-29VAizvY,0.432
5eRoTwROJ4I,0.431
ilaXoZk9iUQ,0.431
5yMga1opCis,0.431
RAVTfQvzMmI,0.431
jJpFgiLWzrE,0.430
vHYSsex9EfA,0.430
qIXGjVAyc_Q,0.430
qvxQTlpuOjU,0.429
NVBFzr74eLg,0.429
dVhY8LXd1MU,0.429
7qR46RQ26Qw,0.429
4juapP1dRjA,0.428
IYUXwwYZpLM,0.428
mLBNekwYiPs,0.428
yetvS_L2T30,0.428
N1bviR4Qbq8,0.427
hzwCbCE0wAE,0.427
-7LY8XbcVFU,0.426
-Hby0HmVCno,0.425
z13qmkayrU8,0.425
ZPhRxz8dENQ,0.425
Ze6m-gZg3Y4,0.424
s6GAIregu1k,0.423
p-kbY1mQ7dc,0.423
GBTykKWiNI8,0.422
xqXTJlU3NTQ,0.422
eua4H8n1uEU,0.422
Ttmc5OzZIiM,0.422
d4hHWorain4,0.422
Vg-FL3RVZgQ,0.422
TabjFEnZYZs,0.422
L-HF9S9F8C0,0.421
F04SLdPQ21M,0.420
wfRj5YibTew,0.420
g5g4VbgWGt8,0.420
G6RAPNTSkjk,0.420
Qndv0vUmfhQ,0.420
g1SUPtHvMUU,0.419
Si-EYFmsPdQ,0.419
N5KuP9WaM5k,0.418
IOzGd50JMvc,0.418
V-pQXfmR2mY,0.418
XwNFSZZykmM,0.417
IXX77A4AZ5s,0.417
jdQdQ88lAqE,0.417
6-WTVzraS_I,0.416
6-ZAwPtv_qk,0.416
qEyuhUrB6WA,0.416
c07VNLc7fOk,0.416
qHZvK8fNsZ4,0.415
zSu38B8czm4,0.415
i0lp_r6YU-Q,0.415
tb9prKc11ek,0.415
EOugaH8XWqc,0.414
Kp94zvedRGk,0.414
BdDdvPl_NoA,0.414
VDCljMujLlk,0.414
p9HjlAsOPWY,0.413
qd9L7tayUKc,0.413
lbjU6oKr09o,0.413
8i59xhXLv1c,0.413
gcRriLih5QU,0.413
uOAXlqh4qMo,0.412
lD7Yj9cmYcE,0.412
SaO1oDDJGL0,0.412
vYCoyM0ZHwU,0.411
NnVGcKkTSSs,0.410
H9TIzhMtKT0,0.410
yQ5TfiTYpaI,0.409
lrFA88894ZI,0.407
-Y79DoQc8Ok,0.407
eQhX6Sd2PjA,0.407
eIRHJ7LdYIs,0.407
JgUulLpyZDk,0.407
ewomAhGWA8U,0.406
HXRp3AF8spc,0.406
RmIDu_LNnXE,0.406
ABbX3fK0PsI,0.405
XL4hZIZl3Z0,0.405
j3tA3fFCP34,0.405
OUZbnjF1sNk,0.405
I6Uezrpw0w8,0.405
zO3xpdh3WJk,0.405
yymsxY_o8Lc,0.405
XO71WKQhKA8,0.405
tY10jHm-frQ,0.405
8L2RMRT9UfI,0.404
G-MZeb1X5cQ,0.404
PqAn3SrCr8Y,0.404
sIIGvILSujo,0.404
YhglLFM10EE,0.404
majMmH31fc4,0.403
jjk3APp1lPo,0.403
g_K3G0mKHWs,0.403
3IQOguhUMpM,0.401
7q9ImCl2P0w,0.401
i1OnUEbj33U,0.401
bPa0TiCuvR4,0.401
n6HI-FaM4E4,0.400
LlLQ2rf2Hvc,0.400
DbgI7MdCqnU,0.400
4ubDIdfiBMk,0.400
vkwmNlxuYp4,0.399
zXnbJCciYao,0.398
pjykSYFQMkc,0.397
rG6xZD1eZsA,0.397
R1-Mrd6n1b4,0.397
O6xXVe-Imd8,0.396
LqiTGZhnZUE,0.396
wIG6ZZ9Cix8,0.396
3Pzv4FLwWaI,0.395
ha6_M7kcOHw,0.394
gTxWyvP9i58,0.394
AqrKSGHFDm8,0.394
usMKHR0gDUQ,0.394
Q4xhiOTWBUM,0.394
ALsdB_0Fj2k,0.394
kWZ7Ec_K_7c,0.394
6jZv5Xridhc,0.393
gnpx1A422I4,0.393
0ZXcbuKzurQ,0.393
iWJXKD8NPd8,0.393
UNbDTz-sR8s,0.393
VFrQolZDspM,0.392
dWtXIthnwmI,0.392
xZz4yfrBy-g,0.391
2TD89DfyAQQ,0.391
NUEbdDRUdCo,0.391
YYEqGLJbsv4,0.390
xTkm20eGBxU,0.389
F7KBO5-JX_w,0.389
SRfWIPG7GR0,0.388
m3S_nuuo9_I,0.388
wo768HeA-LM,0.388
5PgfhDSqIto,0.388
IazhvG1bLCU,0.387
5R31X8VRyw0,0.387
xh-5XM3Jj98,0.387
yg9HZaQ1PR4,0.386
RKtTU62B4xo,0.386
mUiACCFMhM4,0.385
tRE9iQY2dSA,0.385
qQjgB-aZyOk,0.385
BM4Tc-UWGfg,0.385
uE-pCbkwMrE,0.384
bs7SuRi7Ams,0.384
lT8fhoXt86g,0.384
S9mGAqfGUNs,0.384
JQJDzhWFYBM,0.383
U7ZXdEXfSYs,0.383
DWcYpENu0NI,0.383
YK82Wf7jeLA,0.383
Rcu1MxKU-OY,0.383
-6uQPhKW1Rw,0.382
G5FDodTYhC4,0.382
ZUBw82KGI_w,0.382
OULh6_PhLLc,0.381
TECZf1YHeL0,0.381
ury4x0Rr4es,0.381
Wvxl_9L-QzU,0.381
zpwa4F73RuA,0.381
JJ-hS4KVM4I,0.381
7NNarL8LSdM,0.380
f_3PxuC2-Hw,0.380
BOKiOVyLBK0,0.380
HqEJTK7NaCg,0.380
ygjOQDE2B4g,0.380
utcD8UeQDB4,0.380
ox0yZBSz4B4,0.378
_VZslttkWnE,0.378
ChjGmw6pcn4,0.377
b0kMrBrm3Kc,0.377
ixiw1HmmB-8,0.377
KhVzD_wUKnE,0.377
WFtr-mXkAic,0.376
qhjkmWs8dg4,0.376
2Sela-8BF9Q,0.376
MAZkUYxKErQ,0.376
Dm5wDjmJJ3E,0.375
aiwlFngCvTc,0.374
T5FZNTYQsVA,0.373
a-NBET1MRXE,0.373
WyReGlw4-CQ,0.373
U0z62IALjqM,0.373
5t0XdZvOlMA,0.373
OgUsumcEOr4,0.373
X2NB47cn574,0.372
B9ItLOPAbCk,0.372
ujegv2WNGYA,0.372
8098eN5gG1Q,0.372
6tGoF4ClFEg,0.371
pVEL_h_Nbu8,0.371
8EmoSy_TxTM,0.370
e69Sq9odvo0,0.370
hpSM9cqYMIY,0.370
xxV2qX4MUXI,0.369
cOVe8R068iE,0.369
0hxlcf4ocyM,0.368
PheDccVeOaE,0.368
8FiVRIYF0qA,0.367
SzPXRXgSrc4,0.367
0UiLsWdp5JI,0.367
AZR2__dKQ7o,0.366
UPB0D468lWE,0.366
aN5ztQS9iIw,0.366
JpzmAQCpq5Q,0.366
2iOsFTitvYE,0.366
RAQ6zX4n1o4,0.366
v1X12jKqEWY,0.366
s0Oyg_xWjZ4,0.365
apSn6JxW0y0,0.365
qd3h9dHkMAw,0.365
cyGVR95P8t0,0.364
3xEUAGxfa18,0.364
Y3jxJv5UiPg,0.364
odWl4M-Pzw0,0.364
ExtFskrOHUQ,0.364
hYZdWHz-qxA,0.364
WyuC9ph7UYI,0.364
HKJG9_jxdqE,0.363
YI39WMNWrGE,0.363
j1t1mlR8QZs,0.363
bq_4n5m5A0U,0.363
Dzku9lTNvZ4,0.362
L9TxpaORMco,0.362
2KFtRZKcxsk,0.362
1tORwBV9GnU,0.362
--mxjzQggx0,0.362
kXoBXwF4Yg0,0.361
84UADOS7RsA,0.360
HuShqEbNv74,0.360
rBU93T5SE3M,0.359
pRNEgkvJAr4,0.358
7iR1euIEN8U,0.358
Q5O2XThHdJQ,0.358
VU6fuZL9bcc,0.358
VDOCQfIbyCQ,0.357
6mwThLMXHXU,0.356
ykcsVRHD0dA,0.356
AzNV-oPJRlE,0.356
f87bfQfDANA,0.356
tGB7peoZdrM,0.356
m6TUaheWIwc,0.355
8-OjSLX_f6Y,0.355
Ec3TAVZigoc,0.354
Wnxlg48PA78,0.354
8E4Y1_7-mss,0.354
MeEARkgJd74,0.354
kzr7vDU1R7s,0.353
YkaZWDniP78,0.353
U5juUkzfnpI,0.353
5btXhHsws_I,0.353
xIZ5tN4-ZdU,0.353
Vc5CgN2mXvc,0.352
M-bnTklIHXg,0.352
AYgIXSpzGg8,0.352
qDo-oYIQ-NY,0.351
Pr2oBQqjfok,0.350
yEBMDB3Grwo,0.350
GoFzBiSqd6w,0.350
NcKyYqrzNYE,0.349
7WC7OKilMo4,0.349
6cC5Wio7n_M,0.349
fib4t3V_NQY,0.349
hcLbNar70cU,0.348
ADbti9AB59M,0.348
8w_OnU5cwNk,0.348
4eP2PCYLstQ,0.348
i5k1GA8APr4,0.348
ux2Q6FuvP-g,0.348
nej7ZGNs0q8,0.348
INQOo1oEyRs,0.348
K6jMzF7hYe4,0.347
Q3B6nuYyTLs,0.347
t4Gcrc9lMog,0.347
U5hyO9vmzeg,0.346
Wxc9YcaeFg8,0.346
sAqb75sRbFY,0.346
hVdE_HjIpko,0.344
9sfUeuBq19E,0.344
4zFTh_P3mHs,0.344
CPvJ5c6HsmY,0.344
PU_1d-jrv_I,0.344
r01QQURhzeY,0.343
mWv9lCLQ0eA,0.343
KoLzqUfIpSo,0.343
Gk9AGqXGkaY,0.342
dBxw_5h13Tc,0.342
PVv20GDSIeY,0.342
6KHJ73-_qVU,0.342
uuCgj0GMogc,0.342
rNpFcjaf0qs,0.341
641NqIpSeWs,0.341
_e7-bNxY2_4,0.341
QAAwI-nHA_U,0.341
SmxkAvtDthM,0.340
K18kwhjJPi4,0.340
BXZ269SNItA,0.340
9CyQ1JGov6E,0.339
qw-gbkZ9484,0.339
Gzm5XJkFn1Q,0.339
Mo67cCki4zk,0.339
y0RZdevHbDQ,0.338
6d3RqPB2E1w,0.338
kirEKLKRDh8,0.338
0bow01Aa6q4,0.338
UOGL0t03aZI,0.338
k073Tn3xBBE,0.337
287w0G7LfIE,0.337
ax9ENqtHY60,0.337
8zEhe6f2W5U,0.337
xczbRmasQN4,0.335
kjGqlxBoJ8I,0.335
1QecMUGdNfU,0.335
kY5jO7wz_6I,0.335
Bh5iY1LhY6Y,0.335
K_n14eYCTaY,0.334
OaSp01yIX7o,0.334
pEkpytaulw0,0.334
rqQRVM1EUc4,0.333
RoFZf1EDYHc,0.333
bbH9pkoByWs,0.333
pcFhAmcwzSk,0.333
PIyEveh4utU,0.333
_esNWrRcRFg,0.332
pdzZk7cBE8Y,0.332
y00CIYEtrek,0.332
7quhwsVwGQU,0.332
tB9YImy2do0,0.332
GcP5lXrktPI,0.332
6I43pGWdTLM,0.332
UzYgxdDBx8g,0.331
2doEhQaynLs,0.331
dcZMiiYXIck,0.330
bjuht1U3yB8,0.330
NBCiFcAKEtM,0.330
evvt20qs8QI,0.330
w9FnrrmETFI,0.330
iwSKWPdK4Go,0.329
3tdd2niZHJw,0.329
fq4mKb966wY,0.329
gdBo66_vtjM,0.328
2e--8ORClVI,0.328
INrsfPkxJQU,0.328
edpsBTQC_m4,0.328
wAdp-Cw1rdc,0.327
_Vc4FCSnhxk,0.326
LlVlovvlFQw,0.326
DKQ9uD0Ssmw,0.326
i0Lc3hdjQd8,0.326
AqMcCNWVlco,0.326
qoK1U-l5gLQ,0.325
HrAQKrB2kM0,0.324
zBwicY6fd2U,0.324
I7CuH2ZkHRs,0.324
9hJTDskthBE,0.323
mIuK2Eudf7Q,0.323
v_qHWgmsPrw,0.323
JFUe5d6YW2I,0.322
Q4Sv2tcY_eY,0.322
MQ-vQbRc4e8,0.322
kAAXMlaqtrE,0.322
1Vh2m_wzT7o,0.322
vRHB7uk-lJE,0.322
siT4A5GVj5c,0.321
NAF_aZJAS58,0.320
2NKeg-FBa-8,0.320
_aw5eToyDkQ,0.319
d-RaMsXEzaA,0.319
YiAVgbAJlAw,0.318
yQ8TtyjVpJk,0.318
L7gOvIkUhfg,0.318
fwvqHAAhYTc,0.318
mEdYIFhyM5U,0.318
5j_HpICVCJw,0.318
9Eo3g4csCB8,0.317
G1xOnNKgXt8,0.317
UuHITfGQO4k,0.317
3-tQwy_D2uc,0.316
yik8xdbCq7U,0.316
RfstdxVwtJs,0.315
8gof3RlLNco,0.315
NPFNq8QfCYQ,0.315
pOnoNRAVniQ,0.314
LrOyPvlpK_E,0.313
r2SjO0TwHtk,0.313
AwiYEHfK21o,0.313
yoUKRHiyEws,0.312
noYz7COQMAo,0.311
RR2zdBqtsmY,0.311
WKuA5vhq_3U,0.311
wRqeDMy-0F8,0.311
O7xmtM0qzbk,0.311
qK-2uKZV1w0,0.311
TXqyOgLmd28,0.311
ojCLjB8sFAk,0.310
LH5LfInHPBc,0.309
gYFYzJ1A5Ao,0.309
y40TATDFnoI,0.308
l9SwxbPyFYw,0.308
YX4tbcj-_6M,0.307
hISApPkwvFA,0.307
PidNNUE726k,0.307
pd6IPSDNGOU,0.307
jehw_FJ-3ik,0.307
LU5TqtNlA14,0.306
n2yCBwcN6Dw,0.305
AQyPkLiVwgc,0.305
llwzr55CJhw,0.305
MacCwWd9VDc,0.304
YVKn_IloftA,0.304
vpR7eVV2fDU,0.304
As1vg8-niw4,0.304
-4WH4WAv2EI,0.303
-4AuCEWMpGI,0.303
qcpKPOK4nnI,0.303
GVhsFJO0W8A,0.303
2mctNahlj6E,0.302
o3yyX0PfFyU,0.301
s7WK8pfwqPU,0.301
9bMRD-LLCQY,0.301
0R2fQlSICPg,0.301
YoR-K7cyQgo,0.300
Kd3B6MlrfrQ,0.300
dqbkC05paFo,0.300
q7XIxOMsYTQ,0.299
9_kZIkwVFaA,0.299
VnQWJ5uKglE,0.299
JOJ3wrHwmnQ,0.298
BpbariOkU6k,0.298
vEOnHzesX9M,0.297
AvsmLvYhC4w,0.297
-uCPV0Y55cw,0.297
n6V2hyHTBIM,0.297
cDV0Hcz6kvk,0.297
L1MJFtChgFA,0.296
UTjp1DtxIXA,0.296
4R6t4qozgVU,0.296
CJDHJKemOTE,0.295
F3gXAoFMmSk,0.295
0yumqDVEYNg,0.295
sWsV3JxLVi8,0.295
4FIyQarq3Jg,0.294
qzjrU65yXtQ,0.294
310PB9oVfeU,0.293
2hrM3S-2nP0,0.293
gSD3rTytYC4,0.293
ncTgyBNoSGk,0.293
KVodhTrTVhk,0.292
r67BH4eKQ-c,0.292
pq7IfSfUrdE,0.291
-lnUZGHUGYA,0.291
WWt11LVuhgg,0.291
HI3Q7uKeyVc,0.289
BQMrs9sUsQ4,0.289
FcONyl2_fXs,0.288
C2Q7SMIQumA,0.288
F3fBs1wKoEs,0.288
3qBaQF2HMAA,0.288
xQqjnyrT0ms,0.288
RDVP8QPXrk0,0.287
jTIVFEmIkf8,0.287
jlqxcBSUelQ,0.287
PTOUPyLMCXA,0.286
xeeSM3rU76I,0.286
KWmpQmSV-WA,0.285
gGFCVS2yFCE,0.285
35hf7kgCQFc,0.283
6eBF1gJr8CA,0.283
CSTmCrSaAPk,0.282
hFvh8wd8KDc,0.282
ybmb7-4k9Bc,0.281
y4am97IAbgQ,0.280
9hJB4LFFtf4,0.279
End8q1QgrSQ,0.279
7xdL3957plw,0.279
AMKE1P_O5HI,0.277
PXxRQBBNAbA,0.277
Zd0QBJUusxs,0.276
HzCYh36xxDQ,0.275
TtnQTqCw1MY,0.274
Em4E_M_SdiE,0.274
OFNFDKNNVAQ,0.274
E02CZ3hcPdg,0.274
l5y852-Rg9I,0.273
OQeA6er7w3c,0.272
ucXsCrT_GM4,0.271
YI04oDY9e54,0.271
GKggD4z6-_E,0.271
AzyU6gHnffg,0.271
JXd36B_CdQU,0.270
WPiowgZLjSg,0.269
o7TsDhi3qHU,0.269
Yj9UbB-Xako,0.269
hHtN7RYHX88,0.269
HxmGeAK4fcg,0.268
qng302abWTU,0.268
6IKKCDWHJ0w,0.268
NUQkOZhYbwU,0.268
j7-MiDVIrYY,0.268
skN0RO3MVk4,0.267
z4aV7su75Ng,0.266
-kar12S-yPg,0.265
luJSnRHvhLI,0.265
bckw0sdFtp8,0.265
SXUyqna4QZA,0.264
HSnmZLfufI4,0.264
bJ7K6toBvH0,0.263
rxtu74lTvBo,0.263
eRDQvia2rYc,0.263
MpxO3Jaiv54,0.262
b8ndu-apf_k,0.262
MwWAxQzodOE,0.261
g9qAuIO2Rvg,0.260
fm1oHa-MfaI,0.259
gOHptrfobUQ,0.259
C2ULbl2tkPc,0.259
eo-n84v_Qe4,0.258
7eE2hsnzmWc,0.258
Zo7d5hckhqc,0.258
VKa5TNAX0uQ,0.258
ruRKbt6tL_I,0.258
ZYFpEuNY9n0,0.257
bk-Y3clsgmw,0.257
MsGjAzxya-U,0.257
_BZvjbmUuXc,0.256
fzmPimL0xks,0.256
RyNMS4HaM6M,0.256
xZQUZxRHaWI,0.255
MtWVkv_dw_c,0.254
DqtD3DZV9iM,0.254
tr4H14W9YS4,0.253
dKUuyRWUaM0,0.252
gYwGV6mNM4w,0.252
vVmn07YfOfM,0.251
PPmYDmZS_fg,0.250
V1jnAOBV4bA,0.250
_Tr4RRnuntE,0.249
Zuo14O6ufWE,0.249
p98VewlIXVc,0.248
5U2_rz3f1KA,0.248
zeKWOYSmN2I,0.248
sFtQvXEeQXE,0.248
sP0L6p9dnM0,0.248
CpCmBKX1VDU,0.247
3CnnlPMpW9U,0.246
11mvs1gUGK8,0.245
RthuUYrbQW4,0.244
snL7Bubkaug,0.244
dCb-u2Fi6e0,0.243
L9FuaXC6yX4,0.243
y2LZr9ZVCCY,0.243
b6HHiK7GR-g,0.241
5b-teKnA5-U,0.240
Nkfv_2bupfE,0.240
V1E9gwxqGew,0.240
X5FmYGzKhzY,0.239
DjlPNY8ZipI,0.239
Xr4dkDSeUpA,0.238
cuuTMoSbuIw,0.237
urcbLUHdrYw,0.236
VOC5WFezU6s,0.236
viJpwGPmKXc,0.236
dB42dJGAVjY,0.235
t-AJqrP9L6U,0.235
s3uHz7JDqT0,0.235
P6d4VHy27PE,0.234
XuSe7vS-uLg,0.233
A6r0xEGl--4,0.233
0E0bJkrQ93M,0.233
B3z7WwDSzqE,0.232
vJO1LeUi_GM,0.228
SgJjj0MfdyA,0.227
5cYu7uZ_XRY,0.227
92MPNnQbsmU,0.226
J16XLd5Q-Tw,0.226
2BGgcyjMidc,0.225
J7wi7EjLgTY,0.225
7V37FIOTiA8,0.224
-iltOA8h73k,0.223
BnlenLexZ-s,0.223
2A1qopohWtY,0.222
UfZrnDN_Vf0,0.222
-viFB-0nnyY,0.221
JMGboqrh0RQ,0.220
vvxIw57Rb9c,0.220
RtSY3pqg-A0,0.219
QArntdfFp4s,0.219
XOiOZkHzEaQ,0.219
wPlZjkTb3IU,0.219
zCxVOgdG1OU,0.218
YCr-prbG4xM,0.216
g8plKFB5ers,0.216
PbzJUTayx6I,0.216
DcWlLxtvn9A,0.216
-_WBV78P7cE,0.212
ALgHIdmDw9E,0.212
4DMPnY4LS6g,0.211
ucjaVjEfZIo,0.211
mvaGCcj-unI,0.211
-oYilaySkg4,0.210
RznfQWJI6Y0,0.210
fg3F6gAi5Qg,0.210
qiDLvb9BOoI,0.209
D8Bs8xLA0u4,0.208
o9j16ywIlyU,0.207
mXRaBwLUF3k,0.206
_GCgfaBI0QA,0.206
DhDgcKp7s10,0.206
w7WScZnmgLA,0.206
TbnKDjje438,0.205
1DTWLX5Q01I,0.205
MMeIffSAlCg,0.205
Cx94toqJjF0,0.203
SbiBEXxr8no,0.203
wRSOA8SdnCg,0.202
yv3N_UU16CM,0.201
PbS62VbEGUA,0.200
ENSv6YNjzwY,0.200
8qtWcLLCpkQ,0.200
T2GpCXANbYM,0.197
PHGUhxYq348,0.197
_Mpofl-NTaY,0.196
DR0IK4kl79I,0.195
BGZkDBc6vAk,0.193
4k6qeP1-nYA,0.189
OaEnBfROKAc,0.189
AgioftPtNys,0.188
uSiJOxDUXCU,0.187
KB43fM_ozKQ,0.186
uda35xNpEfk,0.185
3XqimMhokUM,0.185
r1LmZQjERcI,0.185
G1tNaDXgK3Q,0.183
qVj2EANvGxI,0.183
_zE38CnZ5Vk,0.183
KBkR2kL2P3Q,0.182
ME-ZrQbFDtg,0.177
FqoC33CfOvk,0.176
GR0oP0BMAOM,0.176
FOIlh0Jd_AY,0.176
5bp3wrnl3WI,0.175
ZWKuOo6oE4U,0.174
tV-4qbVDT20,0.174
x-eMEtB8t10,0.171
1e2Tb35sslw,0.171
fYYcyme6k4I,0.171
nqxWMpm9Lbg,0.171
Q-okESkiGdk,0.169
lnP8FtmhXMk,0.168
BkOO_CsBWEQ,0.168
vPmxgXS9o78,0.166
Enlj2JVcxWQ,0.165
ACwNmMCI_KA,0.165
8QwOu6j20Yc,0.165
mD-bp4kchY4,0.164
GKSRyLdjsPA,0.164
0kSZh7ecPGY,0.160
k0Jrrj43WpE,0.158
bVdXSVpZrZo,0.156
tbBnkXpsPkE,0.155
EMKCNJDy5Ps,0.152
TMwKeR5MZz0,0.152
LjkIV-zq_Cw,0.151
aB-et5ZWmzk,0.150
ZZUvseVCShE,0.150
Ai07PoXIIfc,0.145
8rfD9oggrMM,0.145
eJZTeiEzQjM,0.145
HjNRXl3jKqo,0.140
VzcPLY4gjK8,0.140
enUJb9rs_78,0.139
qkCUcrCBjDA,0.138
K7gNeD8-01Y,0.135
yhX2Nn6N0Bo,0.132
N62KlvhdA54,0.129
bxQ-M5N220Y,0.120
RWAIYxLuja4,0.115
tgyOEeEGY1A,0.114