slRU35Kan7E,0.488
iwPTMFsM_VA,0.486
x4eNxKXsPMo,0.474
-H9896wTaqI,0.472
Jay_ICnBpkQ,0.472
8cGiN5XTnMg,0.471
rcyA9mei00w,0.470
n_Vwxd5Bj_c,0.469
UzpGGoXNWlA,0.469
uKXgybE2uZo,0.466
oDyetP7HE60,0.466
JgYiqqvHXnQ,0.466
2QrUOyIJmMA,0.464
-P6_TgmV5ug,0.464
3IhvL_Ogywk,0.463
ULnJn1u3y_Q,0.462
y-gDDc6tISg,0.462
CyFNcG59bfw,0.461
Q8Ndz_PStgI,0.460
AxZKxVB-Wmo,0.459
31a-BgXCfTc,0.459
rrEQSwerTtM,0.459
Ua9x_Vs1KYE,0.459
pt0Ye_fbglo,0.459
H_OAovANaO4,0.457
HUkydSYSRvI,0.453
g3yzl2RVDQs,0.453
-ldJO20zuHo,0.453
ks-gguXekmk,0.453
o9_Yj0kvsoo,0.452
XWEqL9-N0Yg,0.451
Xokx_x3mbvw,0.451
i2_EAcNn4Xg,0.451
xmlG27wWOGU,0.450
9vOcxRhk7Q8,0.449
-haL4faxsyk,0.448
2L2GgEsFazw,0.447
RW0GG-5Y51o,0.446
8HAEZAA63RQ,0.446
-R85vYgj7Z8,0.445
2o5ji0nccb0,0.445
upYCdr8OzHQ,0.445
LxKL6vHueNw,0.443
a7inQxmmzMk,0.442
k0KFqW2ivzg,0.442
QQLrEy4EXAg,0.442
oKEz6x_X2Ng,0.442
P3ss7qW6ft8,0.442
dIT4Qh_dsIM,0.441
0gz71k0_6Rg,0.440
YevUIe6-sw8,0.440
1i_dxHUsAAo,0.439
deDRkEcd5mw,0.439
Djn4lEE2BjI,0.438
-jBFfCl-Qjw,0.437
ZoJ2ZX5TTU8,0.437
gsJCx19tnBc,0.437
qsjOF_Lrrxw,0.437
ML67PVxGEJk,0.437
wdOxYGWcFSk,0.437
h6x8o4IZldg,0.436
T8sxbkGFv-4,0.436
KZ7K2O5IvrY,0.435
bxDL_qiZWhI,0.435
zqYCo6dC6Oo,0.434
0arElExapRA,0.434
ofI05fuOAaw,0.434
0rrYirjZhqk,0.433
3TP8WrM6TL4,0.433
yAyihOEMPYc,0.433
-ZsYu5yy1Nk,0.432
rCK48yu8qV4,0.432
c87fHyPNCl0,0.431
A04RsszJ3Kk,0.431
5M9W_gUXk-s,0.431
kLQl57MHZEY,0.429
rVNtk7XINcA,0.429
AQrRvyTcItk,0.429
WIBBJ12ugvc,0.429
rB80IzBfDqI,0.429
z7b54DQZY40,0.428
USUxOOTLivM,0.428
emXGwHUTfZw,0.428
65krDW5H7Q4,0.428
FGBW4BkQdgc,0.428
binK_9pLrc4,0.427
T9Vy9jYo9TQ,0.427
5zqv7jtIC4E,0.427
VQvOOMj22cA,0.424
agqViGW8gPM,0.423
UgCcxBFfUaI,0.423
abFlR-NpRU4,0.423
3tnhE0gld5Y,0.422
I7o17hlErdc,0.422
nzSYCPHPmRg,0.422
8sOkntdXu9Q,0.422
TJCQSpHGbMw,0.422
tUP4oMGW_n8,0.422
c_t7EmShAQI,0.422
mpJH6Wnz8HQ,0.421
pUQmZqKBsMs,0.421
oSAUqqGXpYQ,0.421
uNlLC4mqc1E,0.421
YPPSv9b0pbk,0.421
bPvhTFLMFqI,0.420
VhM3Z3Qzwqw,0.420
b8hsBzAQQiI,0.420
qenR5FJHafo,0.420
0AU40mq7u4U,0.420
esBwev6HyYE,0.419
8TfK7cavxWk,0.419
5BwUJekvp8o,0.418
sxE88zw35oU,0.417
uryUeTZ8l3o,0.417
uPWmUV5xn9k,0.417
59tL-HqlcU0,0.416
MkUTAYVFH78,0.416
uUY78s_KdtQ,0.416
5uMIoFykixI,0.416
n4xNMl1ivJM,0.416
zyRJxo5Xn_4,0.416
_AvjrqBgKDs,0.416
dSol3HLGB5M,0.415
d8Bxg54QuZ8,0.415
9zlIygRnLSA,0.415
P871I4H1T1Y,0.415
aIg6Mk264LI,0.415
ZDJPdKKLIkg,0.414
C4JCVSPH_5A,0.414
vyAy5qS638I,0.414
NpyzkckiV2g,0.413
7x1Hciw-wcI,0.413
nH5c5A1YIu8,0.413
x7hNjUv0ZWo,0.413
ei7cIV7g3F4,0.413
qGvzuZB_MJM,0.412
-hJCmOhmGVo,0.412
LEuQ3FULSyQ,0.412
h4sJuqm92LQ,0.412
QAnqV6zrAdI,0.411
Vx4ajxQYgxY,0.411
g-bKMIbhNwk,0.411
-LQWZGct3BE,0.411
vcRq07oVanw,0.410
VXVEsamX7TA,0.410
ugunmVdjLrs,0.410
EApw3r7cL84,0.410
28Jzj3NuEcI,0.410
69qXrAeihPo,0.409
Toa4hU1b21U,0.408
4SwAuXR1x4U,0.408
Z7p04KL0iLk,0.408
xiGhpcqU-6w,0.408
MALyWqU4oZA,0.407
VWOTcY27thM,0.407
FTk3m0SD48M,0.407
uMPmCv3VA6s,0.407
yym9bwDv7dA,0.406
0tKipMBCv7c,0.406
kCl8oepseDw,0.406
AzxHKI0kEls,0.406
ey5W0VP7MX0,0.405
65nEg1OjVzY,0.405
lKVCMyFNiHg,0.405
m7X9Avf4pIk,0.404
vLUYdxIcUq8,0.404
Uxr-RMwZ354,0.403
PV-HTH2USn4,0.403
6dmoW1-979o,0.403
NohqaEdtcSI,0.402
srIMUfigDyU,0.402
GhcXFpaSLd8,0.401
EX3zbY3XFDU,0.401
PO5XRnM-Id4,0.401
PYTohmSH6CM,0.400
wqqx5meNZS0,0.400
M4yIlWnONp4,0.400
hAxfgZFoRvY,0.400
zbK-lJBi2Zc,0.400
GdRj3hH_ViM,0.400
meAHw06Mh-Y,0.399
hqiFr-2RSsc,0.399
otciM8X_dzo,0.399
ICrBjf1ER4Q,0.399
6TMtqRGsNEE,0.399
OeniO8VT-9g,0.399
4qXMzf35YE8,0.398
CCaJeU5052M,0.398
sK2trqLAEsE,0.398
2_d-3E29bW0,0.398
e533AiRUaJY,0.398
0bRhHkRe7OY,0.398
TpCwoRsHfrY,0.398
C0r7KKZi7EI,0.398
0FIuanAAV4Q,0.397
boxxr7F0i9E,0.397
lQovYf1Ou74,0.397
w4oUOHMRvro,0.397
hRGbMFTsx4c,0.397
fNk51RgHLaw,0.396
7eMWtl-Bvk4,0.396
lKxzKKM8h9s,0.396
3o8lNc4XG5o,0.396
n9TFUx3swpo,0.396
ftNBIt7z92A,0.396
4d07F_s3-oc,0.396
AI_gwFCf4cw,0.396
D8Oblg0vdX0,0.395
XSwLrPMWtHg,0.395
uvOKre0nYIw,0.395
SxsmcSZP8rI,0.395
Iu_SPorqEh0,0.394
p5LLzMv8JAk,0.394
2-iLsF0nsvA,0.393
7v6AQhchNyE,0.393
ZgNasC4hirI,0.393
RG1qVohA18Y,0.393
HPiSr2qNPw8,0.393
QdkQjctiV-o,0.393
XF00fAoK4m0,0.393
Ia6nrt5Xk3g,0.393
c2-xuseG6ic,0.393
C6T58PNB9hE,0.392
98lzPdzwVDI,0.392
MONx8lFMnfA,0.392
7p1i8IP5cu0,0.392
j23MluOOdpw,0.392
cOnP2RKz3kI,0.392
T-ltQml-SK4,0.391
suEp0Tm7JVM,0.391
T6ScCz8Gb_o,0.391
ij78B5X0uoY,0.391
vXaA6qUfTbw,0.390
EnF35uVxPhA,0.390
XnXVBPRVmwE,0.389
XWocRoaH0NU,0.389
e4TKW0zubec,0.389
SezEp3ABof8,0.389
FdLzsq8Yuwo,0.389
YpBmaxWWOas,0.389
ro3eVdG78_4,0.388
gZunUNdZ03Y,0.388
gLpW7YIdwzA,0.388
5DF4neLhMm8,0.388
UMuIJGMTNIc,0.388
15VwplRpI38,0.388
9o9oEKTzU3k,0.388
KTsxbZ-iLFw,0.388
Q-MCdbgjSYs,0.388
2MhdXBXX9Hc,0.387
74RhaWgW7OA,0.387
6nzFjGU8KuQ,0.387
Y9CCN9lS5dA,0.387
zXQpWqsmQaA,0.386
wnqtRNMOylc,0.386
QfXJAtf5duc,0.386
gwxttTAzvc4,0.385
3X93ljmgmNk,0.385
LJqbd6DKW8M,0.385
Lu3OcpNsEOs,0.385
Cdp17O0IUHE,0.385
xnqBbCPKLpU,0.384
P1PBVXsWVfY,0.384
BmbWGkOMnKk,0.384
npUbvylCcCg,0.384
1kK7CsvDJGw,0.383
2dnWBtIuCwQ,0.383
eTrN3TWfKqs,0.383
n5BOn1ubxlE,0.383
QkKTZyuYkEk,0.383
KP0oMDpegE0,0.383
O__N7EOdjOc,0.383
G5vd3CZTzx4,0.382
vCE8skS4KgU,0.382
uzmx1x544xA,0.382
68r_yoe2WRg,0.382
pERfwhozMzE,0.382
kHUUsncikxA,0.382
3mO5jD2XifE,0.382
_e271q1848s,0.382
Wlxenvfg_aQ,0.381
NY0-gQ6R-aA,0.381
3HAzMlzYXhw,0.381
CgTlblmjE_4,0.381
gijGMN4xedI,0.381
Z0RyVI9aylE,0.381
geC4thy4cB8,0.381
zIcGHTudW2Y,0.380
bQb1yjZ1Xeg,0.380
ge8LsIpQ7r8,0.380
RJAhovu_tus,0.380
9WmOIYn1QL4,0.380
3TtfcSnXN-g,0.380
c3wsjm8XaPM,0.380
0GQLx3y6krs,0.380
6jTkUCTSSds,0.380
cQcnm_a-L7k,0.380
zHzTRovyaPk,0.380
3cPiaWkjRR8,0.379
QiqSZrPgRH4,0.379
RsBBAeRVvac,0.379
E7e6E0_XI0g,0.378
mk-Dkxv9Hjo,0.378
TfXjPwiCY4U,0.377
6zIvMksCiBs,0.377
K2jrMctXvqQ,0.377
PH61L5HSJCE,0.376
lnIcMJlr73o,0.376
hf9NbmNxLIc,0.376
od0OhUsr0jA,0.376
TMTyb1oM_Lg,0.375
A_CEJv5crHM,0.375
o71VvPHXxr0,0.375
YR2MKL47bFY,0.375
_YVCsDuXYHw,0.375
FVkzEVxvbd8,0.375
6frDk9sjYc4,0.374
QB0CSpmPlH4,0.374
aifaOWVMd3c,0.374
7LYVE4Gj4rs,0.374
foh9w7kYrYY,0.374
nX9mtcIT_KQ,0.374
rzBJI-FQQtU,0.374
08PwDwpmAjk,0.374
GoLxO8uKdE8,0.374
YW88WohUeNY,0.373
CAxxbcIvzE0,0.373
VqJoh-6v3Pw,0.372
H34zbi0Pj7A,0.372
9zxeLeqguVc,0.372
k3N1rFpsO7c,0.372
nyxys8fQQBY,0.372
uVBnk07k0dI,0.372
kTBrUZzRF9k,0.371
56Mdydz2c3U,0.371
vi_tD3IiGcc,0.371
eE0mtfuMlmw,0.371
9mKyo1FTqGg,0.371
W3MIumSKsoM,0.371
EIxO29_DxJI,0.370
hXCtBEm1ArQ,0.370
Ws0Jmh3Re30,0.370
Gx-Kx71-ANI,0.370
oiXy3w_Emko,0.370
SW1FccfBcRc,0.370
JtqwYrJNCbI,0.370
A6z8MKDcMaQ,0.370
aZn1owm0Sto,0.369
A1A2jvoNZto,0.369
1NBKdHwMdo0,0.369
2P4PTViH9OE,0.369
OADLPVMSDrM,0.369
eKxS83D5mMA,0.368
xt36ha1V9zc,0.368
27-XwHSIdjQ,0.368
xSOmlKri_5c,0.368
p7cBazK4jrs,0.367
2UVpEdFY8D8,0.367
McxLiztc85s,0.367
3YfSCxUMknc,0.367
rBlu08Zqw8Y,0.367
8qD5-4ndj58,0.367
RGmWy2dNqHE,0.367
22zVzVaJxX8,0.366
Gakw_HUDDZY,0.366
AJexEfUlxPE,0.366
Q_afcIR2QdU,0.366
ahOwhR5smag,0.366
cEkrtAYypEM,0.366
IsXsmOlyWes,0.365
XlXId-YhEv0,0.365
e4BTrY4Zs1w,0.365
qelMPx-lgu0,0.364
BWd0YlRMIWc,0.364
-gJJpEEhV2g,0.364
OqB7cWgoOCY,0.364
IdMYv6I3Szo,0.363
cK8RdLZE-A8,0.363
ca8A1obTIGg,0.363
mQXYTnNe0AQ,0.363
upTZxaTNpwA,0.363
b9MtJegrVbI,0.363
25lYabyUj0E,0.362
TS--0uLv-nA,0.362
voZSOwghou0,0.362
VkGXfkzw-Qg,0.362
5-THNAzx8W8,0.362
muQdW7cFgdM,0.361
YY7I7LwinC8,0.361
PITphZOTFvA,0.361
m6SRWCWI1TE,0.361
6FmeqTZAFas,0.361
0-5KkB0kAVQ,0.360
slkeqsFBB0k,0.360
EF6d7_hqi0k,0.360
1mD43I8V1qI,0.360
cXyoUSRBg1o,0.360
wb_kms_Dhho,0.360
DdvqzNJq1dQ,0.360
ezR19dXlvMk,0.359
EWOzXm-L2Rs,0.359
ep9pDDCTyCs,0.359
8zLhFY-uTSw,0.359
LNcxdn27G_I,0.359
5pSzgrObduc,0.359
Ki5YISRxT0g,0.359
ygcMo69CHxc,0.358
HsuIbEzpNUM,0.358
0X68GKqpC8Q,0.358
h5jAxqolZGk,0.358
GyfgrcoZU7U,0.358
Q4pfnpScEDY,0.358
Y2AqM85UpgY,0.357
FheL5AOp58s,0.357
Wci5x17Ix6A,0.357
9ZAH3LH6atA,0.357
f04vfeUJ12Q,0.357
ldkaa-sXkk4,0.357
6voSGc_dUcA,0.357
aUFgUYlnK4Y,0.357
O9KtlUmsRkQ,0.356
YyOHBCRWv6I,0.356
nXC0Wi57PSw,0.356
x3fJVSpGib4,0.356
NG-56-lJGwA,0.355
1PoN-gdJf94,0.355
t8oKnxTFsBE,0.355
YyLOgKe3-jw,0.354
GM6VhjRuJsQ,0.354
58zjQlrpX58,0.354
T2zEggf6mYI,0.353
nxwf62iIPiw,0.353
zyFGMERUKTc,0.353
O5h6L9ZoNAE,0.352
a48fsxiV6wI,0.352
dqA-uRigBko,0.351
ADza8wuQxQI,0.351
3C9ZsXk_woE,0.351
eAvKvZ3CDvM,0.351
zc785g9Grco,0.351
MQnF0gAodoQ,0.351
E2_wF6Xvjbk,0.350
if9XcCeLalo,0.350
VBmGa73_ahs,0.349
nX3f27Da4Og,0.349
MJlpteKQrs0,0.349
bU_GRwkMstY,0.349
sNswsuxxbUs,0.349
U-HLHQFjVmQ,0.348
3crDQWiYN5I,0.348
YB_i85tQV_4,0.347
gg_Mj3vwts8,0.347
nUH62RhpfvE,0.347
0nfjrZlCMFM,0.347
c5cf6IDf0S4,0.347
VdgGROa_Oks,0.347
BBHbKm5LGE0,0.347
JgmEi_K5frY,0.346
jcLLxGFz0t4,0.346
QdUY5DLSGvc,0.346
AApzQCl3qss,0.346
RzYdv3PXNbo,0.345
C_SGztk4qUw,0.345
2Pu1lkXLukI,0.345
GXqcWGLBgQQ,0.345
Vz-s1QFWFFM,0.345
Ws4LLXpjsEk,0.344
4rioMuoj7To,0.344
nZ2XDs37mVg,0.344
b-0VsekVMFY,0.343
fy8g2dG25Rw,0.343
tKQJDu18fU8,0.343
2ZEx-rFd00U,0.343
TimMH9ZHGdM,0.342
p9la2cgEK3U,0.342
2lRBvYsono4,0.342
NO9ln-djrCc,0.342
lwDbN7fwoHs,0.341
bMS0KczxDsU,0.341
zWeT3TlNhnE,0.341
9dG255Ot8j4,0.340
ZZMH9x67K7Q,0.340
X3exxmCc2OE,0.340
p5XwkHYBvp0,0.340
kwp0cZUOo9U,0.340
V5OpYd0kuXI,0.340
mT4SF2BM2bI,0.339
OngYs4eL-as,0.339
30HoK5qlaFw,0.339
l4rPCy__K_o,0.339
H3TeEVqcQYs,0.338
LO5zOUwWr18,0.338
_0Ih3uYwjJw,0.338
xe4nDbK8mO4,0.338
-9A_9QxiVck,0.338
vN4sfIaXGxM,0.338
WWZXFrquWuQ,0.338
eSRAob1UQ4E,0.338
17yuQ5xlzhc,0.338
EQqmlwFpBOY,0.337
IDABXhSFYfc,0.337
wj5Ou4JobKU,0.336
6NP8DGb_mnw,0.336
lwALksDfGZk,0.336
OgA9cZKUTTY,0.335
K808WBbQIU8,0.335
numRov0OdkQ,0.335
7WYrToUakjk,0.335
qQekp-t7uak,0.334
rtZqs3D6O44,0.333
j0AB_EtGFC0,0.333
O-i6NweGqmk,0.333
XefuaK2eVjw,0.333
wJLrdYZ__z8,0.333
A5p6Mv40dzM,0.332
2tm3FU3WXp8,0.331
3DXAOIPJ9bg,0.330
kJXDdNc7Hn0,0.330
dAdcZEHSt2I,0.329
rh63J3tFgvY,0.328
_yIHHFPTHoY,0.328
WQmJrfjOF7o,0.328
erLhOS7p2EE,0.328
aQbI6sNgF2M,0.327
6I2Oq8CiHHA,0.327
f9MO1MNIqrU,0.326
ZkopDxytwtk,0.325
7ER-SX0tiyc,0.325
UCr8CbYetow,0.325
tuXYqhr0a7E,0.324
lPtqDAJDu_g,0.322
njyj5rzcJok,0.321
2kPfKvh0a1g,0.321
7A4EuM6ppPk,0.321
awBNkaN3K64,0.320
w4PcIeteixk,0.320
52rCcGKmNEI,0.320
xlCVbRTLsdA,0.319
oNcYN_0FabA,0.319
LAhAH4nQ7rQ,0.318
62AxK-ZeEeo,0.318
-ikBESORdcI,0.317
_v-46aYenpU,0.317
iioGxtLwhvE,0.316
qLwCxCPM3s4,0.315
KXiS4yl3bYY,0.314
V2Ok4qEujp0,0.314
-z76LdtNOWY,0.313
Sl1a7YT-i8Y,0.312
spCvDPNNBUM,0.312
D_VMtKtrrgo,0.311
EPscub8kAbk,0.310
0SSNUr3YFv0,0.310
Lpkd-1PR7xo,0.310
KG3tEFkxZz0,0.310
hkpfegLfZ6Q,0.309
FwUf00SW0Sc,0.309
aanNmI7Xjoo,0.308
eR4E7CTK4o4,0.308
ghNfeIJ5s28,0.308
IrsKVu5d2Dg,0.307
2U6X8PJq2QQ,0.307
PuYl7kBn0_A,0.306
V2d4VdXDg3E,0.306
pv2CkHtQ43E,0.306
2eqd-un00xg,0.305
C7V6DUmtaTI,0.304
Ljr3JrlAjrk,0.304
hElTYy7jHGU,0.304
f22wqOElU5U,0.304
-XoyB1xrbq8,0.304
KbcStwkUGsQ,0.304
jWCpCmQlkDk,0.303
I_QgI_A-F50,0.303
Bnhv9KHX0UQ,0.302
LLoGTDd_uws,0.302
qvMeoOWNz_s,0.301
BYeJHSTAESE,0.301
3eECp-bGZM8,0.300
zdhdR_3rsvY,0.300
lgCKo8xSHlU,0.299
9yfp7yPT_YE,0.299
-owypa34fms,0.299
LVt6hueF_3E,0.299
2rRKnyTmUlE,0.299
NpEPVLOX4Gc,0.299
Ox5vVcNhQWw,0.299
mj5mycDD58A,0.298
yIYjqRngqE4,0.298
2Db_HAOvzxQ,0.295
L160cjLIMSo,0.295
7G_fGLwlNCc,0.295
hfxgv_ILpH0,0.294
E5kpiYAVx58,0.294
5WinM5iSxYk,0.294
hWiGoGX9JiE,0.293
vMhiSIHmIJU,0.292
oOZ93HKeOW4,0.292
hI3-5HL3veQ,0.291
Vk3F8Cp2roY,0.291
NW5sShs99oE,0.291
E_5Uvx04ivs,0.290
LND0UUTylXI,0.289
MheowLgphNc,0.288
bWrUSQtd1qw,0.288
KfTBElIfsaE,0.288
ZYw-_M_-DhE,0.287
CMbR91x3a-Y,0.287
FDz_xOLps2c,0.287
9px_5D1Ad8E,0.286
rwzUGI23a8E,0.285
fx4pu10M5tA,0.283
JO8mlZvOz48,0.281
JA4_kLSKPPY,0.280
5zCmdIl4Y3o,0.280
cvOo3F9Pv2U,0.279
MtZz_cgoT0A,0.277
amQie5chIek,0.276
98lvtcPPpIc,0.276
s2z8XWIjYWM,0.274
KGSdVB-y8Ew,0.270
nXqbzQclqdg,0.268
Bho7MJqKcak,0.264
d_JRTPwbAf0,0.264
7_uvG4Kqn50,0.262
TctW1mVS2EM,0.261
uQkyxdP4ME0,0.261
Ne3mRw4tMf4,0.258
gVeZtRWJCf0,0.257
2b1MmA-XBOo,0.256
OU8PqACYew8,0.256
AYao_jL4TkY,0.256
VsDkGi1g8As,0.255
Wkj5OzZYuv8,0.253
Oz9j72Hvdyw,0.250
ZsAx731S2G0,0.247
FT-3gp8I3a0,0.247
8M0ZAjkBg3g,0.246
7hmKnC6nECE,0.240
GP6IrRVM4Kg,0.235
hPksFLWWprk,0.231
Ysp0103ZjTo,0.230
UiF4BA6MM1w,0.227
21VEi0kqJ3Q,0.225
T3oyUob5nko,0.225
RXlTV3dIfj0,0.222
YIJJEvT4VWM,0.215
Tq7OpwtOT44,0.205
9hNywSb59Uw,0.205
Vq0ZJzhkVVg,0.198
Ghx0goya7P4,0.191
v74fAMmYwdY,0.185
--NMJX7O13U,0.172
wB1f5iUwKIM,0.169
j-vQksHVyJ4,0.163
XeabDPHbs_Y,0.157
unBrJ62sG70,0.138