TUIXLilWCyk,0.610
kAXg45xhRyE,0.609
Pw7T5KzL684,0.607
Y07t1QPQ9hM,0.602
D1hr04QOqD8,0.599
V3auXT6Rhwg,0.596
V8knP512bQM,0.595
bbU8TLz3a8w,0.592
yJwjX1YctCg,0.590
yegYa53cuNM,0.588
B9s8clpwzzY,0.588
fuJZ2uw8FBU,0.588
EXnYyU1ME-Y,0.586
wFlvUP5M7ak,0.586
c2-C_C6ze-Y,0.582
j8JbiuWAMPs,0.582
tWTwr0hPoZ0,0.582
jQCXT4olHTk,0.582
ocBPzK8hGSE,0.582
ODCKX9sr0_E,0.581
wi-mhjzJhRY,0.581
fxs1_aljKn8,0.580
e2N-ywKyox0,0.579
jImrlKe7Ak0,0.579
KkK06LE3DHQ,0.578
821FVQvl2l8,0.577
l2uuNuJAgZM,0.576
H5ZyknClXzc,0.576
cpH_kUfygfs,0.576
elxwJFAKLtU,0.575
3tCU1Enda7U,0.575
pk2799eXD3s,0.575
9DL1wHMws7Q,0.575
4-YY0dYkdPk,0.575
22vn0oBDps0,0.575
f2i2oy6oAcQ,0.575
Z8N9mxqsjvw,0.574
wfgPGzBGXHM,0.574
rUy6FnBpk90,0.574
UJi0fS1SxHg,0.573
HlOIpfd0uz8,0.572
c7JfUgjV8EY,0.572
Z_ZyWphnPns,0.572
6SsWEhxySo0,0.571
S5GzK3-VvRY,0.570
NKaaMm7cnR4,0.570
18S880mu14g,0.570
7h70U1m5hFg,0.570
Ji5n8P_sQFM,0.570
NKOecIe0XBM,0.569
sOHUZIwYHQA,0.569
_Co2Zvj_3_k,0.569
TtoPPfkbaTs,0.568
uslI8__teuw,0.568
LHaFtvev3lc,0.568
z8gMTGNuU-4,0.568
d-g4RNDqgmc,0.568
ku5zccsGaoI,0.568
WBy0LBxUI9Q,0.567
U9y_F6vth9w,0.567
h349r-efbn8,0.567
x7LsBnblubk,0.566
nJU0_XfEoXk,0.566
H2NFgBi50jA,0.566
vDOPLbwFz1g,0.566
sY7ZcIS6Njk,0.566
jp-g-ssELZw,0.565
yJzUxygTtrs,0.565
nsQkOeevx-s,0.565
hjDC69TsW0g,0.564
Lls9wAa_G48,0.563
2cn3mU-UWDA,0.563
o8Z0knwm4TI,0.562
6DGTIsQfGM4,0.561
IA1_2arEeWA,0.561
hJcuG5uatHM,0.561
ytBKD_pGDZc,0.560
ajww96M_fDE,0.560
e56jnXaEUfU,0.560
bQnUyvUNUlU,0.560
fD4O3tkzn7U,0.559
N6hRgBBewgo,0.559
L-b46EHqQV0,0.559
MPONyqQaVxM,0.559
29Tw-3OXqlM,0.558
hdhuOZLTgNE,0.558
uF7Z_de2ELQ,0.558
aO5DX_GwTwM,0.558
1-o6JwkL9qs,0.557
PpUlcjcr_AE,0.557
mr84T-osGQQ,0.557
Foru4wkSi_k,0.557
YiB532j55PU,0.556
OX3nn9i0p8A,0.556
CU88zFYF2bY,0.556
YaMcwtWaSMQ,0.556
XxjRlJZZFAE,0.556
doo_lauCz1g,0.556
vj21VF-PK_8,0.555
Un6rRoKd9w8,0.555
jOak8TcE33I,0.555
ysE5izf_zg8,0.555
4T5IgV2wyQs,0.554
vskSAR79NnM,0.554
nDUZPSddzoc,0.554
KTg0oZkVmFk,0.553
UyZQfXh6fBo,0.553
qr4eiprD_ps,0.553
xuMPddiDED0,0.552
sp2Ii-pakW0,0.552
dY4SqmKZBmA,0.552
B7pfysYPML4,0.551
Ynn8UwlqTko,0.551
S-k0uLs2rRU,0.551
tyELWOGdEMU,0.551
FunEOLfJnnY,0.551
tK2Pkl2q0is,0.550
FkP-DaY5E3A,0.550
KxX6N4iLidA,0.550
yvsaJqI8CAI,0.550
_BBy6tx-Q0c,0.550
ohrgnakC2JU,0.549
hvOFq-Q3XFU,0.549
qzsAA5zRHu4,0.549
cj65JIHPXTI,0.548
zL7gohSYh34,0.548
xfX-h54h2OI,0.548
P-cseza8K0I,0.548
qKF1F6XfgrY,0.548
wBTuy4syKJM,0.548
m3LGHvhHVN4,0.548
S8r5mrlHxmE,0.548
Re7GWBQEecM,0.548
3HX6hGPeA2M,0.547
CwCTpsOYy40,0.547
wDmdo0gDjdE,0.547
G5-ihECZPNw,0.547
kYa3_OCSTFQ,0.546
b-tRTsIAhbY,0.546
QdJNmxdpYeY,0.546
kGocTvJnX50,0.545
0It-552lriQ,0.545
UjW_NOX4enI,0.545
ZtllxsqFu3M,0.545
rlULstedRIU,0.545
QihRyY_F8qs,0.545
xaSAJ0LvNt4,0.545
1kCTndfsoWU,0.545
RkGPQFDVjKQ,0.544
e57ttp7P1fg,0.544
w8-14P2zDYE,0.544
4k--98e_ERM,0.544
XN0fwNt398U,0.544
zjL12uO02ls,0.544
Yhms8KV5wig,0.544
tGlOvvZFx7g,0.544
JTUbomOepA4,0.543
ZYQIQ3f7mR8,0.543
Z4BMdKk3rJA,0.542
cJ8uONj6AnQ,0.542
ThyWpsf9NnM,0.542
xbdQvH8yYaA,0.542
AP4zP5jScJc,0.542
PEg064ozG7U,0.542
RtLVUMpg490,0.542
zVMUFQJWdtY,0.542
oJz4NLDGF64,0.541
K0qOa7JndPU,0.541
_SGbjwUJ6Oc,0.541
UcKMs9AxvJw,0.541
E-vx9P9e8WI,0.541
U25w0XACTlM,0.541
RG3w9lmCtRc,0.541
hkCx_mJxSkc,0.540
LMKbZqimpKw,0.540
cWn7TFVB308,0.540
UaahTDPQeiE,0.540
jozZnWgebCQ,0.540
HPmqj6PoxF8,0.539
JH5-geJEBjY,0.539
zjYoSKPUaXQ,0.539
rEJ7yQ8XtmA,0.539
twNxZXE5KbI,0.539
0lDjSFhNsE8,0.538
OvS__e1_nrQ,0.538
Y9Mk8YZjRrw,0.538
jYRNlPGhuRg,0.537
prAGwa4rkGs,0.537
Wlsri67O1aI,0.537
1ple-EJhBEo,0.537
MNKS_utAxh0,0.537
X_iamIe1xD4,0.537
JRfD0bzxW-I,0.536
e4ll-TFO3mE,0.536
uV4gRIr8L2w,0.536
-9MUxUxEfZM,0.535
sysJFuFou1I,0.535
jnUiu7tO44s,0.535
xoUu4eWvpK0,0.535
WVM1h3LTPug,0.535
q_7w1gK7CMw,0.534
rlNcRNAWJrI,0.534
UyDqBNHiWzw,0.534
M4cRoBzNw-0,0.534
j4LE1j06doQ,0.534
ylmS_eRnFuY,0.533
RMmxbWlx8MI,0.533
ST-who0_upc,0.533
8Sm7XAXODog,0.532
o6uDXj88Lfs,0.532
QAtMQZCqCHQ,0.532
cy32A_95Ey0,0.532
Dsp0BDplaV8,0.532
z7vnoIuPQV8,0.532
Ku-DeGlQkzQ,0.532
YdXa06KxvcM,0.531
OWqrAUiI_1A,0.531
U-zdd6Am_K8,0.531
GW6iMrhZVIo,0.530
HkrCFMLZSyY,0.530
2IdnpPhHTSg,0.530
Wq-UTFnADhg,0.530
M5bGlHCUXfc,0.530
Dhrbo8nh3nk,0.530
ZBPtosupYzg,0.529
Zbk-pSZHDTw,0.529
hGrFCaN1uJA,0.529
JrO3airwX74,0.528
GodDgF6eiPE,0.528
T5ac1bWsByo,0.528
WxMIMFucNic,0.528
FIktC02o-I4,0.528
zP1aqj4Nmr4,0.528
f558hrjpOrw,0.528
hUOI4wnJ5XU,0.528
rT2-1-fqn94,0.527
PDXGVzAPGqk,0.527
Lu7p6BmDgZs,0.527
rzNLeAU0Cio,0.527
uT689QheO9Q,0.527
BaOBgPRtq9s,0.527
L060-CKPoaQ,0.527
16gILax2KJ4,0.526
SCpuYhySYtA,0.526
BZiZYSELd_Q,0.526
aaEV5ZG6gCM,0.526
ixnpvRufXsU,0.526
FEJC3q9rjcQ,0.526
The9S4_LuEM,0.526
sO1EDwKG-xM,0.525
9KJxH3ATc2E,0.525
3EfBCT7pMZg,0.525
FH92ba-S2-Q,0.525
pVscaCube_8,0.525
tGSyNlKxa58,0.525
uGs9UO7RgH4,0.525
uzG2YVEtzEM,0.525
xU0UZpsMuEg,0.524
4ZZ115PZMqY,0.524
anTCgGbMp1E,0.524
QUCLNTKzlRc,0.524
Cp-BWaC1rEc,0.523
2d1zaMFdnZo,0.523
kqVgusZXk_4,0.523
52vee-bKiO8,0.523
eA1j3Ge0SFQ,0.523
5caj-vSYytM,0.523
vkqLXD9WWcU,0.523
RSMXboNSrxA,0.523
sUEgEq_f-GU,0.522
GeDPFz4HRZU,0.522
-iRztVB_ncg,0.522
fE84Erajf9k,0.522
TgtYLUQ_Heo,0.522
sWIwPQ-puM4,0.521
a2yyRz-5FXk,0.521
5zsf_Y2imrk,0.521
-TyTuWDQ7lw,0.521
Izx9VMLiXWw,0.521
6aczxxDkZtU,0.521
aY401JwDCMg,0.521
CVEK9HkNmmU,0.520
bHiMbrMHu74,0.520
Rknlze_TRVU,0.520
hc6po4ZPkW4,0.520
7uyh0ySOEoo,0.520
S2M-1XTBY7M,0.520
DlM4JK9hQdU,0.520
t3cqPwNbCtE,0.520
vglf_dUXGuY,0.520
eZVSFcffIMU,0.519
fMKPW_d6-sE,0.519
opPeQcp91-Y,0.518
ncu0NTenNwc,0.518
WwS66aIzldg,0.518
Jsci09HavTg,0.518
jbi_HZzy3ew,0.518
X6r0ELNTlDw,0.518
8749z2M9aMA,0.518
rVTcXGsERpQ,0.518
bgOHSlZZzeE,0.518
31VdB3A9ljA,0.517
uYUB5E-13bE,0.517
PGjJSFysbis,0.517
aSzm132V-E0,0.517
rDeqPzKRAi8,0.517
jhfV1CAUZrc,0.516
7WKoZ92nuj0,0.516
qT9PZ_rYkVs,0.516
s9raRQVaFys,0.516
VTsHug8QSDQ,0.516
PlrhZDxtaMg,0.516
E-OoJCLkzgg,0.516
ADCBlJfzjJA,0.515
ws9cWTV_oeg,0.515
UyD82pXrcZM,0.515
vrIG7Y6wROE,0.515
fNBWdAZ923Y,0.515
vpBMrRXqGUI,0.515
6DO3M9ajCOE,0.515
o5WTfNIJwa0,0.515
rY9EwuAxEJg,0.514
CVemh0pixgA,0.514
bWQSFJ6vbXU,0.514
0KAK4h3bEzo,0.514
xW9nBaCle_0,0.514
JR225QAnbfA,0.513
uXLjjqr4-5Q,0.513
2k0rlT-HK8g,0.513
BMyazLAS2IU,0.513
q9YAI-axmCI,0.513
MdvTzJciiDQ,0.512
SlARzxb-Jh0,0.512
wvUl43PJlXk,0.512
kaYwyQPomeI,0.512
1PYe2eAHVKc,0.512
Hn7dexOehew,0.512
V1knMy1nXk8,0.512
kRwzdBWKQMc,0.512
Tv6ZBnrCS1k,0.512
U4XWIApDWHk,0.512
B6I6mkhEI_4,0.511
NWmsdlKQYp0,0.511
F_gRVTJbr5A,0.511
oY07W-hrWVY,0.511
mOkRBA-Twkg,0.511
6G2OCsfjW0U,0.511
_I7lPFVApCM,0.511
O6RVUXA5-fc,0.510
CBhm55-K8No,0.510
yLH2LCeaTgs,0.510
GWBn-boGrMw,0.510
p-2s_9kSSm8,0.510
CXjKid3h6xM,0.509
EroKWHXtU6w,0.509
uAPpBa5aZIo,0.509
qpSYO-QNvIY,0.509
eRCxY8eIzI4,0.509
zYIrbw5-0TE,0.509
s2QOeyjbkLs,0.509
r9aBVWsaEic,0.509
QEiUReIua3o,0.509
GsQP1JLnYY0,0.508
7VKuUL5osRs,0.508
clATOVs5Qy0,0.508
j5Sm_umARa0,0.507
6OopArnnJT4,0.507
XwIeq7TMfZg,0.507
r36fHUv2_Fs,0.506
jO1LgvpeNbY,0.506
omquhiWvc0Y,0.506
_ATT8WXUaAo,0.506
UU41-VRq3hM,0.506
171IYetqvfY,0.506
hlIO-zKwAq4,0.505
iBNtCQ5Lg7M,0.505
cJFDZ4kF98g,0.505
nkNxTWS6AdY,0.505
tv9Ozc1oT58,0.505
saWaqdxHPWE,0.505
3qNQ9iO4Zyc,0.504
od1_8Ck1VSQ,0.504
EFqxyNsLuBQ,0.504
CaIG2X2SrCs,0.504
wuF1-qdSfCk,0.504
-k16zQMMyGE,0.503
9xJZ3Pn0XTg,0.503
7ADRoemijyQ,0.503
wyu1CKIj7fM,0.502
GmfRVQtGy5c,0.502
vAefpMGwm30,0.502
jZ_8XD9zFZg,0.502
EeYDVIeBgKo,0.502
v2UWtlNvugY,0.502
BYFGXg2o66s,0.502
0aIBCAReBoE,0.502
MSGc0iWZHEE,0.501
CB7Ufhy6xPk,0.501
ro43PGMGCCY,0.501
4qujhW22npc,0.501
_l9QoHcwAQI,0.501
zBMmbYs1l_I,0.501
5r3vjmrXXmI,0.500
_Wj07CkTpAY,0.500
7C1994Qtk1w,0.500
hyQ5bQEy0A0,0.500
1xikY6qxGMM,0.500
Ep3J0LHrCUc,0.500
WngHu7kDMpc,0.500
wV_3rUlN280,0.499
j7J21lV2GuY,0.499
-CLVuLGrFpY,0.499
VWuBJXOMMfg,0.499
rClUOzwcwGA,0.499
yWVOsqAtBU4,0.498
9CtQKz2nTjs,0.498
LKfccHS-E90,0.498
uiTKHurJM8I,0.497
93RB2AncG4w,0.497
DfEQCFRZJ5k,0.497
aqNHLxaS8Is,0.497
ESor6qB3n4A,0.497
hI3z84OETbI,0.497
8GmJDOkijiQ,0.497
sTAD4U5h_wU,0.496
_VmDZkYZyrY,0.496
gELhSKL3HDc,0.496
zgJthsFnkZc,0.496
oO1VefRI5i4,0.495
XTTzd_NLzsQ,0.495
RSN1YCsoqEA,0.495
IRvWLT9vyX4,0.495
xgkAdusEiZc,0.495
WbtDZF0S48k,0.495
bBAkBjrgVFk,0.495
-PGPUz63LTU,0.495
R5IyA1v5lx8,0.494
AF1823c7mf8,0.494
iIqMkW-A0-Q,0.493
M5XmqmlmsH4,0.493
8bh_bqgnkwY,0.493
E1aR6YNju3g,0.493
h8zZXIgS30c,0.493
IeIxmbxX1HQ,0.493
x1lc5Bn8MYY,0.492
SW_YnF0YR8E,0.492
QqyXZB3RAAo,0.492
ddhIhzfWfVc,0.492
OB_A2yiXu14,0.492
txx1Mct_LPM,0.492
VFpulXlXD_E,0.492
rBXOwbVN4jo,0.492
KiPFy95Oj3Y,0.491
8-rTatXAKAA,0.491
rre7unozEJk,0.491
HyWQpfhuCm8,0.491
qz22KWcF_k0,0.490
Tz2gMfdsB58,0.490
5W-KWRcC7DE,0.490
1NAX1beIWBE,0.490
_N87QoDDdvI,0.489
mBXK-PunOQU,0.489
nuVlFQe_yUw,0.489
TK41Ml6mCWU,0.489
mzrjrd8Gz0A,0.489
Ukfxqu6aj48,0.489
zMegJLUd8jQ,0.488
ZjR00kfdQ88,0.488
pkvkkko5PHQ,0.488
3Dj8C0B2evA,0.488
0FpoilwW3NU,0.488
Oo5H21LZXBc,0.488
snGymAwj5Zc,0.488
mZIbpSWmeBA,0.488
kNfZOl34EMI,0.488
MViU--dUwYA,0.487
GgmwXfAzOsQ,0.487
BCJ2JmeQlIU,0.487
OhAMl60WEzs,0.487
EyMnRf-cQtw,0.487
u4wg-_0t38c,0.487
2DvQLV7niPM,0.487
OVas2yE1z2Q,0.487
D37qFbRB1es,0.486
9mSlCoxaJBk,0.486
svKjQEwZCc4,0.486
o7pvWj5aSHA,0.486
9Xo7F74WDa4,0.486
OEl-qYwgW-M,0.486
oobg9IaOUp4,0.485
hOaH2-t06ko,0.485
qJ789X6ffeA,0.485
s2J9fX_BKbk,0.485
Z87wAIsVcHc,0.485
xu4dlgdKbxE,0.485
13HC9bGs1Xs,0.485
-C2ycl29c_8,0.484
NEi_lGV1mqk,0.484
MPnluVGnAtI,0.484
3u1E4A4TlZo,0.484
ggxGaX8mbfQ,0.484
uVwSlYvaFbM,0.484
t5HiSrF96jo,0.484
vPtZTPyUt_o,0.484
tUyZFMJiYVc,0.484
xYcnZ1U7uCI,0.484
LZZ68hlcZmA,0.483
fQd5AeEehKA,0.483
xzmGuPgT0eQ,0.483
s4cymx1DPRE,0.483
pIqR6tq2eMA,0.483
VnDiDIF7TRM,0.482
5MEjPKenMb4,0.482
UvRq69oAg5Y,0.482
BxLR5jCEkv0,0.482
tXLwL15BV24,0.481
IxO3ujdISeg,0.481
n_n0jwVdbmI,0.480
nsy6pWot4js,0.480
CXPQCvHMUgA,0.480
uNLl5ZbnGP0,0.480
J3ptpQRjIDA,0.479
ynexTOjHbRs,0.479
kHwoE6WE0Hs,0.479
PNovJpcIC7Y,0.479
ehNGt8p9hEk,0.479
eyP1zCFN_Lg,0.478
iXSvc2QB8gs,0.478
koybi1rLY20,0.478
XyxZ1fLCSvs,0.477
dmMjaABwJFg,0.477
3Og_1bB5cGk,0.477
elJYiYWqL-E,0.477
tH2umOOs--c,0.476
I4OHJX2EdT0,0.476
3wSW1CWKJRE,0.476
SEUy8iX4uYc,0.475
yDbHk3IXMZk,0.474
NOALMTTZD14,0.474
bn9-h5J_ctM,0.474
Xy--N-JIgdM,0.474
cQQvcqL1yQY,0.474
pWJcb2hjpHo,0.474
uT2lI4Vs9Fg,0.474
z70WNG-QJls,0.474
f8-UKqGZ_hs,0.474
_9Rmy5ofgx8,0.473
ZiIq4OmUzMc,0.473
2ILnOohMVNg,0.472
CAaxcfXrDVE,0.470
VEIruaURx5U,0.470
CaGCMv11ZtQ,0.470
04eLOASt-zE,0.470
A-6mGN3-gdY,0.470
cWw7OG4iFJg,0.470
Srwe_PiZwtU,0.470
R3JGSYAFwX4,0.469
bWrTQ1imKTg,0.469
ffT5B_68cZg,0.469
G40FrehwTDI,0.469
2922k8nR9ks,0.469
gMEUgcT95S8,0.469
bZl9tTXmO_Y,0.469
tT53uoqgOGE,0.469
GTfmWCWwTgo,0.468
Inl1Hp3hLjU,0.468
IuteUsiAo6Q,0.468
RVj5RRggQ10,0.467
9t6F14EyQ88,0.467
DVqeMLtal4A,0.467
KpQiwmQ4-Wg,0.467
uy30DBONQwQ,0.466
ncTVoeWd4nk,0.466
QhNOloHGP28,0.466
nQzXoJNsiwI,0.466
v3Veh5kcyKQ,0.466
tPOde1Qj9EU,0.465
LXfH1BHfopA,0.465
wBGq_TZeMvw,0.465
AkMP7nc4MAE,0.465
S0YCaA-2vYQ,0.465
MJZYXDAF1I8,0.465
dVAhQyF5fWU,0.465
7Z9bZKJcsUI,0.465
BXlaqQu2GkA,0.464
VNAb6ACWNrg,0.464
XlirQ2SeGTw,0.464
OZ_XG5TRzGI,0.464
CkKscaQVRjs,0.464
OEfzgobszUA,0.463
Pe6HXLdM4Vw,0.463
ZAMgXSmJ31Y,0.462
6ufmIRhmrlc,0.462
eLED71c_Iw0,0.462
8Tao5qnWWRE,0.462
A4_vDdeL3AA,0.462
jlMW-r81jIM,0.461
JNV9ckadIG0,0.461
jjmjVJ_MLbY,0.461
FBWMT6srU1g,0.461
LW98g6-IIZ8,0.461
IAbpVXEUt_c,0.460
00TtWwAqgNw,0.460
aDeO8Aana8U,0.459
yUQefGiQ4u0,0.459
922FaquEOGA,0.459
Qo7-n-wRbow,0.459
Rp-RBlT8NVw,0.458
Dt4vUvezvT4,0.458
nlhS3k5xXR4,0.458
aYPnF4TZH08,0.457
DUbnKWO1URs,0.456
apMgbN4iZzQ,0.456
LWl0NOPvnPg,0.455
X0CsGMBc0Uw,0.455
3P18awMENTY,0.455
YC6Le4FuIt0,0.455
t0NRYxFH8rY,0.455
uDLanR4iAEI,0.455
IoTW17srDPo,0.454
mfWmsXhfn5U,0.454
6HY9WxvAS8E,0.454
JH2WhIfnKdM,0.454
EQBt2TVtQEQ,0.454
jqCfpwmAsU0,0.453
zK1lHXEJxcM,0.453
euNsns4nqYc,0.452
cyF668YTCYA,0.452
U-FJhKsHFrk,0.452
d-O55x03xXY,0.452
r80QoDvEJBA,0.451
BVNeEj4FRYs,0.451
Az9xjVAzC1k,0.451
GYFo19xOacc,0.451
0j_SZwV_RPg,0.451
wVACbdBto2A,0.451
nzSmXz9s_io,0.450
h7s6anHysqk,0.450
nikkw8IhzVU,0.450
KogOo9XxSZk,0.450
ctLLZbY-p4c,0.450
C61ssRwtaVw,0.449
sd4q2LuQoxI,0.449
ud9a22w8__8,0.449
zGvJ6YRi5Xo,0.449
xoA-s8WA550,0.449
rWHqsBOqSgc,0.448
zJoTTyYPpeM,0.448
ZCx8qSJBwU4,0.447
RUNNMoxquCY,0.447
XxtaV9G3uBw,0.447
sj4BJSnjubc,0.446
Uqktwi5HxcI,0.446
yiN4kiHpmvg,0.446
DSQmucxHmHg,0.446
R6B2A81GaEg,0.445
y70-v5guC6o,0.445
sy8KHtF73UE,0.445
_Uspjl6_Q8c,0.445
BKXk9Q2lxMM,0.444
Nj_Y-SovfwM,0.444
SfCFYbaOCPs,0.444
eTJVVOPeVGA,0.444
QssJKgw4foA,0.444
5n7UKzJWBas,0.443
h39vqn0Xvjs,0.443
52hOm4G1LGY,0.443
bKfpBH6yAos,0.443
hjSSGJdaIA0,0.442
bcQ9k-Ief1M,0.442
Khgul7nWgUo,0.441
v9h38787yho,0.441
x2jPOlqeo0Y,0.441
ncG3mbahlxc,0.441
PFIf1QXvNSE,0.441
12_28h8a1tI,0.441
Hw6zSNDENKE,0.439
qmjXyCHQhlI,0.439
dMfH-O5jIF8,0.439
NdjaWjEwR-U,0.438
R4jTuY2oopQ,0.438
KvZl4i91jtU,0.438
9JDOHa8OGZk,0.437
SFjeyf1dXN0,0.437
WRLMfjizW3Q,0.437
Xlbii7kMrjY,0.437
hYuERKg567U,0.436
XAiXOBwRZ3Q,0.436
_1bgZumIzMU,0.436
6EXfW6k73IA,0.435
f0AQD5fBXOU,0.433
TpazxwU-LzM,0.433
apynFcEqvmk,0.433
kn5-rPHlU5s,0.432
yeBZfQLpyMo,0.431
QGr3oxow8Ig,0.431
kTtkS1exR9w,0.431
NE9W3sKn3ME,0.430
SYSuWHW97uY,0.430
VMP_DanaZy4,0.430
N3Vq5lXUv6s,0.430
DpmB0w2iKLE,0.429
B7Hq1a4X-nM,0.429
9OLkDlB-uMI,0.429
-DBo_rEn3N0,0.429
1EhHUySr2g8,0.429
y2DyZllVm18,0.429
8yP-bebMYPA,0.429
SB8p_HKJHYc,0.428
imC0csk9f0Q,0.428
K0nLtCuxi-w,0.428
H6jQIhSua3o,0.428
XwzPD1hEnR4,0.428
tbhD6fmrj24,0.427
Hxs9SBNjMY0,0.426
0W_mkOVG3sc,0.425
NmpX14qkPRA,0.425
jqTfFffVBWY,0.424
vUBBbgM9pOw,0.424
ugRSnP8djvs,0.424
RuC5TFPBeno,0.424
32F9PxP7YZs,0.424
PCU7qctwPb4,0.421
49fLO48Ipnc,0.421
pXe_Wt-Qu4E,0.420
O-emgq9vXnA,0.420
Y0TdyRjJhcs,0.419
rTL2NsFM_sA,0.419
-82L9Hx_1fs,0.418
yEjuXRzjp10,0.418
KkgoKQmMmw8,0.418
szFLA4_pwew,0.416
uM6xnm2a0vk,0.416
OEwpp2JMyZM,0.415
uCfPPkweYGQ,0.415
f6HncSyedXc,0.415
Gu0hYefEogs,0.415
Gd1G5qnh0BY,0.414
3XdQpv5TZpo,0.414
lA5JEsh0Tuc,0.414
V8okAQt0LD4,0.413
FW84d9kuOxw,0.413
_IUm7GXNQK8,0.413
oqBFgQ1jo9U,0.413
e6P87fk9F5c,0.413
7K54zp79GIg,0.412
-r-btKXKXNw,0.412
_nXN-N3_sj4,0.411
vggfhvV09fw,0.411
tmP7nSMJSEI,0.410
iu5njVZgabA,0.410
8nLBvx_s7uY,0.410
mDSaCif-DW8,0.410
lMr448Q3pkk,0.410
iz2AcwSIVU4,0.409
DhBVJ5qSqUU,0.409
6JICReQUJT8,0.408
ZTd8lGzB4Mo,0.408
K3kklO9AfhI,0.407
sdfSycxT5qQ,0.407
MzKLHZtTCMM,0.407
ZVIo1sCD208,0.406
0unA6Psm2ek,0.405
f3SmzGbBd-U,0.405
5Pi_lC6swsY,0.405
axJqmZJCWmA,0.404
Mf4wwXM2o_M,0.404
ejcuXQVIChc,0.404
FXYfqjjc4IA,0.404
yTVQtVBzOAU,0.403
42uqzT1sVMU,0.403
u1IuADjQAJo,0.403
cE1y39M9dN0,0.403
K9eCXFMAQpU,0.402
LxOchRfh2Z8,0.402
TdRUo3rQul4,0.400
wngyfDubSv8,0.399
rjiIUI_jiQA,0.399
SAPxuqUotX8,0.399
Al7F5xG4rAw,0.398
JNemKng41Q4,0.398
80cjPS9vdTw,0.398
JGYTXbCR_yc,0.397
cpKrWrcWUkQ,0.397
6qTkNKQ-YYk,0.396
OqQDj9g4C5c,0.395
7wQBQUG-Tbo,0.394
xXxS6qNHCTM,0.393
u4yBQAWJ6tI,0.393
i56e_JbZx74,0.392
aUKA7J1Vz5U,0.392
MUuPezJiDLs,0.391
JRVStxOwdG0,0.390
t0Mr88d9eK4,0.389
d0Trz2xymRk,0.389
OngDR2RtGG4,0.388
NN3L7fIvSbM,0.387
VMrhAL_VzLQ,0.386
kwJnPqqpIYw,0.386
8NiqUPgubBQ,0.386
Yh7GSsPweig,0.385
4Np_Pd2_IMc,0.385
xjmryebsE2E,0.385
9MVnk6bnAYg,0.385
XSHGWfY1G2U,0.385
Rhe9_gjpmrM,0.384
YmugwoLIOMo,0.383
VHh805XYzoE,0.383
6v263eVBEP4,0.383
iEPpzR88HNA,0.382
krNa1z8Z0RQ,0.381
saql1bWzdvc,0.380
s8Bx5jcn47k,0.380
pJZcAF8zT7k,0.380
JqtWfNBBFHY,0.379
6N4BO8FNQG4,0.378
ImTbxABSRAs,0.377
Xnyb2Kf0oY0,0.376
4bO81UFuKtA,0.376
SuH9SavYSuw,0.374
lCS_JZyyZV4,0.374
QzySYAkK1KM,0.373
VISogdR_Jts,0.373
n-Aielqdy-s,0.373
QdmACV0THxE,0.371
t3TW3ymxHAw,0.370
litu5q2gkiQ,0.370
DlIcqFGHmjE,0.369
65WLfvHGRPM,0.368
hyGQiT3FbHQ,0.368
PWGc3fxPlqI,0.368
cp0V6v6wy1M,0.366
Ply9SrM7ybI,0.365
u-hzriZXTy4,0.365
acbUdkJjRL0,0.364
A9rjXhuFdkA,0.363
loVNhLchiiA,0.363
ZV8Xvlc2YM4,0.363
rsFN419LHCc,0.363
Pqxhi93dNgg,0.359
VqkjMdSkmXA,0.359
sqKff7L9XQg,0.359
ax2fwUeO87c,0.359
-ICXnby-j94,0.358
hkc2VQl_Tzg,0.357
ytoMjIeVgrY,0.357
Zfe3mHVR71w,0.357
D133H1Max3Y,0.356
_R9GT7adpqI,0.356
QWI645klsmY,0.355
gO6F7lPMVgo,0.354
zLgENcGPVfo,0.354
Mt-Wf2vh7Qg,0.354
K6KrZdkQWfM,0.352
8fF5It0EB-A,0.351
CrjFoOddNk8,0.351
XawavSIMxMA,0.350
hDVgSx1X_as,0.350
9sZ9RiBiJj0,0.347
WshU7Iyq6x4,0.347
GAtabEUOho0,0.344
wzlKBWqbmy4,0.343
q7H72LUDhAw,0.342
J4dfU8IHu44,0.341
37zsDoVd_RA,0.340
9SNY8XWZkq0,0.339
mMqUetxJMn0,0.338
H8y5f9_2IJ0,0.338
wgSgOqFTHSk,0.336
sz7PC-2G9ks,0.336
HzKuWBDDLPg,0.330
LGcYmzoMJAQ,0.329
eOab6ioiM-A,0.328
XFvHoNtr4cM,0.327
Jntze4dWCHE,0.327
FmRX7lss-ZY,0.326
17Mtt0ttdzs,0.325
e97R5_TfW0I,0.325
TlX3_YVS1Ag,0.323
U7Mw2GYhhtA,0.322
UzFoThs2Qpw,0.322
cSC9jiYmi5w,0.322
B2bFHyds-s4,0.321
mjMIjMFlYyY,0.316
VdGdSOyEIpc,0.315
HuCBCD4eQE4,0.314
GNA1tpQ7dr0,0.314
xd5683DM1U8,0.312
qedHYmSrpIU,0.309
jM5Jl3n7iP8,0.309
4emxazdZ3gk,0.308
7t_y-8OX6-4,0.308
l7WqlYnvsMM,0.308
u0gcGAzmba0,0.307
ZU-85L9x4UM,0.307
li7hylNV3E0,0.306
xZmJinQ7Xpk,0.306
gof5zMk6OD4,0.304
uIpmNq93qLg,0.303
pbM6PNA7hew,0.303
Q7-VLuIFNMs,0.303
ebw_LZCT2DA,0.303
ggvpFjB8yqE,0.301
lSG3VSU6P6k,0.300
bSKpDwDhq24,0.300
cqn13AThr-8,0.299
bHlvZCVBiPg,0.298
hR8TnADHi14,0.294
hza3rQH0Dig,0.293
8xny0EY5f-A,0.291
uB8LM-Hj5iM,0.290
E0e4YxsJmxU,0.290
ajUwiKWixqM,0.289
-3If0qmO3js,0.289
zpr5RGHh7pE,0.289
J9CLkUxD4us,0.288
56692r8tmV4,0.287
_HsKPnJZGQI,0.287
GLnGQDYA5NY,0.287
pYaZl-MRlIY,0.286
MdBMhaz6boM,0.284
2UvXBcttBQ8,0.284
_6Bk0n-5mvQ,0.283
FZro_8C5DHc,0.282
KbV3pMiGq_A,0.282
r1jCsAnz4gw,0.281
oHjsSk___dU,0.281
czxbOtRmKa4,0.280
evy98t9X6d4,0.280
7vshGnNU3ZI,0.279
24xXaGrl9as,0.279
UBxqd8c8fF4,0.279
kXVT4qbIObA,0.278
siPts8_aaI4,0.278
RADlIY2Q0vI,0.278
9N3qleOFG8I,0.277
L9lLPYJlH8E,0.277
s9r5sVJNyBE,0.277
cVO0GrNsUmQ,0.276
tJhh2kkaxY0,0.276
eZGBh2feGyA,0.276
8J72Wako3XU,0.275
P9MiZsXpgxA,0.275
uYTPUT0pXts,0.275
jmQWgqDYLd8,0.275
vzW_Vh79ry8,0.275
OQd4RI3fiKk,0.274
lbSbdkkfFIU,0.274
fb8KzUOFFm0,0.274
yg8NZFbc6e4,0.274
ZpKRJKPOUcg,0.273
Vs6In7UtyXY,0.273
KQoVx_jGPps,0.273
p88TMEKiMCk,0.272
OAmoz2Av6K4,0.272
ZiJNAWlEzeo,0.272
M6RRynCusAs,0.271
x8LqWD9c8Yo,0.270
VYJy6jozUwE,0.270
Wh-C8ElB1lE,0.270
gyz65g0pywQ,0.270
FqDA7FFPhUI,0.270
StkeiNvSTpA,0.269
EO6yHKj9SSc,0.268
lRQzDvnNZ_w,0.266
9iX4JM1C7aY,0.265
bcPpX7QD-6Y,0.265
5G9MpEFJ2bk,0.265
1Pi2zV4lsGM,0.265
7jzscoz0UHY,0.264
-bRjR01N-1s,0.264
7bNkhz9OwYs,0.263
_n77R58Fp1M,0.263
QvXC6jxFdBE,0.263
jo_HmfF1GaE,0.263
LiSC49A6RKg,0.262
FZM--_llvQU,0.262
2QmMy5t0Yzw,0.261
icu7GlLco74,0.261
3z3ZFBlTOec,0.260
f76zfdXpQsY,0.260
JlS-OpM4w8o,0.260
TO4htaOpX8c,0.260
yXG89KyDrys,0.259
IBNFDkW5sdU,0.259
coD5Mw2cpCI,0.259
-LzyV1PtJXE,0.259
IZhMNf__p_o,0.259
RpH6iaQZjMs,0.258
aEsnj62bkhs,0.258
zp87Yb1ZJIg,0.257
WhOzCFOlIHU,0.257
m-kgTR77EZ0,0.256
TCUUr68IShA,0.256
AHyh_cPs5F0,0.256
Q4chh9SfptY,0.256
XRj8i7mHXrk,0.255
mW4KOm__V8U,0.255
6fJs5kVO2CY,0.255
fQwwsxPPLjQ,0.255
E5RH50PHtRo,0.254
frRLbU-M304,0.254
QaorQqJ5-kU,0.254
xnfGc3VcHHY,0.254
6yxFrwzOfLM,0.253
C9XgruE5dvs,0.253
iXlIoDt1Wgc,0.253
2Ql5554aPY4,0.252
SrO401rQny8,0.252
MWPWJJ2amEo,0.252
X9mJsF3kC2U,0.252
9gg_EQN2VK8,0.251
E99fLCquf1c,0.251
YBfAOGedf6w,0.250
mwPzenvldtg,0.250
X7zEONGP1jA,0.250
l-tVOoGzvs0,0.250
ig_Qkm4kduQ,0.250
kSDKyKKMSXM,0.250
JWGS-FW6p1I,0.250
WnS0pZxmgow,0.250
SGQbmXPzbgA,0.249
c5q49CBtzZA,0.249
JtmTcrVyOBc,0.249
Q1KlTdo0YcE,0.248
qhI-yTCKPis,0.248
n1cSprH3ha0,0.248
0TxJQk72378,0.248
5kfuSE2IaxE,0.248
kOqms4DJFtI,0.247
HhsSzGJf8bo,0.247
0uXlsKL0ctc,0.247
BSc7L5qX1vM,0.247
M1hPI8WvySo,0.247
EkXDAIfxAks,0.247
Z_jiQO48s7w,0.247
3mmGUssQ_Zc,0.247
wMTgtjRftfE,0.246
yLP-WZEe0OU,0.246
BDddMCvnrlY,0.245
R7qewoC1_ns,0.245
lExP9ANRePg,0.245
eKx1PnHCwxQ,0.245
zvUjaR6rOl0,0.245
G5hCRmceznw,0.244
VrdbFZI5YCM,0.244
1K_4q3cxR48,0.243
UkpxNrwX2vE,0.243
s7HHyAN60qI,0.243
O8hmFSyuQWc,0.243
c3B8bxdyA2I,0.243
PgBP3oZGi6E,0.243
SLisp6hn700,0.243
Sx-pcIXd_X4,0.242
NwmHHLdDBSA,0.242
S2SUEdJw22o,0.242
c5wC4ITYvBY,0.242
3UqZsppACpk,0.242
NwiUeK1n100,0.241
UQI7bwzFWCo,0.241
aKTrT74Gzdw,0.241
kS7trNVXXS8,0.241
wZDVmnHnTdY,0.240
cahzjhfvoKE,0.240
Xh6nIMXR_lY,0.240
kK7F594vJG8,0.240
ekt-X2XgFko,0.239
F3a8uDKsDlo,0.239
5sC7gq8mTvc,0.238
fgJ-ehge86A,0.238
zW_HVBy5mwM,0.238
CT1PzuurBxc,0.238
3IlYlRlXNUo,0.237
MQvMCAxtdUA,0.237
TAomYjHzUQk,0.237
8KsYydjRxAY,0.237
YBR0kPV-4kE,0.237
ry3NYHRgrCw,0.237
XsKCosu_JXI,0.236
6qS8FUMRmqs,0.236
UljhSIhrcqo,0.236
i6rOuyRCAEk,0.236
g48FGiqCy94,0.236
aBjhM8vzBoM,0.236
LfmJniwjjfk,0.236
DDMZw07wHkk,0.235
5_6JLjVKI4w,0.235
5wIMXbqYcQI,0.235
-qD7pLAAzIw,0.235
mCx7cVmFzhA,0.235
e_48kRGc_bQ,0.235
T6UFHpk98RM,0.234
A1lNzsCrGXk,0.234
-EnhTo_WdZM,0.233
9mpSPcMlHgA,0.233
rJ1xda4QCjA,0.233
hM1L1nK0Eck,0.233
5YQKUWiqgSg,0.233
UychI4n05Ss,0.233
tC70ddHj2hY,0.233
ER1FL8c0aPY,0.233
pkZDSpj-v1s,0.233
GZU2U_bUzpg,0.233
m0o2ueT3HzA,0.232
hjVIgKtgSSQ,0.232
q96DHGo-z6o,0.232
drF5DaekWzM,0.232
yTK3V4vqzGI,0.232
wxvPpE3JsJo,0.232
EhfIPhgtEfc,0.232
VfVKwrBHy5k,0.232
1B4e7GvtTzc,0.232
9hdxtI2qQ9o,0.232
Scw13WHg_ao,0.232
IGvPo_U_Jjs,0.231
RXb_lm9xIbs,0.231
RnLqAbhI8nE,0.230
AQPdSoC3Hg0,0.230
zRRkXtCNimU,0.230
zhdjNgu4Mjg,0.230
L7XZ-BGNp4A,0.230
m42sN0MUsos,0.230
UGqsLvkRX8Y,0.230
YaaRfO4AxkU,0.230
dH_gpSfaA6E,0.230
fAvZAJMhb6o,0.230
NfdUEnJ8mfw,0.229
tk6RIy0zv04,0.229
cq3QqSIZuPU,0.229
nnIq1T_0qFU,0.229
dvJjtqIc3xk,0.229
_Sy00brvWkg,0.229
yUeqzi3koFg,0.229
tunl_KjkrJs,0.229
U9puDuJBCzQ,0.229
UrO0ghBSH24,0.229
RVKcap4wNzE,0.228
BpO5zTu47Ao,0.228
Y59AvGL2Zac,0.228
MleVjHU-wI8,0.228
q_GY8fuE2Iw,0.228
IAkPRxmp-wc,0.228
ccL-e0zJG8w,0.227
sKQOUlkgGwc,0.227
Uyiq2iST4C8,0.227
9ClAAgYZ3Jk,0.227
I4Kq-H902uo,0.227
0WIMUhQvGx8,0.226
CUnNqyUnfc8,0.226
Dn_0mhpac8E,0.226
UmOucP3Xzxc,0.226
f3iispxg5NE,0.226
Tmc3XJDcufo,0.226
cSfzxTJqZL0,0.226
ZPYX-jj7siY,0.225
tVa_RWVVgNY,0.225
E98YxJSXt80,0.225
-WzSXhk6aso,0.225
XjeCaPutM_g,0.224
-VfsSAEGIPE,0.224
CUSXszrY82A,0.224
IuKoVasCx_Q,0.224
8M9bcZc6AnY,0.224
0FoYSyGwkD4,0.224
LD6jnMMnM-w,0.223
m6Nz-oEk2lc,0.223
Sgz3khgwYbk,0.223
GpsNEtq82zc,0.223
Z6iZsfIeCKU,0.223
L2djoognp6M,0.223
l_pp-1qu9Ig,0.223
9748VdxrKno,0.222
s7iETJEtA1E,0.222
Muh9t3QbSvI,0.222
WFXg-BPpyus,0.222
LaaV-XL9IJo,0.222
mJluHKMrhwk,0.222
uM9bOYfPbag,0.222
z3rAKZjkM_A,0.221
JpPjlgY2Il0,0.221
0OyVf9f0rcM,0.221
L2BO2xIUeUw,0.221
iR1222t_1Lw,0.221
d_mRaVTWxj0,0.221
-QrKflFpGGM,0.221
OXAUABb-Ln0,0.221
wcOD4sj-lZk,0.220
Nkbpj5ZONJk,0.220
UX6G4VhpMyE,0.220
0tETklSt8yM,0.220
C6peMGHVJ_k,0.220
w938GbKM290,0.220
ZIkTAvbiHzE,0.220
bsNWIlV-COM,0.220
Ixi73uWuKhM,0.220
FwdpW7j36Zs,0.220
rdtopmPIXNs,0.219
iXkcu9HoFl0,0.219
TC6HUnRZMMk,0.219
sE94jKg1wp0,0.219
1Cikoju26gM,0.218
1ZP4GWrZYSg,0.218
80Sbf_XJN1A,0.218
QlrCjl_OP8Q,0.218
naYlV7o8UPM,0.218
cwGMdiWQ55g,0.218
Dp8Au49m110,0.218
VdgYs2me-qs,0.217
ENd_zJZahOI,0.217
nmTSlzYZAAQ,0.217
5oq53AIWPIY,0.217
bawXdAH9zmA,0.217
xzviuJDJvjg,0.217
d5y-nK5Qafo,0.216
plZO-mRzv1Q,0.216
yn1U3KkvwP4,0.216
LMTfRXEzsUc,0.216
x3c-lzSoMH8,0.216
Mf3IyeMF8ug,0.216
vEWXHq7y7WU,0.216
EBpqQKSdaog,0.216
YIV2mtGDaw4,0.216
zsWTAj3woqw,0.216
BUk-fR6TAnk,0.216
Gk4MHo1BfKo,0.215
y7Qlao3tzA4,0.215
PpFQ2zlJG98,0.215
596eOww8G-c,0.215
OfcLXeQEilg,0.215
2KSsHVYngJE,0.215
oopAONxoBHc,0.215
0P7Xl_8Itwg,0.214
xv61iUUodL4,0.214
d7JH1eOzl6U,0.214
9PCaLEbwEtM,0.214
4FSAn3hTy1c,0.214
OW9YJEy0c_8,0.214
ByMuahCv4p0,0.214
QIb3R_O3Vrk,0.214
ZxXihhljZCQ,0.214
57Yy64x2vIo,0.214
lyhGXUEXqWg,0.214
-oqYHrze1CQ,0.214
djwqSjB4sWI,0.214
9qiSMe1COuA,0.213
08Qq9TGiE-I,0.213
JVCfg9tqJRg,0.213
arnawt1f7dg,0.213
dDcp9TPsf4g,0.213
JRsf2LwiF00,0.213
o7O6XJYVDRE,0.213
J2lrvrdf-ag,0.213
ZCd4dmdTzmY,0.213
MHHyx4zCQsU,0.212
wbY_0GMnIBM,0.212
3R4cEheuhmU,0.212
wqnUJ58_Vko,0.212
aE4IUvz5lSs,0.212
z8btRjFLzp4,0.212
38vAY3LUHo8,0.212
yTR6hBItUVg,0.211
nL8p8CKv690,0.211
Hjp9e4N-bvc,0.210
Mt4X7OCiGpE,0.210
ZMCQq0t981w,0.210
UWJXL5L86LQ,0.210
5vvnH7yA3e8,0.210
K0GE5qdJtJs,0.210
jCJ2eq4wRPo,0.210
MfawL2EzIw0,0.210
h8D7kQf-7J4,0.209
J4H1LyNKyqk,0.209
P0_nxmWXg0U,0.209
uv9dNn1fwAY,0.209
SQ85imxKmiU,0.209
nFUlzb-vWGA,0.209
Fpvtc-iYOJM,0.209
XsJz46FEh5A,0.209
YSI52ck4TZY,0.209
mwI8q8tDIno,0.209
e_SGl7QrNVI,0.209
vOJtbsRKkzc,0.209
sWuTz0SxdNc,0.208
swuiAiellVg,0.208
nUnGd6pP7mI,0.208
RYgws6BxlOY,0.208
HXn6lx3FIMw,0.208
ARdJKHQ5q7g,0.207
Ip-f6h929LQ,0.207
H4S9coADZTg,0.207
kV0N4DielLo,0.207
zVxZ1KX1Mm8,0.207
n3FclT-qDI4,0.207
VHWfHvMMP3A,0.207
zHY1daYs3-M,0.207
LaBBl_iee_c,0.207
axetp-7eVUg,0.207
d_GkDAKinu8,0.207
LCUKya4gLFM,0.206
_f3HH2_EV68,0.206
IC5As7d9XUo,0.206
2CbrIoW8Mf4,0.206
yP5oDTXzrNg,0.206
ITCdtS3d_7E,0.206
lE6CXEp5WT4,0.206
UkuyNqkrOxg,0.206
wpirR-t0i24,0.205
Gu7ONmdmPdQ,0.205
wMzPSbLV_zc,0.205
yEhHwCVL4jk,0.205
xHqpWYJgDSw,0.205
_TEE8-mhlaY,0.205
oA7jafMrqdk,0.205
uFQhpSvDRCo,0.205
ZMik7dmvBNo,0.205
RP1Frmlzwsg,0.205
_M9FXyIi7z0,0.205
ZHsxXfOW1Q8,0.205
jJdOa-ohbZQ,0.205
BH15-2RuT5Q,0.205
ZYmOtOmS-VM,0.205
QNQD1pCC5OA,0.205
WFs_NCa64Kw,0.204
3Qs_ghC56Dk,0.204
e-QFWYvRi2s,0.204
fh_Rg6e4SY8,0.204
6rgc-2uCWD8,0.204
trQvpTaHY8A,0.204
bEGSrOYjDGw,0.204
I5xwc3eSkJ4,0.204
79N6BLPmv2I,0.204
eoE63k6vGkU,0.204
BQM8KKP-3Oo,0.204
7UI2ZW1MnG8,0.204
lNdenxjiiPw,0.203
UBx08qLGno0,0.203
81JhFbtEhGE,0.203
ddFBVpzTB9k,0.203
rm-yi91qbqU,0.203
IPzl4EkAuX4,0.203
7Dts3KUgsS4,0.203
F7rrCRDgHO4,0.203
Vq4fdtdcuuM,0.202
KgKQwrr-VX8,0.202
9YpsHUi7U2k,0.202
Rrpb-_4bQfM,0.202
fUozJ-2K0iM,0.202
XVFWsIBpUjk,0.202
4HsZFipKq5g,0.202
6h-I3prj2lQ,0.202
Vo4gXV9nEbk,0.202
1N_HtpiFmRY,0.202
AR4ZWFvVseU,0.202
eUWYc0X26VI,0.201
e1IR5ZnmFa8,0.201
G9LC-hrs6dU,0.201
z_9lUgTsP0s,0.201
evmrmUX4h-4,0.201
3hmsQy_Uu50,0.201
RGVDeXqN1ao,0.201
hj2tFgpPyow,0.200
9j-qCpU-xRg,0.200
xc9wO5WEoYU,0.200
g3xD9vj81Pg,0.200
6ik_yEXHUlg,0.200
dTv7vROI94k,0.200
q8BJGr1tFE0,0.200
V0Xf3wC3GD0,0.200
e7AP6b2dUgc,0.200
HmjKymJB2eg,0.200
F0_NO7TdZGE,0.200
pty9vFi2uow,0.199
H3ziThSs9co,0.199
IhTL14XGNsw,0.199
Btylc1PqIfQ,0.199
Vu2qOGeTJys,0.199
V2dU3ORKWbM,0.199
Xou61J2aHjY,0.199
GebXggM3zLY,0.198
A9oNcdUjArA,0.198
7k8X5I4OawE,0.198
0aw895EmQU0,0.198
_fb1onRMhZ0,0.198
H0fiQ4nMvS0,0.198
YInHp5kvL5g,0.198
E0_U-J0jymQ,0.198
y_Jy61zjzqc,0.198
FzO5pvrS2n0,0.198
tYqDnoZ6JqU,0.198
QWL3-101ROw,0.197
2rplhnbsbEs,0.197
QVSbhHej_08,0.197
cB8YBHWYGns,0.197
pB_s7eE9p5I,0.197
SZco2ilSF9U,0.197
8j7TT3WqN3Y,0.197
fmnGO1chfGM,0.197
-y7LrzMF1zc,0.197
FxTDBsH8XWQ,0.196
3XJCYpTzBSo,0.196
IkE9hwt3Kfo,0.196
cXmmrN6BSxQ,0.196
f_LbJ3OZINU,0.196
1szLTZNFXC4,0.196
p1gJ1eBExbY,0.196
zQGtu1GIJ78,0.196
quf__W25NWs,0.196
GdookWaiaus,0.196
iEy3ERSreLo,0.196
EiQ4FCp-RjM,0.196
B_NQ_U2JEp4,0.196
L1VKZyUECFk,0.196
2orboRaotSQ,0.195
teNalQUAOJI,0.195
AugHOsnb8JE,0.195
rganQqais-U,0.195
RxkGYBt0pOs,0.195
g_ayc_6lZ90,0.195
29utMZzaG34,0.195
OnGO0pcySKU,0.195
w-7d2rbRDEo,0.194
A4Brz8gmbuw,0.194
-kgVnNAHLLM,0.194
gVz3c8AGcIw,0.194
90AdBnrPoMM,0.194
eisPBP4eDzk,0.194
V1MQ3DjVtcg,0.194
UgKB-1Hq05U,0.194
DNzF9oLQbUE,0.194
dlaiH36g3VU,0.194
7owWBTW3fww,0.194
m9kf7NvEPCk,0.193
iFrmn-IXc0o,0.193
6qfbV46oQwU,0.193
WoV4u35LFsg,0.193
-wYgjXsc1XQ,0.193
cUoNdFdqrTk,0.193
ggXRAAHTrLA,0.193
Uy0iBQZ04Lg,0.193
Wgh0ewxIWBk,0.193
SpqgnzNS7AM,0.193
7rUfScwhBHo,0.192
5DAktQKhJ-w,0.192
GrePzTYKIeY,0.192
Ux4brKS0Sac,0.192
3vsCr7InOhY,0.192
9lNvpuSoOTM,0.192
_Bhe-Xjthrg,0.192
oQn8YY02wK8,0.191
a2Aqdg-RXQo,0.191
IY-om0qSu2M,0.191
YbBaMu5fQGc,0.191
R0aqj-W1SNA,0.191
Zw7BF5VNKRA,0.191
69V9ZVHtu9w,0.191
9jVDesM1Q-8,0.191
546h8Z1NEWc,0.191
KmgaZlM5jmA,0.191
2_kHuY6NaEk,0.191
IMBy8mwc_N8,0.191
cP-of-VlXAI,0.191
EKqhfAU18Uw,0.191
W7ItXNX11WA,0.191
Xj4fSqFiIbI,0.191
tWIn7yA9NOs,0.190
nkmPMphPu7k,0.190
unWU6DIEZzk,0.190
8r4rVrb28pA,0.190
DHatlhWE3hQ,0.190
H_pUXshweic,0.190
LQuyvhUAT_k,0.190
2MCWWrCfb9M,0.190
-61mFONLCq8,0.190
qy3qToODisM,0.190
r1XgpHaRcW4,0.190
RuYKc7gf1Rs,0.190
CGi7rjiw4SQ,0.190
YZ3i35B-VFI,0.190
faO0tqKT8sQ,0.190
OBm52T54gsA,0.190
4Ehp5Kf9pGM,0.190
aZnJa3u32o4,0.189
VN25ia8Y3tA,0.189
LXM9WyOd7t0,0.189
Uug4iSzprCo,0.189
8r_iyfaif4c,0.189
Rf1YSdzGi4w,0.189
TgnJP2BidDs,0.189
fisljmJQ0b0,0.189
lCZkSs1HYWA,0.189
GBmOLlU-_Vk,0.189
D6Z_phY1NMU,0.189
BBlXx3uDAOk,0.189
NwI1zIygamQ,0.189
Jg3YhJKD3Yo,0.188
7IdtzVe_DaM,0.188
LwFjKDZaT1Y,0.188
X7PjgMwPOqc,0.188
E7C8AHGjQ2c,0.188
1ou9Y7uSRa0,0.188
2qSvnCux5QM,0.187
WToGmkrDHNU,0.187
Ks8qFPfm4cY,0.187
QGBdwZNAqIQ,0.187
6FpeQD9pK8M,0.187
YFSX-Q8WJ68,0.187
IRMk4HHkyZ0,0.187
xknaMJymjBc,0.187
bCmaGV8q7lk,0.187
j6IOCc-RE54,0.187
dboY4czvB44,0.187
H5Sal7gD0LM,0.187
2MpbGNm0G8c,0.187
k_AFg9m3Dhg,0.187
CkZnxSEOp8s,0.186
rleC458uiH4,0.186
nbPmi3TOfDE,0.186
hinM1kVFdWE,0.186
J_ZDjUG0UQM,0.186
qzi2_3aqm_4,0.186
iwvn82DufpA,0.186
2QGQbqmv8AM,0.185
NaoSQ1B9DJQ,0.185
BZ-ECA-Jtes,0.185
Yfc6sICQlqA,0.185
1aZNGEeK5xs,0.185
vk3hYnrs_ng,0.185
s0zL7LDmMM4,0.185
YzpLYaDBEow,0.185
p2vpVYz1sow,0.185
0W4R0Ba-BjU,0.185
SDhyCVAKMtE,0.185
Mnxux4JKMnc,0.185
LHj1u7mks6I,0.185
ZNVDYm8ulvI,0.185
g8HHMagyL44,0.184
6sMxA1Qvqt0,0.184
gSd95yjUU3c,0.184
hQVLwPzRCFo,0.184
m6YrZxmc8ek,0.184
syffHZJCnSw,0.184
3dNCPC58fyA,0.184
Kl95Ckr4c2o,0.183
LabYCUaGyzs,0.183
-A7NFuh83K0,0.183
x1kzmhyrNJ8,0.183
rf6nU4MXDe4,0.183
E026wJnLp1w,0.183
9pYNokq2Jvo,0.183
hhJDjPpHHks,0.183
ZnmreFElyBg,0.183
MjUrMg2Yaqw,0.183
pyedkpdJn80,0.183
hWk_HzSaZyw,0.183
lPWVS7Z-qW0,0.183
3tpoZtIrnNU,0.183
AIpjiQLJ9UM,0.182
iLrsURnw12g,0.182
R_PRAtg15tU,0.182
nFlVSjLgZf4,0.182
8QNbj9fnosA,0.182
SNXmSHZF0ow,0.182
1-587fJFDcE,0.182
iTrip8N9GR4,0.182
B2EtxbHUebg,0.181
rVkZl-Xi4Lw,0.181
q0JYlij7DHA,0.181
XUv-g1yD_Cw,0.181
jk-12zTR0oo,0.181
NR5ctHEKR0U,0.181
FmeS_jo1CtM,0.181
AyHHcxTL5Mg,0.181
nJC7PrFO45g,0.181
Y8svWIGMeaw,0.180
K4Z6lqtem9M,0.180
EwlObOVNcbU,0.180
1ZxFNvyEJKA,0.180
KszIYbGGbfo,0.180
L5KsoQG8Uhk,0.180
E_J2uBxBIvU,0.180
Jh2DL3OHpMc,0.179
gGs6Cy0RiZQ,0.179
tKxJgKluNqc,0.179
Fz5xKFK6gYs,0.179
VOExPFi6Ggo,0.179
nQe1mdqKTb4,0.179
VhvJVx2Z_1A,0.178
HKLlN4zHkYo,0.178
b6ltgrxioeQ,0.178
Ji_zJqn5bcY,0.178
hyxpNqN9rPo,0.178
ntKMS0bIg7g,0.178
tbsYc4DYyDg,0.178
56NKohAB21Y,0.178
yDxwVOPDzPs,0.178
C1F2DoNInko,0.178
6a5Y5FLHfC0,0.178
g6nn0iZwenA,0.178
Zxp7VbDF9XU,0.177
QJmxpr-qulk,0.177
7q907jW2Lpw,0.177
5o6B6N8cxQY,0.177
5ZoVNXIRHDU,0.177
gPrnxLor_qU,0.177
cvCUGmteGFk,0.177
yHDMMGUlrMs,0.177
81bOXxDUdUg,0.177
1NsAEzZz9Ks,0.177
d_ufX8qQT6M,0.177
J2ONwvJlgdE,0.177
wevuWgkTOno,0.176
OE3cEmYTrz4,0.176
IU3xs9aAQrw,0.176
dD5hbEBW4BQ,0.176
Deo6DmqlJr4,0.176
g2eWHM-eV3I,0.176
u3OiAMrm6qE,0.176
n31aCk6BOpo,0.176
KV75zP2VqU0,0.175
s2_SPumEUWk,0.175
yhY-RU5CAEM,0.175
RcNXLPqHYVU,0.175
aastWRo3dSE,0.175
vGNQJy47OkI,0.174
89GEmdd6JiQ,0.174
smfFj-MZffk,0.174
7gCM7uxEY94,0.174
sCz7yf2LmeY,0.174
riKSMRIHnYA,0.174
eiXodBYBD8Y,0.174
oz6QLuzjOkc,0.174
o61dkjeW37Y,0.173
HdESuyzM8FM,0.173
qaIGxaCmP4s,0.173
vArhcqmPP2c,0.173
hduA7FSCIKs,0.173
tMRAEAHbBIo,0.172
ILa9ONwZv2I,0.172
pT82FZIuSho,0.172
JC-sQGRCBTU,0.172
ztBBHXlspmE,0.172
_7T_uBOLesE,0.172
--ZrYtRjYfs,0.172
EqSXihtiv5g,0.172
roAYAGpDwpc,0.171
0Bs8nsXr5UI,0.171
SGORAcZF66k,0.171
7pWXL-hrZP0,0.171
aqvKPDOBgRs,0.171
A-ctI-GKblY,0.171
KNQGCK-Toy0,0.171
_V1jj_5p1BI,0.170
JzV8kLcEGXc,0.170
UDMJmwAnPJo,0.170
A7FyGeRd0m8,0.170
uzezWE0NvPo,0.170
akgIxtaaDHw,0.170
vrFrfx5SAdQ,0.170
PkNbIab_xrw,0.170
wFrPlATtDyo,0.170
JtAZQJ6w2iY,0.169
pYc1IXYI2Sg,0.169
HzaKpk_q-to,0.169
G0eu07hC-DE,0.169
0vRCtS8k0BA,0.169
ZzwidO8wpDs,0.169
rV2D04N9Hi4,0.169
0yPjaP3PpxM,0.169
0YpW_usAAjA,0.168
JKWttFrJsbs,0.168
2BELDg6jZ4A,0.168
QdeuZ6vAwGA,0.168
ylbGS4VjXKU,0.168
CohpFPF3uyo,0.168
-BminPbP7-0,0.168
yafNXT4CCf8,0.168
3BFnOETSZyU,0.167
OPxiqvKzpTs,0.167
bmhKxdSlTs4,0.167
Pz7Ik-XjUmk,0.167
UQOnhQlW3nE,0.167
jJPOlTWObwk,0.167
1rmPPNUXwps,0.167
vaquDFw5bnw,0.167
e68OBUlSNhY,0.166
ULwXZD4tQXs,0.166
J7zaI1Odz8M,0.166
ioZNt2vFR_Q,0.166
SYc0FPGjOaU,0.166
j-emlb2_jdI,0.166
g7sTY5z0M8k,0.165
bxcw50ZBuT0,0.165
ViNu4NA8EyY,0.165
aXUg6nKeV1E,0.165
okly0BV0JdU,0.165
sF-9uBvvn3A,0.165
-cMMQLJG008,0.165
uu9Hz1aPxF8,0.165
sLkXc3LnRFg,0.165
4Nc_x3jxNbk,0.165
4d4HduULl_Q,0.165
Mvc-CA1_AYU,0.165
mn-VylWWzgg,0.165
54SMa-Gt2mg,0.165
9lMzdGxsu0A,0.164
zHl8lXyC2fY,0.164
O-R3CyIJcrg,0.164
kCdkvwBu9W4,0.164
riejhstyKJA,0.164
QkhdXOUFvZo,0.163
qigovtPNaGg,0.163
afaml_gyiYQ,0.163
3AostaSb04M,0.163
VfDMwuu3C-Q,0.163
3mQ9FPD5OPY,0.163
sjZW_yphF3A,0.163
QpfwDuYDfCc,0.163
BnWD58gWY10,0.163
OJwxuIg6ybc,0.163
Wj0Vj08wIBQ,0.162
B1Hqn4uK0vI,0.162
bFNuWPf1Cr4,0.162
Mwhvm0cz1Lg,0.162
hlgRL1zPzK0,0.161
pHoOU1oG868,0.161
ZcSOUlwtIHQ,0.161
nuWS87rUyMc,0.160
qEhiwl1MjZM,0.160
GGfUQj9PMgw,0.160
L3ncf--vWAI,0.160
9z66S4-2LOo,0.160
PygC4IY-oW0,0.160
HH1npx1X99M,0.160
DEHT5lDUB20,0.159
HeBVGNVsIrc,0.159
fKPn_ge9VBs,0.159
0FJMGsVPPJ0,0.159
jzWwu6Dd9fQ,0.159
_ZudNyPQZiY,0.159
tQ5BAnww8SI,0.158
ugcPao3oDwI,0.158
oKzxuu0SfOM,0.158
gBonQpDxIsk,0.158
h5A-EFykO8M,0.158
Haywy1-4HlU,0.157
PklzO4cQZok,0.157
x68JTYuEEog,0.157
ENcJX_oVaUw,0.157
9iW_Ea4s_F8,0.157
7XnDaA-0Jyc,0.157
FNoCJU1mbHg,0.157
dWOk_XIVBwo,0.157
fdhpN35kYqM,0.156
C_57EeGFKUI,0.156
WwgAFahGyQQ,0.156
0VWVbX8DyYg,0.156
vn-bcBLFX0U,0.156
Wt8uTchtVn0,0.156
Q2M8o7jMRGk,0.156
wlDJkw3_U7g,0.156
wQF5HadCcS4,0.155
OB5tGE6TgOo,0.155
w07NRGs322s,0.155
QDAqZc8FpE4,0.155
aPIXPvv5Xg8,0.155
OWCACCta6Gs,0.155
m9GswfF1z0k,0.155
WtdT77kj24s,0.154
W3spqmpRVY4,0.154
RLH58FxFDbQ,0.154
avqwmmBOSrs,0.154
E_wCHG_h1dk,0.154
cfIIgiFQJT0,0.154
u7CWu2oxMT4,0.154
quYKGT7jN-w,0.154
c560J1muBQw,0.154
VO833j8OV38,0.153
fRKOz02geUU,0.153
f7hAWc7ynGc,0.153
ZstI0yxY2Tw,0.153
dH-zHUDL0zM,0.153
JwE2Oxsmrm0,0.152
QZ_KE-48AJo,0.152
DSRqeRZhupk,0.152
N_Z1Q-JSmN8,0.152
WHtRN8inZF8,0.152
6A_lPwh11os,0.152
2KLKhkAlPh4,0.152
HndXyd9iA5c,0.151
nn8M7-Ezxow,0.151
jVhd0cAdkzI,0.151
bD_YBMO4gaE,0.151
DgHF1EDeEuM,0.151
UZ9hanVyRK8,0.151
xvzpkHmEDWo,0.151
wtuneKLONDM,0.151
9fN2a7hIEeI,0.151
71yI_d1tgcA,0.150
iYTtkvf1AEc,0.150
xcqcv2JOK7w,0.149
eTH79sodGWw,0.149
rBZpgD7KzFU,0.149
FVigTiFbuyE,0.148
q20Bxge55hk,0.148
g-hh6SYLHWQ,0.148
9W9Lc0S5y-k,0.147
HdrfN_eGdNM,0.147
7X0jaZ9a9WQ,0.147
CNOTivq3Ut0,0.147
6Sti7esWPQc,0.147
5XJD34bvOKU,0.146
-2zl1bPyMAg,0.145
nyeNTasTRHk,0.145
TzKY-xchjUo,0.145
MlfHBNlBqYM,0.145
NB-1nMx5IiQ,0.145
pZKk6-GyEek,0.145
wdt3bJImwgI,0.145
OhaGRsjOcok,0.145
DTTBLNAUTPk,0.144
yW0lTxCEEcI,0.144
f3ZAVvOMZUI,0.144
UCytLw_5VbM,0.144
9m9VA9StG4w,0.143
6-warxQS0MI,0.143
LXzCkRDAq-E,0.143
dfEPt3-3IIU,0.143
prPjpwsGiws,0.142
1oLzETtTOG4,0.141
AlaYJIEFUW8,0.141
NfARQB8nJls,0.141
o8Bnb7DHf64,0.139
19SZrnb6dDo,0.139
Yzlebdi5HGI,0.139
XAqlB0h4whM,0.139
n4WudBOhYz0,0.139
-m147OpaNBE,0.138
RtcnL3dh_mU,0.138
rCl5hG5Xv_A,0.138
o1O4pUE8tvI,0.138
8PaeLJAFe2c,0.137
JxpAAI15zpE,0.137
a1_iOAR6gEk,0.137
yejbi6aD8IA,0.137
XuKcKBjy3I4,0.137
PI2cxrgTbsc,0.137
ZsBooqh6XI8,0.136
yyaXN_8sCvQ,0.136
Wg8i8fGTDf4,0.136
j5y349B6Go8,0.136
vMlSjPhsMj8,0.136
AR6iHTe1wFU,0.135
q2bACBXE49w,0.135
vsc8NNJTPTM,0.135
wsXdzEo5kFA,0.135
T7L25F9DwjU,0.135
6WUKvE5_Gg8,0.134
K3fTWrPasCE,0.134
KYrybP5FZqQ,0.134
pzth-xWRSAs,0.134
VjoQE2Yifw4,0.134
I7cEclfQi18,0.134
4SasYGS8aXk,0.134
GmPllGPS0po,0.133
CRIi9DUbg_c,0.133
r2r7pKbOYGs,0.133
kZLtBSKE6BY,0.133
UtRW9NuddPk,0.133
1-u4-D-9kJ0,0.132
QXfVRZ_hF8g,0.131
sYT2VZoTZr0,0.131
PQBo36OIWRs,0.129
up6NZ9OJncA,0.129
KQih65_bHjA,0.128
jlLy3ggMjUM,0.128
LhUBDUAitvc,0.127
QDBN5x2mvvg,0.127
WTaSlhOSiME,0.126
UIWX13Sx-zw,0.126
G5cr6YOGjxM,0.126
M6S8t8sM9AI,0.124
DX5YCmWo-e0,0.123
XK3dEvYxWJ0,0.123
D_jcChRWX4k,0.123
1qi8ZXUH_wY,0.123
e6URWjhYVoQ,0.123
EE7EKbmKxxc,0.122
Srb9oqv7824,0.122
DG5dVSD4kaE,0.121
n39ZmVjTufk,0.121
uWDAaicAMlw,0.121
-rK5tZNcRDA,0.120
WPdWxRc7fjI,0.118
M3sm_BweN8Y,0.118
qFACVyGPvFc,0.117
Vaen26VYS7A,0.116
i2ymgs8t9IE,0.115
3usd2i_8meA,0.115
rlZ-fC5eWWk,0.114
dMNqctwLOoM,0.114
Izz5nDYkPto,0.113
yToj9_tcfK8,0.113
GryBOcBAdHA,0.113
r3DHEkP44EM,0.112
Litv2hq25GI,0.111
YS6_8BhpKgI,0.108
RCeULeg3dzo,0.105
hOfaTaxcZQ0,0.103
Q3sB8aTwwHA,0.101
Ku2QAGMe9mY,0.100
SpbbcEQPkNw,0.094
-GCLDpvGStw,0.093
CMMhR90dlO4,0.085
Z4auE52k4zg,0.079