lNnJC9THF2Q,0.565
P088bMP7jq0,0.538
8KPSUIoUS-o,0.538
O9zXzZ2vQS4,0.536
9WOcaFArVtU,0.533
LolEDnVg7ec,0.527
rb-EgjPiavQ,0.525
ORA_Se1MyGA,0.522
YgMzE09Vkow,0.521
PhDHYyD5i7o,0.521
8aAycdmTFjw,0.519
zKIhOJ_kMjc,0.519
9c-gOyuJiTY,0.516
zj6PGRwxwno,0.515
Z0_w4zwscPI,0.515
f8MgO54MrUg,0.514
vNVm0Ot5taQ,0.513
exEOZeEeZX0,0.512
DGYA8F_agmI,0.512
wVX23NQemDI,0.509
YGXmjXrshDg,0.509
1eSLWQaJbIU,0.507
HjjDSiqSoZM,0.507
FHaFVxL6Yo8,0.505
sFMyAktst8s,0.505
1503prup9Jo,0.505
31A_bfOXpYw,0.504
eJwFsLR4QaY,0.504
7zEZPXXDw78,0.504
UbEPX66noxw,0.504
UvcQQvwRiDY,0.504
iQOccElxbfI,0.503
0isVc-lZKtM,0.502
nRMtGP2dFjU,0.502
U7wrieg5V7M,0.502
-KZJO_pi6X8,0.502
4l6JwqCXt58,0.501
lfqWoR6trXU,0.501
bXS_ItgtyOI,0.501
fa9HglbrNbA,0.501
KUbANxNI80c,0.501
B1AfDBTQEoM,0.501
hj1H52Extjo,0.501
SbSCGfRuegw,0.501
a_MUmuPsD50,0.501
_8fBGy6SRBw,0.500
lYZwasGd-ko,0.500
E0-D_HlPcJY,0.500
1TTsyb2Op74,0.499
L8pL5l7J1i4,0.499
t9KbfC7zwFU,0.499
xsKDlRGubgM,0.499
zQNo26ERvek,0.498
SLNV6Wx2P3M,0.498
73wyBqLFGBc,0.498
8LSOaWNOfEQ,0.498
SV_5DsDb-50,0.497
_iMtI8GlnWE,0.497
nhrfzYOnMdM,0.497
haeSP-HRt3w,0.496
QVZL1CuW3H0,0.496
_tFGFdGSpiA,0.496
u573TRwVlmo,0.495
iySqhCveQRQ,0.494
9sssx0PQzeQ,0.494
M07zCjv0fUA,0.493
72_8qGlQd6c,0.492
f3cNS-kiLNA,0.492
o_yqW0EqDtk,0.491
ClL6wz0vvCI,0.491
HNn6Td1FOcU,0.490
xSAjgMWCsW0,0.490
Z0D8-iwAlNY,0.490
QUFtE15KqsY,0.489
_lZATEzy1UA,0.489
OirjAcxx1DQ,0.489
MY53Y8EqdFA,0.488
HNHAatzAdLM,0.488
Qk3SGUzg8ZU,0.488
Pq08SpaxJco,0.488
0bKQ1DYmU-4,0.488
MYIlq7TyarE,0.487
yFOVgH8OOCM,0.487
i5DYQCV9GO0,0.487
tfPHEkvrj4Q,0.487
Gg6Hl8cb5ek,0.487
ztOedR6576M,0.487
cldkSmmqPvc,0.485
B_LOZpVn3_M,0.485
_SZsYzVIP5c,0.485
DU2P7_Mdxmc,0.485
nnkh6U7pUpg,0.484
9jjQ-ta3pmI,0.484
cm6W5OFBV84,0.484
axr1fuHMcmA,0.484
27LyMeJ8MF4,0.483
fboqQma3i6Y,0.483
ehN4pcGP4eU,0.483
_jf3Tcorfpg,0.482
ZlL1Friv4QI,0.482
6JB29yiysVg,0.482
Wj1d85CLDOQ,0.482
RtfZ__Q5EzI,0.482
uDnpkQTg55A,0.481
mdWoz28jo3g,0.481
9YLSLP4qdjA,0.481
47YPwBdnJlw,0.481
I1XUgdYghiE,0.481
x91k9Kp5Ls4,0.481
Asz6FzFXKNA,0.481
xIV2vYs7jQ8,0.480
V15PK_wzne0,0.480
JLyjEE1UKaU,0.480
Os2vrOT8F1Q,0.480
XzlS4uHX0LQ,0.480
e_1YgmTd8zY,0.479
sV8FAOKAKmM,0.479
cVnfG9NoeKs,0.479
qWq3_6fnX3k,0.479
D-3p-fEAMkE,0.479
Oinx5s-dMXI,0.479
3PuaZblvwYo,0.478
jUo3C--flUg,0.478
Dia2kf0n2AA,0.478
3mveTZnA56U,0.478
-U01OTocScY,0.478
-RGjyQro7s0,0.477
qUG3xpAyvFk,0.477
KNcF3nBHfZE,0.477
paY-38QnTDo,0.477
cLrIZErSNlM,0.476
VClLTpX3V9E,0.476
XfMGnCVwn3o,0.476
Mr6Or1dpDp8,0.476
LkZe8A5h7Os,0.476
FJcrKbHGTaE,0.476
YEoGht02RC4,0.476
NQJBEqqmp3E,0.475
Ww-U1fOS_xM,0.475
6cZBcsjzMyY,0.475
8qz64ELkxdA,0.475
0QAyttVsVcM,0.474
cAZDbnTNvKA,0.474
9NP-1iiy8P4,0.474
d4aE5uXP_C8,0.473
PFKxAmGYDNA,0.472
UfJhVpNFF90,0.471
cupgbO38js8,0.471
lvN7shXQWko,0.471
PrBmp7_mBQ8,0.471
B2sujIZStDU,0.471
soCXj70NpE8,0.470
bIBeL-3RB1U,0.470
Zz0rbuBk8pE,0.470
fZ50BRGyNXU,0.470
k7q_Qnk2vK4,0.469
CvmhQk3VWtQ,0.469
94S5YyG9P6E,0.469
CiUgx5CxXY4,0.469
o15CYYdy_oE,0.469
MyTCcXGMRlg,0.468
12o2N6If2yE,0.468
dRJvHtcS55U,0.468
AlQh-IUhvwE,0.468
8wsTUafsxqg,0.468
a379f9vl-ys,0.468
O407f5rEYBQ,0.468
u4vHUHLhMkc,0.468
YfETBv4I2Ok,0.468
Caq3siTxE48,0.467
ZOVeotF65jQ,0.467
TjAUIPVNmGQ,0.467
2Cn-fPDE0-w,0.467
jMBIjEzqtO0,0.466
Opp38Z346WQ,0.466
xjGWLCUPLPg,0.466
jaFnXiXyZrc,0.466
9G-PtINIb_Y,0.466
zDOGhysflsY,0.465
_hyZKdwjTbk,0.465
Nmgcihl4yiI,0.465
9O7H9qWdquk,0.465
9-VFB_Re6HY,0.465
icHnGfKKztE,0.464
R8LuGmzFs7U,0.464
02SjEuBd1hY,0.464
8gv_tbHWbPg,0.464
eUQ1p2QPdxU,0.464
aIMddCEaJcM,0.464
qpa-U-36i6U,0.463
STvjgHKLwz0,0.463
XkPEbpYrEy4,0.463
u20DSLQ_8zU,0.463
E32Is8KRTnk,0.463
8miT6tLeqHo,0.462
1DBmI9YGqfQ,0.461
ok8_5blbVUo,0.461
UrMIodIqDqM,0.461
k1YcqwhoUzI,0.460
nh1vpe8hE0k,0.460
iv5irZMf7wA,0.460
7FRKU4RmeD0,0.459
W28q8sVJLOs,0.459
TbmvyIh11wA,0.458
xUPoB-t9etE,0.458
wSYVsNANs2g,0.458
4A7pY4sMVXs,0.457
xpcQ-9v0GyM,0.457
Idd6kohGJRg,0.457
SlK_HJ6VQe4,0.457
CX95CBc93MQ,0.456
W3gq3fvmAUk,0.456
usRLge0A0pM,0.455
V_PGL4gEb8M,0.455
uYeXXhNYgx0,0.455
c_Ln2X6N66E,0.455
hDOIsk2IijE,0.454
NXMmm77kkVE,0.454
YriDnJzKk9M,0.454
B8KaNXU9uSA,0.453
rMbpZ-37e3E,0.453
TZJLZBKrUuE,0.452
a-g4JQl837s,0.452
-1KwQgwJeI4,0.451
okaLBnaXeA0,0.451
4QNxaPNOwd0,0.451
7_ebAmXc2xA,0.451
CRIdXVzlbvI,0.450
OBHA8lysfdw,0.450
Bf6dVTfNDlU,0.449
MfobTDhRfyk,0.449
vxW42BEPcEQ,0.449
reqsfxxFLwg,0.449
jcKGk7m_-T0,0.448
LH56jrWmm3U,0.448
cqJWGRW8jYM,0.448
T-OCefs82M8,0.447
OruJcIhb-lo,0.447
RDITrOBCues,0.447
ldgwW6T2xT0,0.447
IOfm3FEEgSg,0.446
88N23-hjddY,0.446
hPhp6QyV-kk,0.446
6boMcIsFnuM,0.445
wMAqKe_tXmo,0.445
IqBBneofC90,0.445
HdgMcbNwZ3o,0.445
oUa0jaCdwws,0.445
SkQ6woX2_Us,0.445
5rwu2YUC6os,0.445
TLJovPqj_4U,0.445
C0ghDEdnJ-w,0.445
1eE2gCEkLyM,0.445
nfSxp87Sb5I,0.444
8STyhlQrvBc,0.444
xqUur6KoAFA,0.444
kkuhD-rc-EQ,0.444
umd0JpdtRnE,0.444
1j1ynN9DzBs,0.443
PETCzZ7faiw,0.443
92mFFy00VuY,0.443
fGLZHZRpkuw,0.442
5I7l8tO9Tgo,0.442
NRA849wKmf4,0.442
D9t_Lcuj93g,0.442
oc-tCA8cPjI,0.442
ubYaI5DELow,0.442
G8bORB79Clo,0.442
wDtPsl7EwYM,0.441
a35VIKRsrV4,0.441
UBt5Wbfpveo,0.441
5arB-XhPtUw,0.441
pcSfDa_QtW0,0.440
SsZWCI-h3gY,0.440
y4qclKBbDxU,0.439
z92Ggj9pMTk,0.439
Xq5vpqHug7s,0.439
DXL3Mfk9jBA,0.439
bBrX3vJn6jQ,0.439
RJz-WVr3lW0,0.439
ddOOsIanzoY,0.439
BhZqAOgDhI4,0.439
i-2BEVLeCbs,0.438
4dxCCMiJOGs,0.438
HcRZMfOQcgc,0.438
LBn1n4hj664,0.438
ZcPl6UWCmrw,0.438
kLC-U8qTja0,0.438
OWHZgfZhDN4,0.438
axXj-cmpgUs,0.437
hgjYe4qDGqQ,0.437
2zaups8bOKg,0.437
rLjK-qlQxx0,0.436
J8gsITF_ANk,0.436
xdIoCBzadgw,0.435
KSpulqUMxIo,0.435
nFiiitMAe8o,0.435
uwqRqRje1Bo,0.435
KHkA3k2IbkU,0.434
tGLV4AcyYXw,0.434
ppwShDKF-4k,0.434
zp4chPw5m1Y,0.434
wH8rWXhF6uY,0.434
qSw4xEqMHeA,0.434
M5p61nYer5Q,0.433
5BtyLgVv6FU,0.433
qUwNjOuGGnM,0.433
JSrxwuzPQQY,0.433
3YLgbbE9TJE,0.433
PeT4MfQqmPs,0.432
26GUA7U32mU,0.432
VC-fFMXk7oY,0.432
1CoEitsznRY,0.431
drTQtJ2KSDs,0.430
HgfGcVODFAI,0.430
PgXAPqcYOLQ,0.430
5OHslBBiUDk,0.430
eGS9Pn0DG3s,0.430
cDO8iG_G518,0.430
rmWbvmiM9gA,0.430
9XntnqvX2HM,0.429
9lbKPGYFATY,0.429
MHn-xIQYX_Y,0.429
wefmWRXPL5s,0.428
jlswWZL9Fso,0.428
SvYtMR7tQQM,0.428
O8aZ4H8picU,0.428
NJaxSuq87vc,0.428
DsyBzAod4KE,0.428
K1n8lFmE7RE,0.428
fxxPhWON6yk,0.428
2iipDHN0dXw,0.427
Yf6DebpVufM,0.427
ghs5mtbKP_g,0.427
BED2cJJjBLc,0.427
ng4o5MSNVTU,0.426
YFW9z9w9Wks,0.426
QTpLdR4Hfhg,0.426
UIVE9EJJMig,0.425
7GmlSFE-z4Q,0.425
B66REoWZdOY,0.425
aaqAeVLNNao,0.425
yRKzYwz9K-0,0.424
zEBrnIZa6-s,0.424
Kb2a7GPqbGo,0.424
tNvsZC5XorA,0.424
B-JPJkvqN0s,0.423
nK8h2DmM0Ww,0.423
ZXWY8Y_lguM,0.423
9Mgc-gScNSc,0.422
QQYh8TLc25E,0.422
5QjRKbpoYog,0.422
YWm6n7YEndA,0.422
iiIeKWKDdgo,0.422
YC4mQXMsvXs,0.421
q8zR4o07mh4,0.421
u01GX8RXrL4,0.420
WKSlUOYa4eo,0.420
fOxsITNBW9g,0.420
wXuz62xSW3U,0.419
4IVs-H4Gm5U,0.419
XuHhfMmnMqk,0.419
ZEDvxmeBMqg,0.419
v9Oyscbphao,0.418
Sl2jFNE0M7Y,0.418
lLMSkPQD9cI,0.417
nEnKAxPAzak,0.417
sLv8HN6ZlGI,0.417
V_RSgF5nJFE,0.417
2Gtj2B81NH8,0.417
zbhOzBKzt0s,0.417
w-MnRozPIDY,0.415
SrpzrqP7Cxg,0.415
HkYab0rQJv8,0.415
DZ6NKPIezsA,0.415
6KRSrV60DlM,0.414
9woaKFPEkpA,0.414
llPp29vOCjU,0.414
SwI66c5bGqw,0.414
_GjL2jCBgDI,0.414
6e9auy5jLB4,0.413
hHyz6z2y90I,0.413
qVcvr1P1NFs,0.413
9pxh6085_RI,0.413
9zvs-KSoenY,0.413
3C1EACXWbnM,0.412
oDs9U0GjOM4,0.412
YIiJYLJDCdI,0.412
ZBxGO1bSi94,0.412
q3hLubBnP9g,0.411
wKuYOI-nE2g,0.410
833KJjY4MCk,0.410
uujTbr81RfI,0.410
pFTBa1Y1Zd0,0.409
9CQ9vX4HP3o,0.409
i9ev9u9cS2E,0.409
4i7JLf1wVJw,0.408
1Exib1GGrg0,0.408
4vGm9ncGp1Y,0.408
h28HU7AAujg,0.408
XwOQc4p62NU,0.408
mm0a8md8Q8A,0.408
aX3jI-A0Pe8,0.407
SaN6zlJUaaY,0.407
Us9JH4eQ9X0,0.407
f5s_g-Sdq08,0.407
6EDPAR5n3DE,0.407
2lBEMIZbF3o,0.407
10WnOX5FBKI,0.406
kOukBCUuwNU,0.406
cZpQDccFRfM,0.406
hE76nf6v2f8,0.406
BqzNsDyQunc,0.406
naKymctfjoU,0.406
3aysGbxS1r0,0.406
JkC8VCbVplc,0.406
A08K97qgJwY,0.406
fDNY_jrZv2Q,0.406
RC80QkfHbTo,0.406
dyQMgoJjxWc,0.405
_emqLrtEOkM,0.405
PX5GJhRfKjw,0.405
Zs1NK7I5zzk,0.404
2Q51J30Jw8g,0.404
GCHHwmFI5Bg,0.404
7eukImaAAUw,0.404
GRamj3QphA8,0.404
VVLZ5g1Q0nE,0.403
i2ejmMVF2SM,0.403
z6uLlqVUGy0,0.403
LDgCR4SPKUA,0.403
RSaX_BP_DYQ,0.403
alYtHNqPZxU,0.403
vQJaKCbF5oM,0.402
jprpjHgisVM,0.402
y_FQVPkbX4Q,0.402
f4YeREH25LY,0.402
ni2ctW9P0b0,0.401
9f-nkLN4GSI,0.401
TPJBF5W3OC4,0.401
WPM8_KEdBQA,0.401
lxya624jpVM,0.401
Kuk5aG9bMHc,0.401
QEZQUGJUrgQ,0.400
G-8k9RLcAfA,0.400
dBWcfUai6w4,0.400
MdLsnS9Z8Bs,0.399
V5dCXYzrdsE,0.398
GybadHi-SSM,0.398
F9KwykDApso,0.398
00Umqv-CDBE,0.398
vC8sd3luCLw,0.397
YBY_FSid0SY,0.397
zox4lD8QfdM,0.397
U3Q9nhn-1yI,0.396
j1uZVAZqPaM,0.396
TEx4uak3QQA,0.396
tmMPbmlBlA0,0.396
H0XKoK-tASI,0.396
KBZI434Nlw0,0.395
7KMDHtH87H4,0.395
CXV27NzrvTo,0.394
7_K0kdE5Tks,0.394
YOnVObjkj-U,0.394
ExjoSLJRddo,0.394
DLCCzLQ4V8E,0.394
STja2wPdx6U,0.394
5f_FjfIQQfo,0.393
5mhO6v3lV8U,0.393
lNLs4Nh9rkg,0.393
mpgKTXNZMao,0.393
_Ih2--GJ_pA,0.393
rBI6wghqapk,0.393
19WDGo1fwKM,0.393
2cL9IK9bJpk,0.393
ZnPfjJBB-XI,0.393
GVvh1F3S0S0,0.392
QkC6Cme6Kds,0.392
yZY2KKnt2mk,0.392
W6GGaLhxYWI,0.391
8QxDpwzO1Ho,0.391
qrbF39bIyAc,0.391
ahgPAhJ5Bj4,0.391
7fYpnVmAFx8,0.391
dEiJt1H2gJ8,0.390
k-wMU8E9aBw,0.390
J_EhTrL6hd4,0.390
IQUjlOjpeLw,0.390
h_EM9mIRn_Q,0.389
8pu_wf7GUaQ,0.389
c2Kfl0EsgcU,0.389
1-wT6SbJ4J0,0.389
rRLW7Jznkg0,0.389
GyWjfoAAYHM,0.388
yuslLzOjGM0,0.388
REWiLa3XRtw,0.388
saeDelSJaDw,0.388
ljgzF3JVFYE,0.387
YBCZGnzm-Og,0.387
tKlsHb93fMI,0.387
JZQqqskaTYA,0.387
C95a8bqPWXA,0.387
OeuoJ6Ic5As,0.386
DPM7k7-2ZxE,0.386
gTuMkLwxm-U,0.386
15Kdsb2U854,0.385
th6gfP_oMn4,0.385
uoArNHmq9Vo,0.385
JC-MKOFIzqo,0.385
G8Z9zutfMYg,0.384
QmDRXwXIREc,0.384
WS0lFTxlFDA,0.383
_LLHLwlVpKs,0.382
MCgK9fIFRh4,0.382
dntuAzO-TS8,0.382
sVOFER8rsTk,0.382
r40vojSmaMI,0.382
OLomGLrrO00,0.382
hXqtC3pQdzA,0.382
8x5ZLrjvP6s,0.381
zmdZJETLwRY,0.381
zzko0cU5ZNE,0.381
maLEsZgECO0,0.380
ISCF9-8ukPI,0.379
MTIDt_dafVE,0.379
XWZnBGHYRa8,0.379
jC3pjAuf-2I,0.378
n6QtvMN0Es0,0.378
xDe4epCr4ig,0.378
WES1cvBwgDM,0.377
HdAkgIxitb8,0.377
d_H3lj_XyWM,0.377
yTM1P-X3_rY,0.377
ieYMcSnFf5Y,0.377
0ZB2_0-grA8,0.376
tAY78SQ0wHc,0.375
ZZu7sO4bOTM,0.375
9TNXN7nXbgA,0.375
wp9b3mWtirs,0.375
c7JjXC08hHA,0.374
JTqCmHYYxHo,0.373
WAIrMXtwsUk,0.373
nwpxOK29QTo,0.372
w-Rc-4cwJ1Y,0.372
hwiZYjBsg1w,0.371
BrluiCMboS0,0.371
8tQvr8hUgxs,0.371
T8ap4sCnNVc,0.371
4yqYv4K9v9c,0.371
DAHdsbPPbn8,0.370
fqQrVcQAn7o,0.370
F5TvBa2sjO8,0.370
MTNxZ6bvdKI,0.369
58o5irIX9WQ,0.369
L5NlS0k592Q,0.369
XMTlxrZcKOU,0.369
HbE3-9_bthU,0.369
ymvg_Mk5li8,0.369
X_diDhQ66VM,0.368
CJavFFOiOvU,0.368
P0bmEXFJQMY,0.368
MS_YfYQtmpM,0.367
QnDnyqUjcKg,0.367
mOiVR3QnzfM,0.367
mebOtucfiuY,0.367
t9zi9oT6YpU,0.367
KrVunJ8Oqew,0.367
OWZPlHxpqFk,0.366
6tzh-bDhHkc,0.366
pDnV9rswj8U,0.366
gScU84lyQOs,0.366
hSau_xDkjpE,0.366
SLPapcohhmU,0.365
xq1ZB1Ca6nM,0.365
P_TP4VU0d74,0.365
p9cKYTGaxN8,0.364
quqBk0J6hFc,0.364
MKsmJ0YfmDA,0.364
hUJwZS4rgN4,0.364
vFpqnPIMwi8,0.364
85yyD-lm4MA,0.364
gEgiXTTeD40,0.363
0cytyinHaVc,0.363
BjQCrL8moqw,0.363
itJPg5aVKzc,0.363
jNffe499C8E,0.363
-mGhLJ2x1AI,0.362
Xb70XLBPM98,0.362
gv2rN8JC1gY,0.362
Emro3gYZUrg,0.362
v18DI8G2jmo,0.361
A8dUIYTvEm0,0.361
k1a3381ntbc,0.361
-l8b7tP2RxQ,0.361
z5XRW8THa9A,0.361
3Ve8eKsNYGQ,0.360
Y2Elm5LtEZ8,0.360
1XCY9nUH1mo,0.360
mG5y-OEuENI,0.360
5CygpP8xtxM,0.360
6RWmzriLFP4,0.359
JlJMdi0Smo0,0.359
qeQ2zkK-tz0,0.359
Fw-x80rcWIY,0.359
CutGSd2GbJU,0.358
asdAWW_YWnE,0.358
fm2uzP3FM0Y,0.358
bOlKbp9hU20,0.357
SPn5W4HQP8I,0.356
VguA0EuZAB4,0.355
JmnLD7slcp0,0.354
kIdL9_tFdHk,0.354
RninXoaGk8w,0.354
9ugrOb0LqXM,0.354
GspnPRorkEM,0.354
wPnH2I9RK6A,0.353
szFnwyszJs4,0.353
gcYn14NZYIk,0.353
W9ZjIkBwTCw,0.352
C1FCh_QTJ1A,0.352
bilwLqB8jVM,0.352
MpDTPgSI87Y,0.352
G5Xc2NUyTTI,0.351
s1RmeK8r32E,0.351
xMYWDT4u7_o,0.351
jmevLZSHwDc,0.351
67t-J2om-Bw,0.351
erAElKzD1lo,0.351
BlEZbiPLoXA,0.351
D-uwSEFkWZo,0.350
CGXOZRL3J9o,0.350
fcPGmAkpcjg,0.350
VmmSNJfsRJk,0.350
HAB7AYmJ-Hk,0.349
SE23wW4WjEo,0.349
6jVDpxn1I1E,0.348
y4h48Zovbw0,0.348
uYD7MVV3E2Y,0.348
69qVz7j-su4,0.347
7VVhD6rJ_qk,0.347
B_cLLVL3I34,0.346
-gyOftNi3Vw,0.346
ssSLFQ3wQ6k,0.346
LkcmnwteOG4,0.346
2_zcTFHjUpE,0.345
YSoi0AfZx0U,0.345
nCGYDQEcoA8,0.345
A2Q9mLfZD2E,0.345
FEnraY7EJ7M,0.345
uq9010RmkI0,0.344
kTzbM50-ctQ,0.344
e_QGFTehTmc,0.344
CM7eCUkS6Po,0.344
AXbq17JXdyk,0.343
scyBoxg8Sxg,0.343
ddbw6nNnfdM,0.343
X5W6r5U7yBE,0.343
9NRmYzLrvfM,0.343
ZEkHzUWFreU,0.343
NdlV0yn9X1I,0.342
ZxuDHN-Da00,0.342
dR_gjD1-IoA,0.342
jN8MRMAiL-Y,0.342
iSUqLgZKs2s,0.342
6ePWI1O3IaY,0.342
4Wcd1UJVlN4,0.341
S3L7M9kj5ls,0.341
ch5wwWb0ilU,0.340
Y4Vke_-cWYg,0.340
HTElcoMijnA,0.339
uYCuhWbUSbE,0.339
C4RI3EG4l2U,0.339
7urhQkMXob8,0.339
5nn9Q3aY7Sw,0.338
ZgW7a9b7E3o,0.338
iOQd-cm4YcA,0.337
SF1HBSkYZyE,0.336
jfbAaqMbP0Q,0.336
1PU4APm18RM,0.336
5w6NZFSuqa0,0.336
_OZWjjjec9c,0.334
OUmWOFYMBJU,0.334
WMojKp4q1Jw,0.334
PBbKQvSdWCU,0.333
lqijSFeObZQ,0.333
YidvM10zKCc,0.333
BN-34JfUrHY,0.333
q0i5vqzO98M,0.333
LZAdYVhInXA,0.332
4EaJdf5ORiA,0.331
e8YAuoHaa6U,0.331
5t06LbvE3CI,0.330
qEG2shT-zms,0.330
WBYrGQCHW7M,0.330
H1Ud-9VnJII,0.330
VcV4_a2KNyw,0.329
AFrx93ghnHE,0.329
4TjrBHHMfCk,0.329
cp4dNVMF5P0,0.329
yIypt2-xlCY,0.329
W5a_Gel4ye4,0.328
k1xQGFVUb5I,0.328
EPE_8S3XnAk,0.328
HlvGGl_Ghdg,0.327
IwNOmiHa6kQ,0.327
6KemQg8I9kU,0.326
6TqjGhOK6SE,0.326
dvPzQlIds3k,0.326
Yza3I7Cqhb8,0.325
I2oYjjLNz4Y,0.325
sWAZ1wgVEzk,0.325
PbG1aJk_JGk,0.325
7duDn20-CuM,0.324
7c39ouDr8x0,0.324
fVmO9F4sUjs,0.323
SONH2EnaCIo,0.322
N8MQgVpOaHA,0.322
KVgIMZCiaGw,0.321
zCVi3RGA-bw,0.321
UntxzvUklRg,0.320
-GEii9zLVt0,0.320
456PAUSy0A8,0.320
EI3waBs1o_Q,0.320
4kYGLCUDQyM,0.319
WXYftH8Hwo0,0.319
UlNSVpdls_U,0.319
6Bnyc4hDbBM,0.319
SuIeYFg0eQw,0.316
XIh_FjjJc-o,0.316
AbXW1RQsNwE,0.315
UBGVLv1k0G4,0.314
GYireez_1w8,0.313
y9IW6EQjgOE,0.313
oDwl6yXs7Gs,0.312
6Viwwetf0gU,0.312
qQZp3Eupu0I,0.312
xiQ0m9HmVeI,0.311
sMmhznhtluM,0.311
OovXddqh0Ms,0.310
0gcGeA9Sng8,0.309
ESoJG_sN6t4,0.309
xhUc4EjMgsU,0.309
il_VwZOl6Fc,0.308
Y_RF1KfS0Bk,0.308
qi8LLSazlrg,0.308
c1-2nJtfDi8,0.308
u29BfeidiBE,0.307
USdDD7QpL84,0.307
9s1oNMzZpuE,0.307
q65hbIyBbdk,0.307
qHJZMJPTyBM,0.307
trjFkeS9vxk,0.306
FxRBkLiaWbI,0.306
581KA3TZtGc,0.305
eh-U-gAmZW4,0.305
i6If1JAytJ0,0.304
oOOKkq9cjjY,0.304
_FBQZakacL0,0.304
eS4LEnv07uQ,0.304
rj2LZU214II,0.303
NMAIr9SCcm0,0.303
gzLEO9FLxw4,0.303
YRLMK6g82OQ,0.302
p_20yaBLW8k,0.302
B9IV2BG2bWE,0.302
q_oslRNUlxM,0.301
hqj2x_ZCbTo,0.301
GXEAksRuxYM,0.301
-m3AYrrRgeg,0.301
tUQdR2xUoes,0.300
ZLHq4JAhEFQ,0.299
Om0h28_symQ,0.299
lQn4jFdaTCU,0.299
SJU7OdqvWgg,0.297
F_ZQESgvDQs,0.296
iT-cAiHZF8E,0.296
5l6TUD5iQvY,0.295
br2Q9gs0p-Y,0.295
b3AIXZPUsys,0.295
lj6NX4MkpaY,0.294
8dyKX8eZbYs,0.294
91bj-WpHi74,0.293
3qqqy9Hu4hQ,0.293
zFzdCgZp83o,0.291
PvBXXxZNwik,0.291
VC4gRGPbTqE,0.290
p9PwNY4G_1Q,0.290
vssqb-0i2-A,0.288
ZkT19btAIDU,0.288
gWqBje5P1no,0.288
xZOSdBhujHo,0.287
xvBv2iv49Tg,0.287
qVpw6ZB1JjQ,0.286
gSNB0P-3Zag,0.286
bB0zlWa4pOE,0.286
ud61wqOuJGs,0.285
Yxs2sj6VmLI,0.283
TSDUTpPeMlE,0.283
DpS7a_X7xec,0.283
j1oBPsziBqs,0.282
KA5I4Uo1gcQ,0.281
5lPRTdMLhhg,0.280
Pla06PO6Odk,0.279
DZyrSdalYf4,0.279
FoxWD6i5dBk,0.279
uRnPENgW1RQ,0.278
FqrNSFBez74,0.278
f1wltmogIew,0.277
jwNycQGE8y8,0.276
h3LS_KPPglo,0.275
M2NUxZP4o5E,0.275
ADAZFW_CyjQ,0.275
8NIn9-Auqng,0.274
ePqqMQBWT8U,0.274
3dARLlkeyZA,0.274
4oRIfOMpMpE,0.273
N2FmOt4yxgE,0.272
7-sXFHTXHnY,0.271
2049Dz-NdHU,0.271
w15i_kTQ0p4,0.269
LP3G0F3_MDY,0.269
jdkIoyXDl2w,0.269
HHX_fxkxa0U,0.269
OwkFSRqQvFw,0.268
q-Ltw9Q__X0,0.268
XxW19NkHh7k,0.267
FK_kgZIBa3A,0.265
qVyJn-9boQ4,0.264
DnQU1gJYaNY,0.263
k2-kTTXWlWM,0.262
JeaWxbNwhr8,0.261
bfgQQclER_Q,0.260
rfOTlviRJ1Y,0.260
WXz3VnGj5JA,0.258
ZhqwzITnfg8,0.258
xGGFmw7KrOQ,0.257
xf720Vfx824,0.257
4XGB5MivABM,0.256
OGUWjNqEMBI,0.256
1FjrcyzvArc,0.254
vUBD8opKuTw,0.253
BQ2fIRB8B7k,0.252
N2rp_LJtwiw,0.250
pJlSuSKzwAw,0.250
pMB7YrTU8Wo,0.249
-Bl6YG3Ftbs,0.249
Mfz1YrpMbBg,0.248
Dk0JSn5WDTE,0.248
Uo2NR8zcSgI,0.246
56H8xAAAfcg,0.246
g5eOE9eiqF0,0.244
RL6Nfvbhebc,0.243
0zUcFtBCVmM,0.243
vxUhteAAi80,0.241
0L9sVNIl7-8,0.240
H6SHXVTXUvc,0.239
xSfT5_cnLSY,0.239
U0eklR8QpIE,0.238
VPWca0laQ2o,0.238
oPVoVpQBtSE,0.238
wqgUSbbdJRM,0.237
UZ-uaeYyuLI,0.237
Lt2U9C480pU,0.235
7i8o1uA6330,0.235
kCvF8Yd-ZCA,0.234
eN0LmPGYK6Q,0.234
ovx59AlZkaA,0.233
sr_NZj6-3ZA,0.232
nQVc2lbKLRM,0.232
IukawvEDuW4,0.232
adYc6zxxg4U,0.231
_nkpC0PMdvM,0.229
jRCXGKRhEq0,0.228
ohHLjXYdHiw,0.228
EVe8VE7Aczk,0.227
66HN9Mz4So0,0.226
3B8VLuBhEgo,0.225
O3VJeRaOUVs,0.223
I9YeOiHuqAY,0.223
dYU0iVsKmow,0.219
XPDRN-mVLXg,0.219
fJcLvvbcDI8,0.218
n-EbBcjYBiQ,0.218
ieIxe4kvU_U,0.215
N_Xw5_qxUTs,0.213
iQgxM2cbOAY,0.213
BryN2nVE3jY,0.213
_zyuLUuTKKM,0.213
8CtrnZBlWo0,0.209
hhAbrGXD3Ok,0.208
bFm7Jo5GWcs,0.205
RHiSMBlDcGA,0.205
QOKZEJ2DWM0,0.204
lzXuAoLz_qo,0.203
Izcm5Fm-p1k,0.203
XKoRMpnaPWM,0.202
dQ4CMM7Kw3w,0.198
DXmSGt-nFXs,0.198
cKcq5-o3rNc,0.197
Jqcd2A-QMoo,0.197
jq2jF-pgTDQ,0.197
MKN90v-VN14,0.195
-Ayaf04XTn8,0.194
wnm41QTGk9g,0.194
ICcw5Acu0F4,0.192
CZAV-GYz3hI,0.192
c3QW__5Q_Gk,0.192
r7dTP7HeqM4,0.191
2JiIYAZezw4,0.190
K0oJ-hHtH0w,0.189
lGCWvml5ZVo,0.188
LAzs9ct58Cc,0.188
Xkqfv6uRfcs,0.188
VHC9GebHYAM,0.186
Rbg8dVLJ1O4,0.184
K4rOtm7L3Ws,0.184
xNIAU7eq-5k,0.183
sIBB5oxqTUw,0.179
oRZAarmmEa8,0.178
Wmo91CRSBIc,0.177
T3qOa2K1-VY,0.177
ACpcAG617gE,0.176
FBg3l6INMaw,0.175
aoiLGk5PzSE,0.174
iVB9ESZ2N0s,0.173
xo6UT1qFqdQ,0.173
XTHdm-g6l-k,0.171
6hKFcPpnbik,0.170
XCPe0wFDF0Y,0.170
nO1w7S5iIN4,0.167
PJuKdNJWHPc,0.165
guhvlxk8j0g,0.162
wuhU63Hkmkc,0.162
iFi_YkOqrY8,0.161
WqmsFjtCGOs,0.161
LlPLXhBreFM,0.161
SMcryPNeEgs,0.160
fLuXi4jroiM,0.159
OkJkOuu7bqI,0.157
hH4slqXXucs,0.152
6N01tqVHNI8,0.152
4A57YmOYzvY,0.152
MNSLIHTe5Hc,0.152
Lo0MJ1-CzpQ,0.149
BxFmq_cvLqE,0.145
5dygqzAM1mg,0.144
-oQ-iv0jwqU,0.143
rNvCFmi3iYw,0.139
ueGOmpBjWQs,0.138
teqa2kS2WQ0,0.138
xjlXiBQ_wVM,0.134
YTM3EMHZqew,0.131
Doex1MwYGV0,0.131
7Sf-ZUcmVCw,0.127
xxiaA4Iod_0,0.126
5OJSNYIgRhg,0.123
ILjS25f2_ds,0.102