0WJaUXYqm9s,0.431
wHlDiJSUkVw,0.426
1sRCva4NYC4,0.413
zXmorXB8rWM,0.412
kcibswxqncI,0.411
jvCYtDgHdlg,0.406
VlUAI2NkgT4,0.404
H0FJdnmTMGo,0.404
etDnJihkMX8,0.402
RjZPb4DOiSo,0.399
qPjulDwi7z4,0.398
H3Mc75MxR3M,0.397
Oj0xDvABQtU,0.396
FcBtWyHfzKg,0.394
tZ1nGKY5sLg,0.394
993nkdFshQU,0.393
HRUVhs_jwzM,0.392
ZuYNFvbFF5c,0.391
mHZzGb1ghYo,0.391
Yz33p9hiL6U,0.390
PlZ_TuaWzY0,0.390
V_6dq4MEOfQ,0.389
uQH3yVniQ4Y,0.388
XxG5cwcFAEw,0.387
SpWOhlp-qUg,0.387
Ob8_ibKgrqg,0.387
HJqWgXyCRmE,0.386
5Ojl28uJeUo,0.386
qRFY6BRqG6w,0.382
4xQClgXXZUk,0.380
XfwAWSBPUOQ,0.380
DDz4ftjllCs,0.379
8lu6Y-Ycusc,0.376
UNdTJ_VBdO8,0.373
_4EHc_cAEJA,0.370
X_pX0k-3des,0.369
dOi6XJiXVsc,0.368
944pA0NvDzQ,0.367
cR6zGrUHGqU,0.367
sN5tRTAi41I,0.366
4Sd1goACTn0,0.366
kvKUaJywBWM,0.365
4WK4vyF3wjk,0.365
BMAI-DBwQO4,0.364
CT-ioLzvlR0,0.364
9utdCU0hc3o,0.364
WAG0PDmvCok,0.364
RBP9w6r8vSE,0.363
bik58uVrPAE,0.360
3Js10db9EIE,0.360
Mmv2zGfhG8w,0.358
AJW1Mh7XA5I,0.357
ZmB26bC2B7E,0.357
P1YeiM-mT30,0.357
V-82OJYD-OQ,0.357
yoGsU_FTAro,0.357
CiQ6_k-xMG4,0.356
3c3KArkTcTk,0.356
f3VhusjI3n0,0.356
gnLlBj_lLpI,0.355
pvibSNL157c,0.354
dM4SAQLmsrs,0.354
ZxhyHVvXCKc,0.354
AVezEJyeUKk,0.354
uBNNACf7Dog,0.354
0HV5237xh6s,0.353
6WSoDLDiNHI,0.353
3PAxX7RRnZs,0.353
SQcqr0pi-yc,0.352
a495z1feXug,0.351
JBmuSdsBnNs,0.350
PdBZAGqS_P0,0.349
7fWtFPwpTvo,0.348
AVpPTiM2DB4,0.348
fuuJJ7_Ka-g,0.347
m88JLUAW2l0,0.347
mKWSzMkIKUY,0.347
3RYe2HeOcQI,0.347
oc0crZbSciE,0.347
wG3lDoBItBQ,0.347
qGCKMvv2qSA,0.347
zR-NwZ8dP4w,0.347
WOPTGljKTXY,0.346
zhOoWKNGT2I,0.345
3eyCYNSKNSs,0.345
j-qnZD7oE2M,0.345
FJewFBmdQ2Q,0.345
ubrsnM12DB8,0.344
Wj7vv-9hyVg,0.344
kcJtXwbyjEI,0.344
CaMQWWwraCg,0.343
1bAmZkSVjYs,0.343
HyTKMx2P1Rw,0.343
FNppycsyRgY,0.343
jHeG30r5boo,0.342
5rSi3lVlLK4,0.340
0ap5QN_OBR4,0.340
ARl_kXq7yzI,0.340
FMkgz5dWvnI,0.340
RDgAg4fbpRE,0.340
eFD7Ssj9y88,0.338
7iXtpTZftBQ,0.338
JvCX2cSVD_I,0.338
8_oED49bwpw,0.338
Czbxcnz6XMc,0.337
9ThNOOT9Yks,0.337
B5wL-4i60zI,0.337
V8HH4rdacew,0.336
L3aj2IBkZ-M,0.335
qHgNI3t8uxs,0.335
v8UXtmKdBRk,0.334
AtU29RzNV70,0.334
Cw0aEuKPC-Q,0.334
MHcj1dChT0M,0.333
Ad-hncscnZc,0.333
jkoSe6MSAQQ,0.332
uxsn2k-rWYA,0.332
lwCWFpwJfqM,0.331
x2W8rLY8eKk,0.331
cKMLG7qy-rs,0.331
gWIgEahEOyo,0.330
Y0VfclIw6vM,0.330
L7wM8I6MxHk,0.329
4sjglw6AmkU,0.329
VcHVJv9y0j4,0.328
_-1ZTFE-h50,0.328
qm_X-XBINCs,0.328
aewJ4AK7iS4,0.328
s9SkByQO5uM,0.328
491j6JCMUM8,0.328
D2JHuIFPX9Q,0.327
CAaCl9Y-Awc,0.327
GRb-8KDcK1M,0.327
KNZpFeoeaVc,0.326
HIyfHFAG2kI,0.326
1KnzU53lLWA,0.325
biMSlOcI_dw,0.325
1Rx3vzlGMmk,0.323
HfnHLiZXp-0,0.323
_M80wIW_rhU,0.322
F2wNyddhqq0,0.322
0cO2xjgF244,0.322
T--5ZSO7ciA,0.322
lil6wFSajCg,0.321
L_yAnYjHn7Q,0.321
ijcxUKz17_4,0.321
ygSaFTJx7xc,0.321
epb_IgB1aMQ,0.320
Fd5pOdL-DOU,0.319
8g9fn6H0Fr8,0.319
R36yM_Usdm8,0.318
P3493Kz1wbI,0.318
9vOUR6-plFM,0.317
U5YNBnHhPkI,0.317
k4rJYKZGCO0,0.317
LwyaC7mPo2Y,0.315
D5oA8Zplyag,0.315
ed0lX8aQh-I,0.314
6WEJz2tGcYY,0.314
UDDZtBTbTDI,0.313
Rt35dyiKvV0,0.313
NF1Li-RCZso,0.313
2YfkmLHCNM4,0.311
8J2uPVnxfOU,0.311
zJJmsxvujKE,0.311
Rxq0_R8uCOg,0.311
x8AvVN0hWUM,0.310
XI4pToAJARk,0.310
2JotIRjSOmQ,0.309
n7WeNyx0nSU,0.309
BDDbt4EnJQE,0.309
m4Zxhh2dHG8,0.309
IlLVt4pSshs,0.308
w6AZjnwTaD4,0.308
1LIaVb7m6z0,0.308
6gi32gzpsNQ,0.308
NVNjXMnOdlA,0.308
BUeEgR6gA-k,0.307
3kho_14Dd24,0.307
xwMqhtXq4y8,0.306
28UDdmiXzqU,0.306
Y_8iYCkyxk4,0.306
AqbfMNOZ2lg,0.306
LyeEXGTKosM,0.306
H2zXGGkVLOM,0.305
mUfeAQsVCuw,0.305
gWkONK0aQeo,0.305
LzOsstsEHyo,0.304
2DfekyFl1iw,0.304
3kQZXDNmeEU,0.304
HTYBMFTxWBk,0.303
yzNhOaMXjRs,0.303
vsSGCSPLq2E,0.303
1no1RdnNnyM,0.303
okffA9LL5D4,0.302
w_WIonHGISA,0.302
tHJtsr1wWDQ,0.301
fKouET6m2rA,0.301
J850-eCWIPM,0.301
XqyCaZpdvDM,0.301
OPhpN6eODIY,0.301
CKOLHkQWE_k,0.301
OhxzmJ6vYXA,0.300
ErxrCjWd5Ik,0.300
opQslvdNqJk,0.300
FRXJ4wxPgjo,0.299
tH8CuTkRuIk,0.298
GQZuFz94G-o,0.298
XdmV0Pg1uhM,0.298
HHT-ftzO5Ag,0.298
KgmYtCUl7Z4,0.298
88GHnLHvGW4,0.298
stRyEVuvSYw,0.298
GCcixBzBWCY,0.298
Wf9xo97LjkI,0.298
HKyhi5dScY4,0.298
4Mc4VTv3FoU,0.297
HWNM1Wafsvk,0.297
h6I7vC_2xi4,0.297
T4mT16XCRE8,0.297
drf6TpZflCI,0.296
pU-EJWfR2cs,0.296
R4wpkR45WkU,0.295
HhWOYdwCxN8,0.295
hEMgTcYNPtc,0.294
CskZVw-wcBA,0.294
S7er_skwtDY,0.293
WJgVwGz2iQY,0.293
U57u9uUNWpc,0.292
72DSn86SePE,0.292
PSJpyvoO1oY,0.292
x54WS2S8vQU,0.292
ZJRu7QBJok4,0.292
oan3TIn44Gg,0.291
6ekdUL6cjo0,0.291
P0ECKyWrFdc,0.291
e7fPzT4dQFs,0.291
EZid3FJ6CHU,0.290
A1J0aa-9ZpE,0.290
OQCi8HCpNoA,0.290
hSuTdT1a2hk,0.290
CZ2FArMJesA,0.289
2b0Esjp0G3k,0.289
25UuRjvJQOs,0.289
t-GFDKTvnxk,0.289
Y3V6Q8JvCqE,0.289
iwvr53C6diM,0.289
IWpPkZvWxbk,0.288
i_-eKRk39Cc,0.288
jhjUr4TR_LA,0.288
I-V4erZma9U,0.288
hMDN6Jaonvg,0.287
BQ98We6GvhA,0.287
lUzBbAZbWRo,0.287
99-c1TRffhI,0.287
tEBik7fUbo4,0.286
gDyl-s7zApI,0.286
OCoeOYa7nz4,0.286
MkDS9OGq_r0,0.286
i3W07ssPuDI,0.285
oyOxLaekKI4,0.285
gDmZ_3JVJI8,0.285
_NaI-pt9Tzk,0.284
-5VWk5ob5PU,0.284
zIGx3KF_0vI,0.284
ZY-bp5_jrm8,0.283
jYrC8w5mvQA,0.283
HGTZeXMrfH8,0.283
MCDKPJApMPM,0.283
e-gG20lsMSU,0.282
CJyq1ws8br0,0.281
ia3xpdde4_E,0.281
ukFWUYsO16c,0.280
VpcIYQZugxM,0.280
dCWiVTV18dw,0.280
QFof_8Zm-60,0.279
eI01afj9Hio,0.279
yCDUI4Lnxl4,0.278
ooEsHuBAVng,0.278
ucSBeYkNDi0,0.278
ZsJuL-zMh_A,0.277
ZQkjV89zkbk,0.277
mZVhXyYyzYU,0.277
LNasI0m6SbQ,0.277
JBgeOQaRuiA,0.276
wVPIqJEhbdU,0.276
GrD-M-Ovi20,0.274
tYxPyy3oPq4,0.274
ecQXqHK2t-o,0.274
7oe_e-kD48k,0.273
kWtrOMRWho0,0.273
9Jc8CAEOCJ0,0.273
RuPjBLvVueI,0.273
29Jz8jTZy8c,0.273
d50JfWUQvWA,0.273
14ce0wzqzOo,0.273
3bc08ythW7Y,0.273
baJfNgDQUYI,0.273
1s8pigroFEI,0.272
uBlVlVD0_QQ,0.271
TbLNi7VlEM4,0.271
rwiojxoc55Y,0.271
1mUXJkybE2M,0.270
RH07yBmQboQ,0.270
VK0CclHms8I,0.270
Xefsvz8XbUY,0.270
RMcwwYMODlo,0.269
mq4XcMBMgCY,0.269
kVW_HMyF0FI,0.269
nNmTWNqZLTY,0.269
WhsB84IoJ7A,0.269
AfNeuoJSaW8,0.269
KH8EtsHp6W8,0.269
uLWpNMvWZkM,0.268
c4flQi5-FcQ,0.268
XnYgaBLvVW0,0.268
O2p29XwlzAA,0.268
wGlhhjfKuEU,0.267
lZl5b2l1L8o,0.267
o1ZssuDsVBM,0.267
BlYZXCniUwM,0.267
9mtb5Uccvjc,0.267
fIyx6OWmTGY,0.267
AVgf02_xWQU,0.267
_WagO_GzfIk,0.267
HRhE0xokySI,0.267
G5d-gkk2RSA,0.266
B39GkX9qHzQ,0.266
4jI_KloFp74,0.266
Pk1JEEASaNE,0.266
2cbBQRlWeSs,0.266
AhOFWZOC8jw,0.266
i2RtZ3skzyY,0.266
n5ubQeg_jAY,0.266
6wdzpNQbdd4,0.265
2ItOvA9K_f8,0.264
xkDxDXTahRY,0.264
22jFs4s3SPQ,0.264
dYmK8BdHeWQ,0.264
5CMj68NFxCU,0.264
1x1dcp3FIkw,0.263
EL1hkWZvp8Q,0.263
puzzlf7nqJ4,0.263
Ovq3oZi5O64,0.263
cZoM4TZJ0II,0.263
mDdN8mTw6m4,0.263
jIpazUcfZRc,0.263
-ScjK4gxs7Y,0.262
LJHCjjbH3BU,0.262
LYhbbSp02WQ,0.262
nEC6xxv4prY,0.261
V7A1ov2aIrs,0.260
Zhmecl9LK7M,0.260
rEAOaMyZtNc,0.259
vjjYnVyCqHQ,0.258
acdwbNr57EU,0.258
oZVWci31NlM,0.258
fLQTJN059js,0.258
KwdcfdJq668,0.258
VX19NeVFjok,0.258
WB69drcZluE,0.258
VYRH5Gn2Wbg,0.258
gXY1VeKKyl8,0.258
lPZBUKJNUJk,0.258
oexXGBS2tEc,0.257
PC8BHtk7iok,0.257
LanQ8uz99WY,0.257
GIugCNscWWc,0.257
U3fLCT75Gso,0.256
gBtA402dDTo,0.256
k1eq3e14lJg,0.256
K22rPE_d1mc,0.256
Z3Nx1TTnZFc,0.255
_LtFE22Gz3w,0.255
xnpNTTwNLEY,0.255
IKLidngbkKk,0.255
ycs-SKJ1FKY,0.255
8GhkFJr-4ig,0.255
73nPJpWIjww,0.254
yu8DRmWGRAM,0.254
MQH6X2gqDXw,0.254
_1gAz8V8gH4,0.254
Gm38FT_hsek,0.253
lbeDtONstdM,0.253
fhZ8JNb3OOM,0.253
4rQtaPbTv0g,0.253
PiDOHb3glV0,0.253
RC0aeX3G3pM,0.253
9YpFFY_Q7dk,0.252
QlM8PRqkb1k,0.252
pOg8eQ04t68,0.252
qjpx_A26BSs,0.252
m5VekyhLNgM,0.252
NgE0V_ZepoY,0.251
gnefeslk8fg,0.251
mmswyLnB3Ck,0.250
BIuLYNGyO64,0.249
f9pbjBV3AI0,0.249
-0yL-rzB8W4,0.249
TE7ZYYfdgY8,0.249
SlZrgZAChk0,0.249
swAGOtkcbA4,0.248
IRH7Fsfkyj0,0.247
WZPSGKtA54U,0.247
nJAWjW8LLK8,0.247
xyuuiP9tYqQ,0.246
uoVL4Lv2wTI,0.246
ujgyXLhuWUk,0.246
f3me4j1wx8M,0.246
IY59n3OmORc,0.245
863TZ8UgRLQ,0.245
ZPbk36q971o,0.245
FHq_YGqF0rs,0.245
U4vomp9tkt4,0.245
usM8i78nV8o,0.245
SfLBiCJokrk,0.245
guxPao7rKUA,0.244
V5vprOlw-x0,0.244
WoTZsQSMqes,0.244
B_eVBnpf0KA,0.244
SNwKS-eI2io,0.244
aSrQGEbUCWA,0.244
8Ki1rtRgrMk,0.243
rdOmJcc6_mE,0.243
bxQwSUdfNPE,0.243
vw1Eb6lKN1M,0.243
GZHwIzecIeA,0.243
uxmHdphIHwk,0.243
6mSLweTeE-M,0.243
uGecgJZYc-w,0.243
w-2MSdVGmRA,0.242
rOnWDgZdv4o,0.242
cfoia632qW4,0.242
SKBupjOMTB4,0.242
_C_cQH-mfjA,0.241
swb14AJ4baU,0.241
RiV0W3us4js,0.241
WRlMpILc1tQ,0.241
Pc9nlUm-GhY,0.241
1G--_hREJmI,0.241
vGBHzq37MS4,0.241
mflXLk4QUa0,0.241
UxMj1t1BUk8,0.240
pePPDt_MRDc,0.240
xkjysSJ0iHY,0.240
zu157eryCeg,0.240
4K1qbJjakyk,0.240
rM9etkxUfUQ,0.239
us7_uiSa9VQ,0.239
5KI8UaB8b8s,0.239
bOg6vafHm9w,0.239
BxCUxlS1okQ,0.239
BgEjvBca54E,0.239
orjKWMzdPO8,0.239
6GBg0E8UMA4,0.238
P8tCJJeCil4,0.238
USpHtOea5vk,0.238
siQ8lI51M0I,0.238
930hGOQerJQ,0.237
81TBA7rG7d8,0.237
dDN7bApxnFk,0.237
VI00-5p0r90,0.237
kjXPZhBuNwI,0.237
Z3tolIz4dVI,0.237
kF9Vcj0zglo,0.237
KIgO55dR5IA,0.236
TmR0c4V4aOw,0.236
ICvN0EZ5Jp4,0.235
rhapM4_6Dko,0.235
pgprrVavRuk,0.235
9dVL3biNyy8,0.235
u_6BgsZCjVg,0.235
Y7Bk3zB3Z9Y,0.234
CD2NjAZTcro,0.234
5rYQVNvju6c,0.234
Rj0TIf5XdOU,0.234
SNQLpChEydI,0.234
zq-nYGcGj4E,0.233
m6sNlOH3WZw,0.232
Ol689rZ5XAA,0.232
JXdCuwGbAyI,0.232
-5uAZYQdef4,0.232
yjQYvCgiu-c,0.232
KozSaGXzSik,0.232
L9V4X9DbPdE,0.231
iJEDWpwqBww,0.231
u_s6MVWooN4,0.231
aK8V9Pe0Egk,0.230
NyEz2-GXsAk,0.230
lvFj2m6eRv4,0.230
a5wnRlHMxMo,0.229
g1YROPJk4ok,0.229
6QciYeE7rT0,0.229
czIx0729dWY,0.229
XxTZXC5Bp0w,0.228
hlXjZjyLS0U,0.228
QWy5EM-X8MU,0.228
99XnW4BwsOA,0.228
ZRoyaDiSyrw,0.228
rJSUAiWr034,0.228
NnS0_YJlgIY,0.228
RTf2ybv1Ug4,0.228
-P3GsK9Vd4A,0.228
FZPD_-FDIcs,0.227
KeqU7B9IM_I,0.227
OisS_i8n4WA,0.227
J7oGO44tyAE,0.227
I2H21XCukSY,0.227
ceHIeu-HazA,0.226
uC6zdYj9VD0,0.226
J8Y-_fB43u0,0.225
gU42nVntfLE,0.225
9ErV3QK59Ac,0.225
LoCDWjt4tTg,0.225
YlLyJQo_zkw,0.224
2Mkj1mqzs00,0.224
f4q97VUb284,0.224
Jmj31GsHF6o,0.224
peHJGSkSgiY,0.223
ET4UoLB4hKU,0.223
i0JdBIyhadU,0.223
H7wJM9sMJNw,0.220
m4uOSall0HY,0.220
ptB5rI-WmEE,0.220
OUmjXUIb6v4,0.220
6kUscZxM37M,0.219
ocizZGFmDaE,0.219
682ylGM_Uy0,0.219
kbfkEsxMvjc,0.218
5hg1hZel7hg,0.218
x9XcUmds9zU,0.218
GSC50m19U7U,0.218
K9ZzaE2MhQg,0.218
O8bfwWUaN40,0.218
p2LwWDuHnYw,0.218
H9MF6pCA0g8,0.217
RgmIv3GhQbA,0.217
lA8j9ylbxjo,0.217
hcy9YHhATyI,0.216
XOps8qZo10w,0.216
TkCGYY6JFN0,0.216
UDgGXWbOGH8,0.216
-5t0GxepVcw,0.216
lT9sz2cNRv8,0.215
vC4poFZwwHk,0.215
nhZu3q1872E,0.215
iYfXvYD06co,0.215
UkXtpR3NXes,0.214
8b_a8AMN9mw,0.214
c-Gg6d08LDs,0.214
R_sXUtgbHp8,0.213
387DotYsaPU,0.213
OXfORUxgKBQ,0.213
9GoBf5FD1Ws,0.212
YtAaY7XYk3w,0.212
ftkjU0WZzvk,0.212
1z4buwNQpJA,0.211
Za48yAYDApQ,0.211
ZZHt5jlzupI,0.211
LjZfbxkTM9g,0.211
J8wD-jw9Cvo,0.211
fRb0VH0ogRM,0.210
UJEDzzb7c9c,0.210
Yxh7m8dEbeg,0.210
s01WkQMbNFM,0.210
NwyNTG_xsUM,0.210
2YLarwXt60I,0.209
vWQFsN8Tnxo,0.209
yMf12Ozozeg,0.209
T-WjvYOpaX4,0.209
l68U7BBR_-M,0.209
5GuSLwq47wY,0.208
KUMyTp3BBRI,0.208
eALLx8evNa0,0.208
CrfDHlTIAYs,0.208
w73o7mh3kl0,0.208
hf8Kf_05oQU,0.207
q0mUOr411rs,0.207
5PdUocsOhVE,0.207
1qct8QPyveg,0.207
wi2RUcBkbNk,0.207
tjEF-aUrXC8,0.207
M1mySBTijUU,0.206
c2qtQBcd3-c,0.206
sSmuSz9gRew,0.206
7hYn-EP3jBs,0.206
V-evFqRDDEc,0.205
uoe4iwlgHrI,0.205
FOC5mOp27n0,0.205
bQewqyCgxOE,0.205
1gM544lMutM,0.205
_4oog2aKsIo,0.204
MDjLP6mUlTo,0.204
IM7M1Z5eQdQ,0.204
VEV0986CB6I,0.204
-fPiZquskE4,0.204
4vywpVKtpNE,0.204
UMfGsLLGPv4,0.203
6_f7NxfuamU,0.203
z13qfb_uOy8,0.203
phlzC16bVFM,0.202
xHql5-Md1h4,0.202
OjeFLobKrLc,0.202
qTZWdnw4oxY,0.202
kBVaDxmgXoU,0.202
zKO4GKj0RZw,0.202
D_K41MTO074,0.202
pr-4lXzjGp0,0.201
esbyhD3NPro,0.201
K0KKvPzH3yM,0.201
Vh8kymNQAIM,0.201
2ACW95-6wGc,0.201
v9-7LHx123A,0.201
QtmtFLVMeRw,0.201
Ky3vgky9ZXs,0.201
QFi9GcEuz70,0.201
dRoTj99u8Po,0.201
QH3RaegcTbs,0.201
5LAXmRuwc2E,0.201
BMBoMF5KXug,0.201
ZEc_TyM5s5Q,0.200
JyTo58nEUkE,0.200
pMCeWhkT0oM,0.200
m1b3Pfj0z1c,0.200
aTak2SIN8Qc,0.200
gQi0W5z9ctw,0.199
gi0jZpe2cHc,0.199
b_yS9j5Fd8E,0.199
d1HLY9jCCU8,0.198
0NPnyKfesuM,0.198
Tddhb0fM_QE,0.197
JWSE6z4cT-w,0.197
_24vRg0u0hU,0.197
ShuALwT0ElY,0.196
CpL7t7MDhMM,0.196
NrmdnnUuzl8,0.196
XDlEtFhnN18,0.196
n_LlDOubad0,0.196
MbawjpO61tQ,0.196
SrbqlwrjrG4,0.195
ALtGBvarZ_U,0.195
zmzWjSjMFWk,0.195
CDllFqE8zJ4,0.195
k28puBst0eY,0.195
COVMqeVoN3I,0.195
z_8kmHBXJcM,0.194
P6L8GSv336o,0.194
9-Egjy9zkW8,0.193
RHnVrxZYDnE,0.193
PFaCE3On_xY,0.193
h0x9zliuOT8,0.193
yMr_6-jNDr8,0.193
HGU0Hbp8WSM,0.192
7cvcnkzK8Jk,0.192
sLUXrPC2nFE,0.192
aogboQVdT10,0.192
xJVMzy0C9kY,0.192
GyZUB5tMoZo,0.191
ARBbq4mbXxs,0.191
AFZimBz0og4,0.191
aINAP5MScPE,0.190
eF7m4pzt-y0,0.190
rJalNNVIYSs,0.190
ye0tXuXjmw0,0.190
f2txhjfKTyY,0.189
0-Wuv-ItoRY,0.189
xqK1BWM-jCY,0.189
0jAFy6NKYRs,0.189
Yok6hUnUnhc,0.189
PVRBYzubMj8,0.188
n3CVLp_xGjQ,0.188
VPsA4Xl4FQU,0.188
4rFPrXNr4mY,0.187
R98ySMVIQ6Q,0.187
m9m7VIaQbMY,0.186
4q8vUPi1vYo,0.186
btJMUM3R5kg,0.186
H3rLyjcZmRw,0.186
IhRGzFDN3_c,0.186
KyX8TCFkeas,0.185
Vlkghv1Aulc,0.185
WZWLh4vaa6c,0.184
7gnibkJRH98,0.184
SBO3pmNjUj0,0.184
1U01jJC_jM0,0.184
AQPhs91kkJE,0.184
5QiEZsqN53Y,0.184
gMUAS-x3Ro4,0.183
vmgyvfyhfqU,0.183
3kE_M0HyRaA,0.183
YhOU3_xLXwU,0.183
YzTkkNO9Wkw,0.182
_bkejHn9nFs,0.182
CpzBgrOQznA,0.182
z2pI0KVOh8M,0.182
CHcin3QJX_A,0.182
0Q1bXMnW8lQ,0.182
_cgA8_XVZO4,0.181
N9Ki1MJ-tbo,0.181
s3z_fnWTQ6k,0.180
Vza9SkimXCM,0.180
cTHhzFqUXVM,0.180
WCp__FrsEWo,0.179
Tz62HS8f7IA,0.179
lbt5ira4VAQ,0.179
99nmQb1ao7w,0.179
1ihRImTvZ68,0.179
UIFLpM5UKNQ,0.179
OsuVK5OH90g,0.179
S48hDBGeLj4,0.178
CoYuC0Pmy0E,0.178
ODZG9Y9FxlE,0.178
2_-tN8v7Rqo,0.178
ULgGRmUdzYY,0.177
8jCJiCIHPVE,0.177
jdf8J2qySwI,0.177
4o-QqFGkdtE,0.177
_fqS3Q_J-Go,0.176
CvfVl6XBGjs,0.175
DBaeB9P4N0w,0.174
fs8q28BAlyk,0.173
o28JCV-hPAk,0.172
07Vynbwj2Fc,0.172
w_uG_n-niCQ,0.172
Y_KhuPyITk4,0.172
WMZcHyLPMl0,0.171
_nOI313BCeY,0.171
X0K3mAPkesU,0.170
4D3w_FZpFnM,0.170
SUTr18HnLg4,0.170
le0NKRoJI5k,0.169
LB8QljlyPIU,0.168
USH6ZkoHNtU,0.167
toPIyBMN8mY,0.167
-pLNBhbn33E,0.167
l72zWUQCQ-c,0.167
ATy1XU3QvRU,0.166
j0wnqEgsEqA,0.166
f_wc6Wz0524,0.165
oLORaclYx1c,0.164
AMSbVIc4DIM,0.164
jzmWwnddihE,0.164
VmKYK60NcRQ,0.163
VVpR2OLKV9M,0.163
w0UICvr_GRU,0.162
GOr_Vt_otVU,0.161
WO6rOQ4hNn0,0.160
dp3VAD_HqSU,0.159
RIi-mvBovpE,0.159
mCO__RPaoaU,0.158
VvmVK1lqpno,0.157
n45tXF045OM,0.157
7nsEVvn5TqA,0.156
dxP_hE_7EJ8,0.155
DmWNssbcaH8,0.153
KZyH5ox9Hmc,0.153
4wvBHBSA2g0,0.150
I5sLjOwsJQc,0.149
RRcqwN_Fl0k,0.148
oEXy-fTXHT4,0.147
BRHQseRcRXg,0.147
SMAs_pNiup8,0.146
GQORd41fU8k,0.145
CPp2liPZPJo,0.145
YPeRftgWPjg,0.144
Q6wP1tCgs5I,0.129
Mzy2JfCiOPE,0.126
rNAqz70yTa4,0.124
YhRWl2ps2cs,0.122
mw2Y3LCgIYE,0.121
yIxZIfE5RYo,0.108