cU3fuCjRM44,0.716
7129JOLRlI0,0.695
FKxGc5LyViQ,0.691
ENARgY5Hfbg,0.687
EhJIoPrnhVk,0.673
VWUdAok0HuI,0.666
3gwojSGja3s,0.665
goxnk_C9ncM,0.664
hhOuU-AnqmM,0.663
bLY6_hm44bY,0.663
jixvOR_7fn0,0.661
WCKNf6X2MFc,0.659
G5oYOhYa3Ow,0.658
P3yFvMQhz3s,0.657
ITxE_jEuHpk,0.653
66Ck_5SePZg,0.653
3H8hxFlCcCQ,0.652
f89rCdqfyAk,0.651
1J4ebqqeG2M,0.651
oseum2hxZas,0.650
K0DGHgj4T8Y,0.649
EOdTlVGjVTQ,0.648
-WCXr_NpWBk,0.647
BCAW7-cF-aA,0.646
tIaQLGkJiOQ,0.645
IQsjlevg2hg,0.645
PcZKXaqPbtE,0.643
3_t7vp6gqXk,0.643
W10p4k_FFIk,0.638
BtrwGTGCEx8,0.638
CNxZxZKoGxs,0.637
rI-9U3jPesc,0.637
qI-QzZGHYZU,0.637
Ag7yGkSR98Y,0.636
2vm1OR7cgGg,0.633
mfRNLcaxTeo,0.631
yNb9JVWXPis,0.629
gh1e--rC2e0,0.628
YJUbAnmsMso,0.628
YUdWBJa2cUQ,0.627
R6zxVdxW6J8,0.626
SmNSBvM8H2g,0.625
uA_zlzEp8zk,0.625
AWqxwJfoq-Q,0.625
d3Bus1Me_B4,0.625
COIrh-kJXzw,0.623
mUbWgnSbBI0,0.621
Nx_aHm3jrwA,0.619
4p4hAmw9yW4,0.618
dyXyJi3IpLA,0.617
rSy2pvakQ2s,0.615
xTvwkkOQJDE,0.613
MrMROx_MunY,0.613
_SRi56d2t44,0.612
reJUhs-opDg,0.611
VE6L69ROBTI,0.611
ymtkX2J5lKE,0.611
b04tRlYAcnY,0.609
-UY2JwmJ45w,0.609
qOtVJtZgyX8,0.608
_1j2TKXvedw,0.607
30lh_JLkMLk,0.606
2k5wyymzWh4,0.605
L7M3i7iUDIE,0.604
9K31gU_RvuI,0.602
Nh4ZgT2nRRM,0.601
zLQN81fQp9A,0.601
YoCEFpTHRKs,0.600
sEddnXJTlK0,0.599
dIRz4CBUogw,0.597
zLpT88UvLGg,0.597
XTu96IApAkQ,0.597
e0PBdxc4Mpw,0.595
alIatcfxMXU,0.594
NAchvKYh_Ws,0.593
bG3Qi8NvRYc,0.593
NqpTy2PwZFs,0.591
PqJodOAg_yc,0.590
HdvyGLv3TB4,0.590
SYc2K_6VNTM,0.589
Rq1MTZtIN0s,0.588
N4UOxLGnFfY,0.587
cDUFiv3ANC8,0.586
Xy_mqihXXUw,0.586
Tp4RZ4WjB6c,0.586
F0TivE-zqJA,0.586
yYCmnOSPLD4,0.585
2tPUVNw3RgU,0.585
iFGLru3mKes,0.585
UPth-w6nUCs,0.584
hs8vk6CY7Ek,0.584
I52jeS_dwLo,0.584
BS8V-m60NVw,0.584
n61-E8nvqRM,0.583
eFLspR1Rntc,0.582
32kBOdfPr2I,0.582
L-A_JjsuF2c,0.582
taoNnGKX28A,0.580
pBI1tU-jmAo,0.579
rFDxA1o2-10,0.579
379NUVNrwro,0.579
h5s2c8aPNSM,0.578
qdbTL2MBJpk,0.578
zB0zDBJC99E,0.576
ntv8C9ocgEU,0.575
A2gnlNKfwd4,0.575
tRjIEX6Wdfw,0.574
0bOhicYLhJg,0.574
Dvyijxx6kIw,0.574
7-CJeBhh0pU,0.573
umbdt4LP2e8,0.573
jyfATEU4UU8,0.573
CTIRmDaqziA,0.572
iG1jpO-Y8O0,0.572
K_E-EhWSYWc,0.571
k83RaBcebTA,0.571
RONVHFEGtfo,0.570
jEu8zdLIP5o,0.569
fnQ1syYsDqU,0.568
ki-lHaKJc2s,0.568
DqfXrox4IU4,0.568
6Se5BCyzoRk,0.568
XtvsuMcDh4M,0.568
x5E70W40KNI,0.568
ZK1jvPPLQH0,0.568
zglSRFlFH-s,0.567
WoBXkr4sDow,0.567
SkqBOvqBS6o,0.567
hQUhgRSS_Mo,0.566
ehkf5wJQKwI,0.566
0Xhmh3sen20,0.564
7KSaKeToGyE,0.564
O97DcEpEXvs,0.564
_Qagmw4q2FA,0.562
iitRK1d7GPE,0.562
E5jhM4wBtJM,0.561
JpyB6_xszjk,0.560
1d6Z7CH4zCQ,0.559
IZfksnBTpuY,0.559
YmvglDgDflk,0.559
VwHCyttOArk,0.559
ChjGmw6pcn4,0.558
SyNBN-WdIms,0.558
evqZPaTiOns,0.558
GE-9-euUrLs,0.556
R72Ov-F4YJU,0.556
ubuJ6tdtQR4,0.556
iYEpsmmRGJA,0.555
D7GlO5iQ8MU,0.555
01dOUzj8DVQ,0.553
HLKVl81mSeA,0.553
zro1dS3IZS8,0.552
BEmN0PluiNw,0.552
OiBlAFnpBcY,0.551
thi3YLP-jGU,0.551
_uORqcMzIP0,0.551
RIBPGPodbVs,0.551
2QSoh9TpgpM,0.550
YV2F6gsa4Ic,0.550
W6z0dKfn9gw,0.550
Wj3nLBHkS5g,0.549
kyHiefC6jL4,0.548
vCvxaKUwkcg,0.548
bQvQj6EakHg,0.548
EzOT3CMf4vI,0.547
4ceUJOoowBA,0.546
gRXTO8RHgng,0.546
Bw1kHXOnIZs,0.546
0_EjkVHuoo8,0.545
hGHGLlxlvBw,0.543
XxPc_sTiwew,0.543
mLLZMjg-Ngk,0.543
RzXwzq1Rmok,0.542
SVchEDYeG58,0.542
yHXs9yxpJT0,0.542
3TKmqA3_E1o,0.542
AYmn_Jvx_UM,0.541
JlniWe1Ps9M,0.541
Uv_dhUDX-9k,0.540
tUvGacaA3pk,0.540
yRbVV8sZ-wY,0.539
KZqytYqoMMw,0.539
jvJLuO-jgbE,0.539
E0bBJrt0vAQ,0.538
2nbyzOlixCg,0.538
UW3Esf6mC2Q,0.538
uMMjxVwZk08,0.538
7GJ9uxGus9Q,0.538
2-Noh59cKMo,0.538
o60PlUqq8zo,0.537
3X8BZsKpooE,0.536
5Ca3X_YiWbk,0.536
5LvhWGdF59Y,0.536
kfgz10xdq6k,0.535
Yj7amBtVv1w,0.535
tHPYvmClUIA,0.535
U_X38KF6Ihg,0.535
BrgGL-L4oLQ,0.534
YCdOU-1sjO0,0.534
bCSuixRIiOI,0.534
ZBDIOHPyWhc,0.533
IH5r2qqYfLE,0.533
Be788O2-kDY,0.533
lKvor4ph8m8,0.532
nBgZWnOdNzk,0.530
8FNVE9QsC-A,0.530
1M-Ikek6o3w,0.528
PO5nhxvY-H4,0.528
EL_afJnECUM,0.528
wIRGzAYEhpY,0.527
ZYd6WKma2fQ,0.526
JwuQtLqYaHQ,0.526
IDVoyFU2ETc,0.526
lt9K87HedqY,0.525
A19DZlApwrI,0.525
VciV4mLFX9A,0.525
o96hyZ66mwg,0.525
22HiBHusgzg,0.525
mT6yiBb0UL0,0.524
mls0p_Mi2nY,0.524
APTTiypA5-0,0.523
bELi1FPTDPE,0.523
9P2IaDSrjXM,0.522
Pv4rVmX2ul4,0.521
5jxcyfXzCSo,0.521
t3X3CKZpni0,0.520
dGY_N2E6zgc,0.520
2_CEErpZ6YY,0.520
eyCNL77m9Sw,0.519
bstfOcJmiKQ,0.519
jwqIDpmrRcA,0.519
GbxQppFVbWg,0.518
OC20ftdOjVM,0.516
daoJDBrfOd0,0.516
y1Nd-KWi1u0,0.516
duZyBC4lffM,0.516
hIVmiYIaB_0,0.516
ySTaLBY8yuM,0.515
GPNCr2j7OlI,0.514
tjMLzgYxWe4,0.514
AyPjQTuNEg0,0.513
ZSW3BJi-1jI,0.513
62LoHJLX0kk,0.512
HXSivl0dYeE,0.511
NNzMSJFc5OQ,0.510
Q_7-rBfqtqs,0.509
lz5FVKYEPPQ,0.509
P2OUn5cUKzE,0.508
LcB13CPCjEs,0.507
wtVMiuPKiXk,0.507
SLMR7haBBtk,0.506
iW_FwVXBT2Q,0.506
aJ_ccPmvBkA,0.505
NMdICqi9yV0,0.505
sYazLumgrA4,0.504
eOhN9OOJlUI,0.504
yELTSKZHq-0,0.504
lMpGRNv0Mm4,0.504
m2631aJqW-k,0.504
KZ_kT2QRnNg,0.504
B8nxFiiKX5o,0.504
SInO_M9kWn0,0.504
qlcJOyC7A3Q,0.503
G2NL2zRRmgs,0.503
ue4Gj4y9mpc,0.503
pXF2erlk6G0,0.502
Y8yr_GsaHeI,0.501
_fDzh5lukIY,0.501
5pThl9i4s1U,0.501
2C1QF96ppVk,0.500
KvVxeIEEofY,0.500
QWAfcilRH5M,0.500
juqlBw9XI7s,0.500
tYq3v2yZy8Q,0.500
otyGckOSJc8,0.500
OQhCTThXnBk,0.500
FOQzdjpOtXY,0.500
Hpe4BphOvuM,0.499
pwcLLSZZLi0,0.499
-CpdHOhGKp4,0.499
RFoMyddv1p0,0.499
uaGrp2EnsKs,0.499
4zpYwmi8Jrc,0.499
AcfmmhvdZTI,0.498
SjpTYqtSynQ,0.498
cjuJfkxoATA,0.498
um8UIQZesjI,0.497
Ny1zbhsFoM4,0.496
Jxwf1sRiVaM,0.496
60j--IMB2zA,0.496
ZNFNR9ncpwo,0.496
_0FXHwIRTC8,0.496
9PJRJfExDnk,0.496
uFzEa2u580U,0.495
8Zl37dqdekE,0.494
wuUVaZtWjoI,0.494
mt70Ips49tg,0.494
M7v0ZWc-uEw,0.494
xa-lUKXZJTQ,0.494
jNw2Tq37bgc,0.493
eX2r5owaXEo,0.493
6pjrglL7WLQ,0.493
Zyyvho6W3SE,0.493
dnOtGIpBDkU,0.492
vz2vAXBEtyA,0.492
AUVQomLZHpQ,0.492
1wZl8lvILlc,0.492
oTrhO8UDJj8,0.491
IkYb7Kl7vos,0.491
RApF8rVrbp8,0.491
_cqA3IF7cCQ,0.491
tu7KVdmcqw8,0.491
rA5Q8bLGf7E,0.491
UmCqnGB14Sk,0.491
2kQcFqFZLMo,0.490
LnRj3NPBAzI,0.490
ch4RFLhN_U0,0.490
X6SX1WF6ufQ,0.490
P6LRkxkms74,0.489
iNE1H6-MdfQ,0.489
lj8LFEBTTOQ,0.489
596ejeHp9CE,0.489
pQFVlXVNn14,0.488
ndYO_LvZysw,0.488
qUfVLT1aJcE,0.488
s8IkOS9zDIc,0.487
H3p5hwtvL88,0.487
Vle4oIoRO6I,0.487
LEto9aSmcQQ,0.486
RaSZyrXcVdI,0.486
zr33tg4jOkk,0.485
y77HOsLsCHQ,0.484
cNApJ59QivY,0.484
5Bfg5yv9Li8,0.484
mLed3eSIC1k,0.484
aSqBZLUmcQk,0.484
XpR9eqIhdrE,0.483
-CZ9g53NbtY,0.483
vL88Rh1SnTo,0.483
JVIbAF2_jU4,0.483
NR71eqqwmRQ,0.483
5CKOfjKV2h0,0.482
N8yVx7QwiQM,0.482
6HRG1BYrCc8,0.482
KFpxxweJQno,0.482
ioWaV40l37I,0.481
cYSFrc9R6Zk,0.481
YRC0OJLbaGc,0.481
SEfO4cL-yqM,0.481
_00sAi_7qZ0,0.480
r3nuqZrW-t4,0.480
MWCqCdd_A5I,0.480
iUfbheouNrM,0.480
CE9P7X47LN4,0.480
Skn7Vgzr1R0,0.480
igph3eVgEdU,0.479
Wr36S8g6qDk,0.477
hrAddoWQ2A0,0.477
FA-z3_OhS0Q,0.476
wvpZtLDmiSs,0.476
3UGiEIDKYR0,0.476
_XvCPa3FpqE,0.476
QD05PKod-Gc,0.476
Ooh30VS86HI,0.475
qoeqlXPdLPg,0.475
KNiU1P9cruk,0.475
gPo1XecTR4M,0.474
t5fMdVrKXX4,0.473
TZg1CEExuxc,0.473
Al_a1TA_P3I,0.473
bHIH9YEAGKo,0.472
itBo2JtNGR0,0.472
To0saBjFcRc,0.472
3LkGCvVtpkc,0.472
sUBvrHPNr1g,0.472
hwAgIUxaQ10,0.471
IYotRspAkxw,0.471
7a3kIrULWFc,0.471
uJeeQBK5e2o,0.471
fQjHEf4kNzY,0.471
OLaLZbIX0k4,0.470
F2gesrcV-2o,0.469
WHLsuJc3Yhg,0.469
h_L2kFRQHLs,0.468
2GdICs1TQVY,0.468
aciSbE3ecB4,0.468
-QbeSQLvdlE,0.467
Y43c-lEtpdA,0.467
dIe9njE3I9A,0.467
ExS2N0s5D-U,0.467
0fnWf5BvXac,0.466
UuajCIKaVGE,0.466
ppeaNM40O_Q,0.466
5CIw9xAjqDA,0.466
AOjPyAIzurw,0.466
09DQnh8jGcI,0.466
l0_9ZMKtuZY,0.466
TfNKU4TpMaY,0.466
zb7m3Di8UYk,0.465
DBLjNtgTS1s,0.465
pmP_Fo4GoQ8,0.465
UyOunXvlWPQ,0.464
9nRBPxevwZ0,0.464
LAvkOADITHA,0.463
oAzhDGwSZyQ,0.463
yi-Km9dyjBA,0.463
rOmnk_RRbfE,0.463
Hi_c85H_cPo,0.462
bwYPN37lOUg,0.462
e-1aV9kkJAE,0.462
ia6GBdnlxbE,0.462
1jr0dbk_4Mw,0.462
rPEIQNWeot0,0.462
7aRa0lYu7QQ,0.460
6maIRrEDs_U,0.460
lcg8JtwuifU,0.460
6bSUex4ACO8,0.460
qiTcrVMbxYM,0.460
jqGTyqk0G50,0.458
ieVrjquieqI,0.458
9MZlh-ZFumM,0.458
Uzim0VSOtVc,0.457
bqPlFZSj1lg,0.457
stbtxvVCAbw,0.456
d06jT_HukS4,0.456
pbbH_jlqlBk,0.456
BuFFQBKiZQo,0.456
c-RGOvI1-Ok,0.453
xhayp34vSHE,0.452
dr5eCRxATDg,0.452
a7rNKi18LjQ,0.451
KTe_euCyrCQ,0.451
mzYPAcMwtgQ,0.451
TazhHhamtBQ,0.451
3_9L4E9j4UU,0.450
8OoKoXVkenI,0.450
YzgZYcMMnRA,0.449
2eaLK6QoM4E,0.449
kf1PByH6eUg,0.448
dJXdq0JzVu0,0.448
UypE4QhAwTc,0.447
ZrZZQpJ9Y_w,0.447
0wGyeNlScUg,0.447
-RjbTt6woDM,0.445
VNaCOhpOIDQ,0.445
UQGJQTdWZ-Q,0.445
R22exMCLAxY,0.444
nYZ__CBVKsM,0.444
g2nuodNlw38,0.444
LIiAsTLzWWY,0.444
BZgOthdHUcE,0.443
6BLtBnYjgGM,0.442
_2I9zLAxw0E,0.442
064fQ_A5n9Q,0.441
LEn2vAnFlyw,0.441
phroowsJ0Qs,0.441
0BgyT-uUGLc,0.441
xDW-BZuEIns,0.440
Cw5msH2mAkg,0.440
mrRjoBGFpWU,0.440
pAWduxoCgVk,0.439
UIeyjt4DoSg,0.439
fw8U5zE6yJM,0.438
DPrM2S-epBs,0.437
bbX9BV7vp_A,0.437
lMZd6PamBmI,0.437
nVCqKpsqokY,0.437
EA9bg4uAg8I,0.435
on_Yx4n5Gt4,0.433
cP2GFd7F8EY,0.433
7h8ZP1vvhQo,0.433
va7C2TWkeyA,0.433
OmncqTrrO2s,0.431
uzaeej-iR5c,0.431
o6ue_Z2m7sY,0.430
tRnb4orkn3c,0.430
ykyoy77D5ew,0.430
smA2KakaZMM,0.430
IYEf8jY80lc,0.428
Oj9_luDe7EE,0.428
jEo9VXYVrxs,0.428
fcwTlXLd67s,0.426
DYxVAchp2xQ,0.425
Q8bxapkADGY,0.425
QaEBRLNHXK8,0.425
xafug2Fb8_U,0.423
s4PDNuSqIPk,0.423
P0XmCVtomEg,0.423
ScsvQS5lZtk,0.422
RaP1Iv7Sa3s,0.422
l5BsGxfPo7U,0.422
XQkCh-1NvAk,0.422
1bv-5i8y6F4,0.421
mVW-vaBlcHk,0.421
j5aU2LNf8-o,0.421
W6dvgKBfVp8,0.419
pD3QeyK4bJY,0.418
zhuRyq7NrcA,0.418
JO2PvUYPKcE,0.415
Jto8ZinC0eM,0.414
Kbd6aMrkruo,0.413
jtNznYUKclA,0.413
N04Kc1zD90A,0.413
DGBP2dGYEVM,0.413
Sc6Lu5XWuL4,0.412
xoZjzgLEG98,0.412
lEuXE7Z_9KQ,0.412
Myzy0RzaRuI,0.411
budUYW-ezw4,0.411
EEyEP2tYHuQ,0.411
AlmpBC2GyDE,0.410
uaF_zuCdxUg,0.410
PTdh-KoI-tQ,0.410
m9_vc0_LfuU,0.410
ptt3dgvOhTU,0.409
bXN0KXbbayc,0.408
8BrvXyCgOYc,0.407
4MWomzmiAw8,0.407
SMW1cFgqtLM,0.406
XKCkR6L85vg,0.406
EtlpcrFpIkk,0.406
GbNdThEMqLU,0.405
9trwHjDQ8vY,0.405
p6-42TJRNnU,0.404
Sg1-D085HNE,0.403
2y6yiFso6Fo,0.403
kbQHCGDNvWM,0.403
wMTxkDzBqSU,0.402
dO4w4jz65_g,0.401
xkdXcv60Sjg,0.401
0fwP3zRGsQo,0.401
ImG6aDR7vVg,0.401
RAu4nVJiTkg,0.400
RNDaOIBA_nU,0.400
b2KAOBCSqYc,0.399
omofyiFwy9g,0.398
cPCQWEPvLd4,0.398
Ezy2Tko3KSs,0.397
B85M-bOKbMM,0.397
PEyp8twmCtk,0.396
5Ug-CNc_nLo,0.394
XrzKEpO1xSs,0.394
5F8ERurOBqg,0.394
_byyw-vn7iQ,0.393
wcqYUjLZ3u0,0.393
k7sdhilnhqk,0.392
2WcvoVHgKos,0.391
PdbNOOlt-fU,0.389
Ofl1F2zx2Aw,0.389
vPQ5qGTb6Qw,0.388
qQI8ZInVMcM,0.388
ddpH645A1Sw,0.387
Pu91yiRp690,0.387
s3Mz4J9KlAY,0.387
b4lPquMveMU,0.387
5bjAxQ8-Epg,0.387
HRJ6-Plodek,0.386
8bI68l5ylXk,0.386
o0raKGdTLyI,0.385
NgzJjp9qnuw,0.384
EHqdA2Duk3I,0.382
1N97ksoPtlY,0.382
mRdOIcZMaj0,0.381
TM5tET-VGd4,0.380
298yyD-j_Qg,0.380
bo_V5XrZghQ,0.380
G0EGkhr9HOo,0.378
vohBAyQ8QAQ,0.377
ddGQ5RwvZgw,0.377
R0y2Fuln8HA,0.375
qah97pe6I30,0.373
WlIrtdWGoRU,0.372
NrCb9vuToFE,0.372
UyM-Fm_j_h0,0.372
EBAIljZA3fM,0.371
ztBwGnE1kwU,0.371
jtpQslWMICI,0.370
dv2KUvKq8HM,0.369
IbOxrzaEzBk,0.369
6T3Z-Uwfves,0.369
0O_cAHzSJ4U,0.369
qHKqKmO1V6w,0.368
266AoMRKFs8,0.367
nIHVhT1TDsQ,0.366
DCdo1Wlz4_o,0.366
WQPYPK6NdH8,0.365
SIUqAd6gl3w,0.365
ekrWTDRIbms,0.365
B2idPaY1JBI,0.364
4xmxcsStbnE,0.363
XSwOPMmbaWw,0.361
hL45PmZfCSc,0.361
Np3sdrvTP1o,0.361
Nqjw3jOmIEU,0.360
2zIK3WWQP1c,0.360
4ap3ssOl32E,0.360
d9cLAbPi9LU,0.360
ajNageOOSg0,0.359
o_kgecH2pGo,0.358
9zTab53oqjk,0.357
e9XEIKW2qdg,0.356
OCWUMat6qRM,0.355
QEsq-NNt4Tg,0.354
MSEtpmlE0GE,0.354
h14GWP9rK44,0.353
eHnUlKsPXyA,0.353
FwtvwckwHV0,0.352
umV1DwBhcG0,0.350
rh-iEV1EYSY,0.349
442EWKuYFqE,0.347
RV9nz1qlY64,0.346
aQefup8aInY,0.345
ieohEF_56SM,0.345
ql_vPmSAtP8,0.345
LXhV0g0t6Ro,0.344
O-eO-ERVaPY,0.344
MsQJfZd-KnY,0.343
4I5mEt_V2N8,0.343
Plhrvlb0A-I,0.341
mTqd7MY4QCI,0.341
ntaEWha1g_g,0.340
Jncex5AVox0,0.340
92q-DokYUCA,0.338
qDZkAyqLlxA,0.337
MYEZY1xLI4Q,0.337
JYsRY4HWfko,0.336
U8diIB4WYqA,0.336
UQQhFgwvmiI,0.336
L1WuhPOUjI4,0.336
f-nrBq6d9D0,0.335
0DbZK8cHukU,0.333
A1WPCBS0zXk,0.332
8gCBkf3RXnM,0.332
T3swadyl6oQ,0.329
mrB86xwKzw0,0.325
ottjDusEfP4,0.323
bioJka-OV2E,0.322
7o86gGJ5pLg,0.322
A-sxeO9LkqI,0.320
Uk8CF4K889U,0.318
88tN4TZiGgs,0.316
Yhp4JXMrW3Q,0.315
si1Fhixj-4s,0.315
EK1FAKSW9vk,0.314
0hPMHhOkViw,0.313
83ZFPVz09jw,0.311
NyZwJ_1vCzY,0.311
ruIXBQE3Peo,0.309
kPG1mypZwFI,0.308
GXcgrSYiM4Q,0.308
uT1klB7_0kA,0.308
aOdR9Cf7ZvM,0.306
5Ddqrsze4Ws,0.306
QJKYvH0uAvE,0.305
inp-bbVW1LY,0.305
g3mRJ1mNI2Y,0.305
zIdzquYXFs4,0.305
wEnmX7I1JPU,0.304
4Gjj66BlJrM,0.304
69B8GpTB4lc,0.303
mF-PFunN2a8,0.302
aevs4ZNHuZs,0.301
GdTh4j8MTQQ,0.300
DcJK_ZMA5CY,0.300
2cgXUEgFSeA,0.300
WP81j1Ewzzg,0.300
0SzGCDolyjU,0.300
oiFePt_eS6U,0.299
Ia8JxLXB7o0,0.298
m_f44O2XUrw,0.298
5cVFI9oAGQk,0.296
Flb8bCywe9I,0.295
i5kVAg3HPxs,0.295
0js9jYt7wSo,0.295
culdbGl8EMs,0.294
b36i0aYDdiE,0.293
HjBHQg2yopM,0.293
NcnR6HnMkZk,0.293
JhYa5Af5D74,0.292
qtIIImWIGaY,0.288
J1C7yU1JVGk,0.288
dKaGK_yE41g,0.287
1ZVnqHUiVtQ,0.286
Kp8YCyTzHh8,0.285
doqXkpunNdo,0.283
CPq_IbAlEZI,0.281
Xjj2spN3az0,0.280
pHTfj_c3UVU,0.279
rhMfYKzaY4U,0.278
4Fy-z1P4iIQ,0.277
3x2gZrSSNME,0.277
OwN1Sh66lvQ,0.277
7cZBXNFWHjk,0.276
3y28KlDQsx4,0.276
s35_pOeJcKU,0.276
H_ZQPLOHOEQ,0.275
Z7UjgdnOFng,0.274
MpI0Fh6j0VY,0.274
2jEXxEAA-ds,0.273
SuxasbB60g0,0.272
RD1VZOs7eLY,0.271
x6e7RPGC5Ks,0.271
YWm2kgbtrqw,0.270
gUzemrmr5mk,0.269
faeCio2rBxM,0.269
eOzDUzJMPlI,0.269
3lWiX8FZfvw,0.267
9i4EzldCmgo,0.267
B1Fcg8zzj0s,0.266
H8nrl5HCmfE,0.264
wXvhm_WSuNs,0.264
agSHPnEbGTQ,0.263
haKsB2qk7qQ,0.263
hS929IK3DiQ,0.261
JHQNXzMWWh8,0.260
m-WlqwSUSiU,0.260
kGoEMPewg8U,0.260
-2Hoc2kIQoE,0.259
bB3V-MOVQFo,0.258
kF7Nhonn0Uw,0.257
7fLHLrwK5Dc,0.257
-R5pHGZgc6c,0.257
GQUYd0GPQQQ,0.255
1yenfavShdQ,0.254
Yy0zqTGI29Q,0.254
nShWp9fLGb8,0.253
cxzEnmOKPkU,0.252
qwp_wlgR6nI,0.252
TIcScC6kDJY,0.252
odoiTeRPP-U,0.252
9MaKiH_yOG8,0.251
x3ejPvdK10A,0.251
cx5U2W-GgKw,0.249
BYlUA0XRgVA,0.247
3ZleTwkfOwo,0.247
bkoBEpSaPLk,0.246
wNPxzK8FLhE,0.244
0_gg-2STC3U,0.243
makf9Qg0iNs,0.242
vMftdK60cBE,0.241
2K0RRrPFtN0,0.241
TF5AEdvdqu4,0.240
Ghm7nlagKqU,0.239
v-34phHZ2_4,0.237
jySZp-mXzlI,0.236
P_M4--LkGhw,0.236
0NqGy3Zwg7c,0.235
P0zKQyFlkWU,0.232
u-YrMFZEZu4,0.231
cZ88cvatSWA,0.230
Kf8HyI79RBo,0.229
_oAuSAuISS4,0.228
7wggX12vcY0,0.227
NxoJUfhTWdA,0.226
B0DlGAF_f7o,0.225
Ntfy4w_qIrU,0.219
0duqri-m2G4,0.219
yEfNVItvznI,0.219
hVQnxdCYHvM,0.216
-u5tVBlMuo8,0.216
XKwnc-s1JS4,0.216
6MPgXwLJRWU,0.215
HMrTgB3xedk,0.215
Sp_4jZ1Tn10,0.214
sJTO9aChLWU,0.211
e5ld2xh8MpE,0.211
NnasVDI6HRE,0.210
Gkx4FhA5aAc,0.209
2uTaeFzcr5I,0.209
ddPyMuj0Fyk,0.208
8pY1GQu85EY,0.208
jpUiOHkTSX4,0.208
jDHAX53fv0E,0.207
I8VYCHck3q8,0.207
zdC7PZiin44,0.205
5nifUxm9s-E,0.205
WR7nEdI5s_s,0.205
dyUs-kvNbDg,0.205
g0U5lO2z7Nw,0.205
oZtyhM1IZMQ,0.204
QwJfBAMci-o,0.203
QHNJuFcz5Nw,0.203
4ybQoFV-Y9I,0.202
6g1U4Po9qJo,0.201
yF1e9vJaGHo,0.198
noMifYS1fVU,0.198
gwIjt0y19tk,0.198
j7NMknTsNLk,0.196
4AbcGPAVS1w,0.195
oOjBF6x-Jds,0.192
wmCmlmem4NY,0.192
tPgXLiCHNWw,0.190
oNXzFneETU0,0.190
SDzIZo2U3Q4,0.189
OfBlAaxRItQ,0.189
omrDNco8S9k,0.189
-onSTaaxgrQ,0.189
Kt3ARW5Er5M,0.184
6yl8BUXxK6M,0.184
lYmWcq67Kx0,0.181
ib7rHguU1X4,0.181
3RsYXicPbfM,0.178
OrygsUQHuWw,0.178
lLPccdf_q1o,0.177
OEat64UF4sc,0.176
yKH7_mesdQI,0.176
7WpURUfvhx0,0.175
aiMCtwYB9uU,0.174
HvyXZKT3bWs,0.174
G01Je-Riezc,0.172
oJT73OidDkg,0.171
eVWcnH07x1o,0.169
-Oytb1nr0a0,0.168
6Zv6pjBLrDE,0.164
2_AUu_ndWB8,0.162
EQkpywvVLzk,0.160
SLHuHnZbuf4,0.159
wyWGf5WJWRE,0.159
r28oxO0twok,0.158
zSwE5gKhDuM,0.156
_HjMnnoCGzU,0.156
SpMstSTwzW8,0.153
leK4rG3fK_I,0.151
nNBbMRadZ-w,0.151
1WeKXO31P-0,0.150
W_hif4AIYME,0.146
V2AqW54YBds,0.144
r2SmMT-dL_c,0.144
3nitl-vRiy8,0.143
pYAZwTOzMh0,0.143
Q-kHLxVty9c,0.143
RfccIlzeHFs,0.143
uFgJbRCv2ew,0.142
3B1ju-57D7M,0.142
bM_eXVWplwk,0.140
newUvZmQBC8,0.139
OfkzQIxmUY0,0.139
LTsfrC1u8rw,0.137
u2TjnsyUsEE,0.135
ZuShRARZ41A,0.130
prVmDt60iXk,0.129
vIL5jPfTzi4,0.128
l2eEc9upp0U,0.125
Qo0TsbInRe0,0.124
vPbvhaTZilc,0.122
hZAUyxhJavY,0.121
mYIboI7GNEg,0.120
cP3vYcj4Ms4,0.120
nuRoX0jIeDM,0.118
OzMb5xIPbSc,0.115
nYH_u1w4lvk,0.114
9Zh7eM5Wn4c,0.114
Emoqg618pOs,0.114
qcThKVzN5jk,0.114
LUs0-ZCu7QM,0.107
Xv3ejcvNkfE,0.106
63TIDRjdLYQ,0.105
2RPGKAbT7YI,0.102
3eVZE9u6NzA,0.102
fxHZhmKanEM,0.101
pxp0uWVP5Ec,0.100
uyMH6e2Fcyg,0.091
qbM8h-_i9uM,0.089
Mb5IULmGONM,0.086
OIDoMl0Ixkg,0.081